"Opponent Team","Total Points","Kick-off Time","Gameweek","modified","Minutes","Goals Scored","Assists","Clean Sheets","Goals Conceded","Own goals","Penalties Saved","Penalties Missed","Yellow Cards","Red Cards","Saves","Bonus","bps","Influence","Creativity","Threat","ICT Threat","clearances_blocks_interceptions","recoveries","tackles","defensive_contribution","Starts","xG","xA","xG Involvements","xG Conceded","Value","Transfer Balance","Selected","Transfers In","Transfers Out","Player ID"
7,6,"2026-08-21T19:00:00Z",1,FALSE,90,0,0,1,0,0,0,0,0,0,1,0,24,"11.8","0.0","0.0","1.2",1,8,0,0,1,"0.00","0.00","0.00","0.20",60,0,3347153,0,0,1
2,6,"2026-08-31T19:00:00Z",2,FALSE,90,0,0,1,0,0,0,0,0,0,0,0,21,"5.6","0.0","0.0","0.6",1,11,0,0,1,"0.00","0.00","0.00","0.33",60,24756,3801300,106734,81978,1
6,3,"2026-09-06T15:30:00Z",3,FALSE,90,0,0,0,1,0,0,0,0,0,4,0,15,"28.8","0.0","0.0","2.9",2,11,0,0,1,"0.00","0.01","0.01","0.39",60,-23780,3887669,204948,228728,1
20,14,"2026-09-12T19:00:00Z",4,FALSE,90,0,0,1,0,0,1,0,0,0,2,3,38,"0.0","0.0","0.0","0.0",2,14,0,0,1,"0.00","0.00","0.00","1.64",60,34449,4195206,249119,214670,1
7,0,"2026-08-21T19:00:00Z",1,FALSE,0,0,0,0,0,0,0,0,0,0,0,0,0,"0.0","0.0","0.0","0.0",0,0,0,0,0,"0.00","0.00","0.00","0.00",50,0,7415,0,0,2
2,0,"2026-08-31T19:00:00Z",2,FALSE,0,0,0,0,0,0,0,0,0,0,0,0,0,"0.0","0.0","0.0","0.0",0,0,0,0,0,"0.00","0.00","0.00","0.00",50,-1067,7844,322,1389,2
6,0,"2026-09-06T15:30:00Z",3,FALSE,0,0,0,0,0,0,0,0,0,0,0,0,0,"0.0","0.0","0.0","0.0",0,0,0,0,0,"0.00","0.00","0.00","0.00",50,-615,8025,599,1214,2
20,0,"2026-09-12T19:00:00Z",4,FALSE,0,0,0,0,0,0,0,0,0,0,0,0,0,"0.0","0.0","0.0","0.0",0,0,0,0,0,"0.00","0.00","0.00","0.00",49,-576,7757,275,851,2
7,0,"2026-08-21T19:00:00Z",1,FALSE,0,0,0,0,0,0,0,0,0,0,0,0,0,"0.0","0.0","0.0","0.0",0,0,0,0,0,"0.00","0.00","0.00","0.00",50,0,2971,0,0,3
2,0,"2026-08-31T19:00:00Z",2,FALSE,0,0,0,0,0,0,0,0,0,0,0,0,0,"0.0","0.0","0.0","0.0",0,0,0,0,0,"0.00","0.00","0.00","0.00",50,-391,3125,101,492,3
6,0,"2026-09-06T15:30:00Z",3,FALSE,0,0,0,0,0,0,0,0,0,0,0,0,0,"0.0","0.0","0.0","0.0",0,0,0,0,0,"0.00","0.00","0.00","0.00",50,-287,3143,172,459,3
20,0,"2026-09-12T19:00:00Z",4,FALSE,0,0,0,0,0,0,0,0,0,0,0,0,0,"0.0","0.0","0.0","0.0",0,0,0,0,0,"0.00","0.00","0.00","0.00",49,-200,3081,108,308,3
7,5,"2026-08-21T19:00:00Z",1,FALSE,90,0,0,1,0,0,0,0,1,0,0,0,21,"6.6","1.8","1.0","0.9",4,2,0,4,1,"0.05","0.01","0.06","0.20",80,0,2647984,0,0,4
2,8,"2026-08-31T19:00:00Z",2,FALSE,90,0,0,1,0,0,0,0,0,0,0,0,23,"18.2","3.2","6.0","2.7",8,5,2,10,1,"0.13","0.02","0.15","0.33",80,-65343,2878770,58765,124108,4
6,2,"2026-09-06T15:30:00Z",3,FALSE,90,0,0,0,1,0,0,0,0,0,0,0,10,"23.6","2.4","76.0","10.2",7,4,0,7,1,"0.31","0.02","0.33","0.39",80,-298759,2590027,46883,345642,4
20,9,"2026-09-12T19:00:00Z",4,FALSE,90,0,0,1,0,0,0,0,1,0,0,2,30,"0.0","0.0","0.0","0.0",10,2,1,11,1,"0.02","0.01","0.03","1.64",80,-197767,2549738,56562,254329,4
7,0,"2026-08-21T19:00:00Z",1,FALSE,0,0,0,0,0,0,0,0,0,0,0,0,0,"0.0","0.0","0.0","0.0",0,0,0,0,0,"0.00","0.00","0.00","0.00",65,0,11200,0,0,5
2,0,"2026-08-31T19:00:00Z",2,FALSE,0,0,0,0,0,0,0,0,0,0,0,0,0,"0.0","0.0","0.0","0.0",0,0,0,0,0,"0.00","0.00","0.00","0.00",65,-2703,9810,401,3104,5
6,0,"2026-09-06T15:30:00Z",3,FALSE,0,0,0,0,0,0,0,0,0,0,0,0,0,"0.0","0.0","0.0","0.0",0,0,0,0,0,"0.00","0.00","0.00","0.00",65,-1892,8594,549,2441,5
20,1,"2026-09-12T19:00:00Z",4,FALSE,45,0,0,0,0,0,0,0,0,0,0,0,3,"0.0","0.0","0.0","0.0",2,4,1,3,0,"0.00","0.01","0.01","1.51",65,-772,8281,618,1390,5
7,0,"2026-08-21T19:00:00Z",1,FALSE,0,0,0,0,0,0,0,0,0,0,0,0,0,"0.0","0.0","0.0","0.0",0,0,0,0,0,"0.00","0.00","0.00","0.00",60,0,26559,0,0,6
2,0,"2026-08-31T19:00:00Z",2,FALSE,0,0,0,0,0,0,0,0,0,0,0,0,0,"0.0","0.0","0.0","0.0",0,0,0,0,0,"0.00","0.00","0.00","0.00",60,-5970,25581,846,6816,6
6,0,"2026-09-06T15:30:00Z",3,FALSE,0,0,0,0,0,0,0,0,0,0,0,0,0,"0.0","0.0","0.0","0.0",0,0,0,0,0,"0.00","0.00","0.00","0.00",60,-4380,23846,1102,5482,6
20,0,"2026-09-12T19:00:00Z",4,FALSE,0,0,0,0,0,0,0,0,0,0,0,0,0,"0.0","0.0","0.0","0.0",0,0,0,0,0,"0.00","0.00","0.00","0.00",59,-2516,22768,735,3251,6
7,3,"2026-08-21T19:00:00Z",1,FALSE,90,0,0,1,0,0,0,0,0,0,0,0,15,"11.0","22.9","7.0","4.1",1,5,1,7,1,"0.06","0.11","0.17","0.20",55,0,55656,0,0,7
2,3,"2026-08-31T19:00:00Z",2,FALSE,70,0,0,1,0,0,0,0,0,0,0,0,15,"10.6","3.2","5.0","1.9",4,1,0,5,1,"0.07","0.02","0.09","0.33",55,642,70615,9693,9051,7
6,2,"2026-09-06T15:30:00Z",3,FALSE,66,0,0,0,1,0,0,0,0,0,0,0,5,"0.0","12.7","4.0","1.0",0,2,0,2,1,"0.03","0.10","0.13","0.26",55,-4641,71335,8849,13490,7
20,1,"2026-09-12T19:00:00Z",4,FALSE,45,0,0,0,0,0,0,0,0,0,0,0,2,"0.0","0.0","0.0","0.0",1,0,0,1,1,"0.00","0.00","0.00","0.13",55,-4212,70499,6908,11120,7
7,9,"2026-08-21T19:00:00Z",1,FALSE,80,0,1,1,0,0,0,0,0,0,0,0,31,"26.0","12.2","4.0","4.2",4,1,1,5,1,"0.04","0.09","0.13","0.06",55,0,3542684,0,0,8
2,11,"2026-08-31T19:00:00Z",2,FALSE,90,0,1,1,0,0,0,0,0,0,0,2,30,"21.2","11.9","9.0","4.2",2,4,1,3,1,"0.11","0.46","0.57","0.33",56,268472,4150694,310105,41633,8
6,2,"2026-09-06T15:30:00Z",3,FALSE,66,0,0,0,1,0,0,0,0,0,0,0,0,"4.4","3.2","26.0","3.4",0,1,1,1,1,"0.39","0.03","0.42","0.26",57,396923,4639050,515479,118556,8
20,6,"2026-09-12T19:00:00Z",4,FALSE,90,0,0,1,0,0,0,0,0,0,0,0,20,"0.0","0.0","0.0","0.0",3,2,1,4,1,"0.06","0.01","0.07","1.64",58,392809,5296821,487524,94715,8
7,1,"2026-08-21T19:00:00Z",1,FALSE,9,0,0,0,0,0,0,0,0,0,0,0,3,"0.4","0.5","0.0","0.1",0,0,0,0,0,"0.00","0.00","0.00","0.15",55,0,165924,0,0,9
2,0,"2026-08-31T19:00:00Z",2,FALSE,0,0,0,0,0,0,0,0,0,0,0,0,0,"0.0","0.0","0.0","0.0",0,0,0,0,0,"0.00","0.00","0.00","0.00",54,-37136,145234,3910,41046,9
6,1,"2026-09-06T15:30:00Z",3,FALSE,23,0,0,0,0,0,0,0,0,0,0,0,3,"6.0","0.5","2.0","0.9",2,0,1,3,0,"0.00","0.00","0.00","0.13",54,-31216,119369,4425,35641,9
20,0,"2026-09-12T19:00:00Z",4,FALSE,0,0,0,0,0,0,0,0,0,0,0,0,0,"0.0","0.0","0.0","0.0",0,0,0,0,0,"0.00","0.00","0.00","0.00",53,-15451,109174,3925,19376,9
7,11,"2026-08-21T19:00:00Z",1,FALSE,90,0,1,1,0,0,0,0,0,0,0,2,37,"33.2","26.8","13.0","7.3",4,3,1,5,1,"0.18","0.21","0.39","0.20",55,0,401419,0,0,10
2,7,"2026-08-31T19:00:00Z",2,FALSE,90,0,0,1,0,0,0,0,0,0,0,1,26,"16.4","20.3","0.0","3.7",3,2,1,4,1,"0.00","0.05","0.05","0.33",55,119886,683136,144941,25055,10
6,2,"2026-09-06T15:30:00Z",3,FALSE,90,0,0,0,1,0,0,0,0,0,0,0,11,"15.8","5.1","10.0","3.1",4,4,2,6,1,"0.00","0.03","0.03","0.39",55,45919,745511,163295,117376,10
20,1,"2026-09-12T19:00:00Z",4,FALSE,45,0,0,0,0,0,0,0,0,0,0,0,4,"0.0","0.0","0.0","0.0",1,0,2,3,1,"0.00","0.00","0.00","0.13",55,6399,815166,123355,116956,10
7,6,"2026-08-21T19:00:00Z",1,FALSE,90,0,0,1,0,0,0,0,0,0,0,0,27,"14.4","0.6","0.0","1.5",6,3,0,6,1,"0.00","0.00","0.00","0.20",55,0,571606,0,0,11
2,6,"2026-08-31T19:00:00Z",2,FALSE,78,0,0,1,0,0,0,0,0,0,0,0,25,"10.2","1.4","0.0","1.2",4,0,0,4,1,"0.00","0.01","0.01","0.33",55,-30539,566006,15410,45949,11
6,0,"2026-09-06T15:30:00Z",3,FALSE,0,0,0,0,0,0,0,0,0,0,0,0,0,"0.0","0.0","0.0","0.0",0,0,0,0,0,"0.00","0.00","0.00","0.00",55,-114822,438589,13546,128368,11
20,0,"2026-09-12T19:00:00Z",4,FALSE,0,0,0,0,0,0,0,0,0,0,0,0,0,"0.0","0.0","0.0","0.0",0,0,0,0,0,"0.00","0.00","0.00","0.00",54,-201802,248830,733,202535,11
7,9,"2026-08-21T19:00:00Z",1,FALSE,67,1,0,1,0,0,0,0,0,0,0,1,36,"42.8","26.1","33.0","10.2",2,4,1,7,1,"0.64","0.08","0.72","0.06",95,0,819914,0,0,12
2,11,"2026-08-31T19:00:00Z",2,FALSE,90,1,0,1,0,0,0,0,0,0,0,3,46,"41.0","8.0","44.0","9.3",3,6,2,11,1,"0.63","0.04","0.67","0.33",95,53683,1039189,88913,35230,12
6,2,"2026-09-06T15:30:00Z",3,FALSE,89,0,0,0,1,0,0,0,0,0,0,0,13,"10.6","27.8","70.0","10.8",1,2,1,4,1,"0.23","0.23","0.46","0.39",95,55091,1160318,156377,101286,12
20,8,"2026-09-12T19:00:00Z",4,FALSE,90,1,0,1,0,0,0,0,0,0,0,0,28,"0.0","0.0","0.0","0.0",2,5,2,9,1,"1.45","0.19","1.64","1.64",95,64680,1257689,213086,148406,12
7,3,"2026-08-21T19:00:00Z",1,FALSE,67,0,0,1,0,0,0,0,0,0,0,0,10,"6.8","6.4","2.0","1.5",3,3,0,6,1,"0.07","0.08","0.15","0.06",75,0,1604406,0,0,13
2,5,"2026-08-31T19:00:00Z",2,FALSE,84,0,0,1,0,0,0,0,0,0,0,0,19,"24.0","27.6","0.0","5.2",2,7,3,12,1,"0.00","0.10","0.10","0.33",75,-122235,1662633,35487,157722,13
6,5,"2026-09-06T15:30:00Z",3,FALSE,90,0,1,0,1,0,0,0,0,0,0,0,22,"33.8","19.9","2.0","5.6",5,1,0,6,1,"0.03","0.08","0.11","0.39",75,-227106,1465517,21785,248891,13
20,6,"2026-09-12T19:00:00Z",4,FALSE,80,0,1,1,0,0,0,0,0,0,0,0,27,"0.0","0.0","0.0","0.0",6,2,1,9,1,"0.00","0.38","0.38","1.20",74,-126667,1379844,25889,152556,13
7,1,"2026-08-21T19:00:00Z",1,FALSE,14,0,0,0,0,0,0,0,0,0,0,0,4,"0.0","1.8","1.0","0.1",0,2,0,2,0,"0.04","0.00","0.04","0.15",65,0,188164,0,0,14
2,1,"2026-08-31T19:00:00Z",2,FALSE,45,0,0,0,0,0,0,0,0,0,0,0,6,"1.6","2.0","2.0","0.6",0,3,0,3,0,"0.00","0.07","0.07","0.24",65,-38776,169814,5716,44492,14
6,0,"2026-09-06T15:30:00Z",3,FALSE,0,0,0,0,0,0,0,0,0,0,0,0,0,"0.0","0.0","0.0","0.0",0,0,0,0,0,"0.00","0.00","0.00","0.00",64,-32301,146059,8271,40572,14
20,1,"2026-09-12T19:00:00Z",4,FALSE,9,0,0,0,0,0,0,0,0,0,0,0,3,"0.0","0.0","0.0","0.0",0,0,0,0,0,"0.00","0.00","0.00","0.44",63,-25833,125433,3906,29739,14
7,11,"2026-08-21T19:00:00Z",1,FALSE,75,1,0,1,0,0,0,0,0,0,0,3,41,"50.6","41.5","31.0","12.3",1,4,3,8,1,"0.21","0.10","0.31","0.06",65,0,717252,0,0,15
2,3,"2026-08-31T19:00:00Z",2,FALSE,70,0,0,1,0,0,0,0,0,0,0,0,13,"6.8","6.8","5.0","1.9",2,1,2,5,1,"0.08","0.07","0.15","0.33",66,252699,1174125,289559,36860,15
6,10,"2026-09-06T15:30:00Z",3,FALSE,76,1,0,0,1,0,0,0,0,0,0,3,47,"45.0","54.2","30.0","12.9",0,3,0,3,1,"0.72","0.88","1.60","0.27",66,-52949,1130521,119653,172602,15
20,3,"2026-09-12T19:00:00Z",4,FALSE,84,0,0,1,0,0,0,0,0,0,0,0,26,"0.0","0.0","0.0","0.0",1,3,1,5,1,"0.00","0.20","0.20","1.64",67,702273,2036643,820232,117959,15
7,1,"2026-08-21T19:00:00Z",1,FALSE,22,0,0,0,0,0,0,0,0,0,0,0,8,"9.4","43.1","0.0","5.3",0,2,0,2,0,"0.00","0.04","0.04","0.15",65,0,30442,0,0,16
2,0,"2026-08-31T19:00:00Z",2,FALSE,0,0,0,0,0,0,0,0,0,0,0,0,0,"0.0","0.0","0.0","0.0",0,0,0,0,0,"0.00","0.00","0.00","0.00",64,-6819,29476,1412,8231,16
6,1,"2026-09-06T15:30:00Z",3,FALSE,1,0,0,0,0,0,0,0,0,0,0,0,3,"2.2","0.8","0.0","0.3",0,0,1,1,0,"0.00","0.01","0.01","0.00",63,-6797,24885,1276,8073,16
20,0,"2026-09-12T19:00:00Z",4,FALSE,0,0,0,0,0,0,0,0,0,0,0,0,0,"0.0","0.0","0.0","0.0",0,0,0,0,0,"0.00","0.00","0.00","0.00",63,-3081,23695,1399,4480,16
7,1,"2026-08-21T19:00:00Z",1,FALSE,14,0,0,0,0,0,0,0,0,0,0,0,5,"3.6","1.2","14.0","1.9",0,2,0,2,0,"0.14","0.02","0.16","0.15",60,0,62671,0,0,17
2,1,"2026-08-31T19:00:00Z",2,FALSE,19,0,0,0,0,0,0,0,0,0,0,0,7,"2.8","1.0","0.0","0.4",0,4,0,4,0,"0.00","0.00","0.00","0.00",60,-12835,58253,2422,15257,17
6,0,"2026-09-06T15:30:00Z",3,FALSE,13,0,0,0,0,0,0,0,1,0,0,0,0,"0.0","1.1","0.0","0.1",0,0,0,0,0,"0.00","0.00","0.00","0.11",59,-10808,51449,3061,13869,17
20,1,"2026-09-12T19:00:00Z",4,FALSE,5,0,0,0,0,0,0,0,0,0,0,0,3,"0.0","0.0","0.0","0.0",0,0,0,0,0,"0.00","0.00","0.00","0.00",58,-7941,46215,1909,9850,17
7,0,"2026-08-21T19:00:00Z",1,FALSE,0,0,0,0,0,0,0,0,0,0,0,0,0,"0.0","0.0","0.0","0.0",0,0,0,0,0,"0.00","0.00","0.00","0.00",65,0,21290,0,0,18
2,0,"2026-08-31T19:00:00Z",2,FALSE,0,0,0,0,0,0,0,0,0,0,0,0,0,"0.0","0.0","0.0","0.0",0,0,0,0,0,"0.00","0.00","0.00","0.00",64,-5718,19331,1318,7036,18
6,0,"2026-09-06T15:30:00Z",3,FALSE,0,0,0,0,0,0,0,0,0,0,0,0,0,"0.0","0.0","0.0","0.0",0,0,0,0,0,"0.00","0.00","0.00","0.00",63,-5441,15232,1165,6606,18
20,0,"2026-09-12T19:00:00Z",4,FALSE,0,0,0,0,0,0,0,0,0,0,0,0,0,"0.0","0.0","0.0","0.0",0,0,0,0,0,"0.00","0.00","0.00","0.00",63,-6160,9183,0,6160,18
7,1,"2026-08-21T19:00:00Z",1,FALSE,22,0,0,0,0,0,0,0,0,0,0,0,3,"3.8","2.3","0.0","0.6",0,2,1,3,0,"0.00","0.02","0.02","0.15",55,0,107568,0,0,19
2,1,"2026-08-31T19:00:00Z",2,FALSE,5,0,0,0,0,0,0,0,0,0,0,0,5,"4.8","0.9","0.0","0.6",0,0,2,2,0,"0.00","0.00","0.00","0.00",55,-19013,94430,1579,20592,19
6,1,"2026-09-06T15:30:00Z",3,FALSE,23,0,0,0,0,0,0,0,0,0,0,0,1,"1.4","0.8","11.0","1.3",4,0,0,4,0,"0.08","0.02","0.10","0.13",54,-16532,80922,3485,20017,19
20,1,"2026-09-12T19:00:00Z",4,FALSE,9,0,0,0,0,0,0,0,0,0,0,0,5,"0.0","0.0","0.0","0.0",0,1,1,2,0,"0.00","0.00","0.00","0.44",54,-11465,71283,1507,12972,19
7,0,"2026-08-21T19:00:00Z",1,FALSE,0,0,0,0,0,0,0,0,0,0,0,0,0,"0.0","0.0","0.0","0.0",0,0,0,0,0,"0.00","0.00","0.00","0.00",55,0,8920,0,0,20
2,0,"2026-08-31T19:00:00Z",2,FALSE,0,0,0,0,0,0,0,0,0,0,0,0,0,"0.0","0.0","0.0","0.0",0,0,0,0,0,"0.00","0.00","0.00","0.00",54,-1857,8233,473,2330,20
6,0,"2026-09-06T15:30:00Z",3,FALSE,0,0,0,0,0,0,0,0,0,0,0,0,0,"0.0","0.0","0.0","0.0",0,0,0,0,0,"0.00","0.00","0.00","0.00",54,-1389,7381,608,1997,20
20,0,"2026-09-12T19:00:00Z",4,FALSE,0,0,0,0,0,0,0,0,0,0,0,0,0,"0.0","0.0","0.0","0.0",0,0,0,0,0,"0.00","0.00","0.00","0.00",53,-713,7072,629,1342,20
8,0,"2026-08-22T14:00:00Z",1,FALSE,0,0,0,0,0,0,0,0,0,0,0,0,0,"0.0","0.0","0.0","0.0",0,0,0,0,0,"0.00","0.00","0.00","0.00",50,0,10920,0,0,21
3,0,"2026-08-29T14:00:00Z",2,FALSE,0,0,0,0,0,0,0,0,0,0,0,0,0,"0.0","0.0","0.0","0.0",0,0,0,0,0,"0.00","0.00","0.00","0.00",50,-2764,8315,102,2866,21
16,0,"2026-09-06T13:00:00Z",3,FALSE,0,0,0,0,0,0,0,0,0,0,0,0,0,"0.0","0.0","0.0","0.0",0,0,0,0,0,"0.00","0.00","0.00","0.00",49,-1962,6444,209,2171,21
19,0,"2026-09-12T16:30:00Z",4,FALSE,0,0,0,0,0,0,0,0,0,0,0,0,0,"0.0","0.0","0.0","0.0",0,0,0,0,0,"0.00","0.00","0.00","0.00",49,-1199,5295,83,1282,21
7,0,"2026-08-21T19:00:00Z",1,FALSE,0,0,0,0,0,0,0,0,0,0,0,0,0,"0.0","0.0","0.0","0.0",0,0,0,0,0,"0.00","0.00","0.00","0.00",55,0,1260,0,0,22
2,0,"2026-08-31T19:00:00Z",2,FALSE,0,0,0,0,0,0,0,0,0,0,0,0,0,"0.0","0.0","0.0","0.0",0,0,0,0,0,"0.00","0.00","0.00","0.00",55,-248,1254,76,324,22
6,0,"2026-09-06T15:30:00Z",3,FALSE,0,0,0,0,0,0,0,0,0,0,0,0,0,"0.0","0.0","0.0","0.0",0,0,0,0,0,"0.00","0.00","0.00","0.00",54,-270,1107,157,427,22
20,0,"2026-09-12T19:00:00Z",4,FALSE,0,0,0,0,0,0,0,0,0,0,0,0,0,"0.0","0.0","0.0","0.0",0,0,0,0,0,"0.00","0.00","0.00","0.00",54,-333,783,0,333,22
7,0,"2026-08-21T19:00:00Z",1,FALSE,0,0,0,0,0,0,0,0,0,0,0,0,0,"0.0","0.0","0.0","0.0",0,0,0,0,0,"0.00","0.00","0.00","0.00",55,0,892,0,0,23
2,0,"2026-08-31T19:00:00Z",2,FALSE,0,0,0,0,0,0,0,0,0,0,0,0,0,"0.0","0.0","0.0","0.0",0,0,0,0,0,"0.00","0.00","0.00","0.00",55,-135,979,80,215,23
6,0,"2026-09-06T15:30:00Z",3,FALSE,0,0,0,0,0,0,0,0,0,0,0,0,0,"0.0","0.0","0.0","0.0",0,0,0,0,0,"0.00","0.00","0.00","0.00",55,-136,972,175,311,23
20,0,"2026-09-12T19:00:00Z",4,FALSE,0,0,0,0,0,0,0,0,0,0,0,0,0,"0.0","0.0","0.0","0.0",0,0,0,0,0,"0.00","0.00","0.00","0.00",55,-265,708,0,265,23
7,0,"2026-08-21T19:00:00Z",1,FALSE,0,0,0,0,0,0,0,0,0,0,0,0,0,"0.0","0.0","0.0","0.0",0,0,0,0,0,"0.00","0.00","0.00","0.00",55,0,853,0,0,24
2,0,"2026-08-31T19:00:00Z",2,FALSE,0,0,0,0,0,0,0,0,0,0,0,0,0,"0.0","0.0","0.0","0.0",0,0,0,0,0,"0.00","0.00","0.00","0.00",55,-108,966,64,172,24
6,0,"2026-09-06T15:30:00Z",3,FALSE,0,0,0,0,0,0,0,0,0,0,0,0,0,"0.0","0.0","0.0","0.0",0,0,0,0,0,"0.00","0.00","0.00","0.00",55,-299,662,4,303,24
20,0,"2026-09-12T19:00:00Z",4,FALSE,0,0,0,0,0,0,0,0,0,0,0,0,0,"0.0","0.0","0.0","0.0",0,0,0,0,0,"0.00","0.00","0.00","0.00",55,-113,565,0,113,24
7,0,"2026-08-21T19:00:00Z",1,FALSE,0,0,0,0,0,0,0,0,0,0,0,0,0,"0.0","0.0","0.0","0.0",0,0,0,0,0,"0.00","0.00","0.00","0.00",75,0,816962,0,0,25
2,0,"2026-08-31T19:00:00Z",2,FALSE,0,0,0,0,0,0,0,0,0,0,0,0,0,"0.0","0.0","0.0","0.0",0,0,0,0,0,"0.00","0.00","0.00","0.00",74,-229353,650596,8776,238129,25
6,1,"2026-09-06T15:30:00Z",3,FALSE,12,0,0,0,0,0,0,0,0,0,0,0,2,"0.0","0.1","0.0","0.0",0,1,0,1,0,"0.00","0.00","0.00","0.11",73,-192830,466852,8161,200991,25
20,0,"2026-09-12T19:00:00Z",4,FALSE,0,0,0,0,0,0,0,0,0,0,0,0,0,"0.0","0.0","0.0","0.0",0,0,0,0,0,"0.00","0.00","0.00","0.00",72,-92048,388876,6130,98178,25
7,6,"2026-08-21T19:00:00Z",1,FALSE,90,1,0,1,0,0,0,0,0,0,0,0,34,"37.2","13.2","25.0","7.5",2,0,0,2,1,"0.26","0.03","0.29","0.20",75,0,468616,0,0,26
2,2,"2026-08-31T19:00:00Z",2,FALSE,90,0,0,1,0,0,0,0,0,0,0,0,5,"2.4","3.4","23.0","2.9",0,5,0,5,1,"0.02","0.03","0.05","0.33",75,148783,752082,187608,38825,26
6,8,"2026-09-06T15:30:00Z",3,FALSE,77,1,0,0,1,0,0,0,0,0,0,2,38,"43.0","37.0","57.0","13.7",1,0,0,1,1,"0.27","0.27","0.54","0.27",75,-68870,686572,72519,141389,26
20,1,"2026-09-12T19:00:00Z",4,FALSE,90,0,0,1,0,0,0,0,1,0,0,0,0,"0.0","0.0","0.0","0.0",1,1,0,2,1,"0.37","0.02","0.39","1.64",75,118477,871717,195764,77287,26
7,0,"2026-08-21T19:00:00Z",1,FALSE,0,0,0,0,0,0,0,0,0,0,0,0,0,"0.0","0.0","0.0","0.0",0,0,0,0,0,"0.00","0.00","0.00","0.00",60,0,31403,0,0,27
2,0,"2026-08-31T19:00:00Z",2,FALSE,0,0,0,0,0,0,0,0,0,0,0,0,0,"0.0","0.0","0.0","0.0",0,0,0,0,0,"0.00","0.00","0.00","0.00",60,-5264,32779,1914,7178,27
6,0,"2026-09-06T15:30:00Z",3,FALSE,0,0,0,0,0,0,0,0,0,0,0,0,0,"0.0","0.0","0.0","0.0",0,0,0,0,0,"0.00","0.00","0.00","0.00",59,-8859,26101,2250,11109,27
20,0,"2026-09-12T19:00:00Z",4,FALSE,0,0,0,0,0,0,0,0,0,0,0,0,0,"0.0","0.0","0.0","0.0",0,0,0,0,0,"0.00","0.00","0.00","0.00",59,-7696,18614,0,7696,27
5,0,"2026-08-23T13:00:00Z",1,FALSE,0,0,0,0,0,0,0,0,0,0,0,0,0,"0.0","0.0","0.0","0.0",0,0,0,0,0,"0.00","0.00","0.00","0.00",50,0,388040,0,0,28
5,2,"2026-08-30T13:00:00Z",2,FALSE,90,0,0,0,3,0,0,0,0,0,4,0,18,"36.2","20.0","0.0","5.6",1,13,0,0,1,"0.00","0.01","0.01","1.41",50,-42289,419555,14876,8115,28
1,3,"2026-09-06T15:30:00Z",3,FALSE,90,0,0,0,2,0,0,0,0,0,8,0,26,"63.2","0.0","0.0","6.3",0,8,0,0,1,"0.00","0.00","0.00","2.05",50,13115,459337,68378,55263,28
11,2,"2026-09-12T14:00:00Z",4,FALSE,90,0,0,0,2,0,0,0,0,0,3,0,10,"0.0","0.0","0.0","0.0",0,10,0,0,1,"0.00","0.00","0.00","1.38",50,68402,564431,119022,50620,28
5,1,"2026-08-23T13:00:00Z",1,FALSE,90,0,0,0,4,0,0,0,0,0,3,0,1,"28.2","0.0","0.0","2.8",2,6,0,0,1,"0.00","0.00","0.00","3.77",45,0,10183,0,0,29
1,0,"2026-08-31T19:00:00Z",2,FALSE,0,0,0,0,0,0,0,0,0,0,0,0,0,"0.0","0.0","0.0","0.0",0,0,0,0,0,"0.00","0.00","0.00","0.00",45,-36,13320,845,881,29
11,0,"2026-09-05T16:30:00Z",3,FALSE,0,0,0,0,0,0,0,0,0,0,0,0,0,"0.0","0.0","0.0","0.0",0,0,0,0,0,"0.00","0.00","0.00","0.00",45,-69,14920,2306,2375,29
18,0,"2026-09-12T14:00:00Z",4,FALSE,0,0,0,0,0,0,0,0,0,0,0,0,0,"0.0","0.0","0.0","0.0",0,0,0,0,0,"0.00","0.00","0.00","0.00",45,-601,14214,1027,1628,29
5,0,"2026-08-23T13:00:00Z",1,FALSE,0,0,0,0,0,0,0,0,0,0,0,0,0,"0.0","0.0","0.0","0.0",0,0,0,0,0,"0.00","0.00","0.00","0.00",45,0,13780,0,0,30
1,0,"2026-08-31T19:00:00Z",2,FALSE,0,0,0,0,0,0,0,0,0,0,0,0,0,"0.0","0.0","0.0","0.0",0,0,0,0,0,"0.00","0.00","0.00","0.00",45,-4977,8690,0,4977,30
11,0,"2026-09-05T16:30:00Z",3,FALSE,0,0,0,0,0,0,0,0,0,0,0,0,0,"0.0","0.0","0.0","0.0",0,0,0,0,0,"0.00","0.00","0.00","0.00",45,-2071,6725,0,2071,30
18,0,"2026-09-12T14:00:00Z",4,FALSE,0,0,0,0,0,0,0,0,0,0,0,0,0,"0.0","0.0","0.0","0.0",0,0,0,0,0,"0.00","0.00","0.00","0.00",45,-932,5846,0,932,30
7,0,"2026-08-21T19:00:00Z",1,FALSE,0,0,0,0,0,0,0,0,0,0,0,0,0,"0.0","0.0","0.0","0.0",0,0,0,0,0,"0.00","0.00","0.00","0.00",45,0,1206127,0,0,31
2,1,"2026-08-31T19:00:00Z",2,FALSE,11,0,0,0,0,0,0,0,0,0,0,0,3,"3.2","0.1","0.0","0.3",1,0,0,1,0,"0.00","0.00","0.00","0.00",45,-179766,1061562,49821,229587,31
6,4,"2026-09-06T15:30:00Z",3,FALSE,90,0,0,0,1,0,0,0,0,0,0,0,15,"19.4","1.4","4.0","2.5",7,5,3,10,1,"0.00","0.01","0.01","0.39",44,71726,1139279,270872,199146,31
20,6,"2026-09-12T19:00:00Z",4,FALSE,90,0,0,1,0,0,0,0,0,0,0,0,16,"0.0","0.0","0.0","0.0",7,1,2,9,1,"0.00","0.00","0.00","1.64",45,612675,1867300,709520,96845,31
5,-1,"2026-08-23T13:00:00Z",1,FALSE,90,0,0,0,4,0,0,0,1,0,0,0,-8,"12.0","1.1","0.0","1.3",5,0,2,7,1,"0.00","0.00","0.00","3.77",45,0,789072,0,0,32
1,2,"2026-08-31T19:00:00Z",2,FALSE,77,0,0,0,1,0,0,0,0,0,0,0,8,"14.0","1.8","7.0","2.3",2,1,4,6,1,"0.15","0.01","0.16","1.04",45,-79349,749133,26978,106327,32
11,6,"2026-09-05T16:30:00Z",3,FALSE,84,0,0,1,0,0,0,0,0,0,0,0,23,"6.4","16.3","6.0","2.9",1,1,0,1,1,"0.00","0.03","0.03","0.22",45,-35679,731987,41628,77307,32
18,0,"2026-09-12T14:00:00Z",4,FALSE,0,0,0,0,0,0,0,0,0,0,0,0,0,"0.0","0.0","0.0","0.0",0,0,0,0,0,"0.00","0.00","0.00","0.00",45,-80882,641566,18781,99663,32
5,1,"2026-08-23T13:00:00Z",1,FALSE,16,0,0,0,0,0,0,0,0,0,0,0,5,"2.0","0.0","0.0","0.2",0,0,1,1,0,"0.00","0.00","0.00","0.22",45,0,29034,0,0,33
1,0,"2026-08-31T19:00:00Z",2,FALSE,0,0,0,0,0,0,0,0,0,0,0,0,0,"0.0","0.0","0.0","0.0",0,0,0,0,0,"0.00","0.00","0.00","0.00",45,-254,38144,3253,3507,33
11,6,"2026-09-05T16:30:00Z",3,FALSE,90,0,0,1,0,0,0,0,0,0,0,0,28,"14.8","4.4","13.0","3.2",4,2,1,5,1,"0.11","0.02","0.13","0.57",45,-2214,38099,2622,4836,33
18,0,"2026-09-12T14:00:00Z",4,FALSE,65,0,0,0,2,0,0,0,1,0,0,0,0,"0.0","0.0","0.0","0.0",4,2,1,5,0,"0.09","0.00","0.09","2.08",45,2788,43024,5312,2524,33
5,0,"2026-08-23T13:00:00Z",1,FALSE,73,0,0,0,4,0,0,0,0,0,0,0,-14,"0.0","0.7","0.0","0.0",5,1,0,5,1,"0.00","0.00","0.00","3.55",45,0,38472,0,0,34
1,2,"2026-08-31T19:00:00Z",2,FALSE,90,0,0,0,1,0,0,0,0,0,0,0,6,"11.0","0.8","0.0","1.2",3,8,1,4,1,"0.00","0.01","0.01","1.04",45,-3229,41549,1831,5060,34
11,0,"2026-09-05T16:30:00Z",3,FALSE,0,0,0,0,0,0,0,0,0,0,0,0,0,"0.0","0.0","0.0","0.0",0,0,0,0,0,"0.00","0.00","0.00","0.00",45,919,46943,5255,4336,34
18,1,"2026-09-12T14:00:00Z",4,FALSE,24,0,0,0,0,0,0,0,0,0,0,0,4,"0.0","0.0","0.0","0.0",0,0,0,0,1,"0.00","0.00","0.00","0.20",45,-1717,43964,3870,5587,34
5,1,"2026-08-23T13:00:00Z",1,FALSE,16,0,0,0,0,0,0,0,0,0,0,0,3,"2.2","0.5","0.0","0.3",1,0,0,1,0,"0.00","0.00","0.00","0.22",50,0,5822,0,0,35
1,0,"2026-08-31T19:00:00Z",2,FALSE,0,0,0,0,0,0,0,0,0,0,0,0,0,"0.0","0.0","0.0","0.0",0,0,0,0,0,"0.00","0.00","0.00","0.00",50,-349,6973,636,985,35
11,0,"2026-09-05T16:30:00Z",3,FALSE,0,0,0,0,0,0,0,0,0,0,0,0,0,"0.0","0.0","0.0","0.0",0,0,0,0,0,"0.00","0.00","0.00","0.00",50,-311,7284,945,1256,35
18,0,"2026-09-12T14:00:00Z",4,FALSE,0,0,0,0,0,0,0,0,0,0,0,0,0,"0.0","0.0","0.0","0.0",0,0,0,0,0,"0.00","0.00","0.00","0.00",50,-440,7155,686,1126,35
5,0,"2026-08-23T13:00:00Z",1,FALSE,81,0,0,0,4,0,0,0,0,0,0,0,-9,"9.2","0.8","3.0","1.3",7,2,2,9,1,"0.03","0.00","0.03","3.62",45,0,71952,0,0,36
1,1,"2026-08-31T19:00:00Z",2,FALSE,90,0,0,0,1,0,0,0,1,0,0,0,-5,"4.8","0.5","12.0","1.7",5,2,3,8,1,"0.07","0.00","0.07","1.04",45,-6312,72655,2546,8858,36
11,7,"2026-09-05T16:30:00Z",3,FALSE,74,0,0,1,0,0,0,0,0,0,0,1,29,"10.6","19.8","4.0","3.4",2,0,1,3,1,"0.00","0.42","0.42","0.22",45,2667,83194,11292,8625,36
18,1,"2026-09-12T14:00:00Z",4,FALSE,90,0,0,0,2,0,0,0,0,0,0,0,7,"0.0","0.0","0.0","0.0",3,6,1,4,1,"0.18","0.03","0.21","1.66",45,10444,92419,17456,7012,36
5,-2,"2026-08-23T13:00:00Z",1,FALSE,90,0,0,0,4,1,0,0,0,0,0,0,-13,"1.8","0.1","0.0","0.2",3,1,0,3,1,"0.00","0.00","0.00","3.77",45,0,24630,0,0,37
1,2,"2026-08-31T19:00:00Z",2,FALSE,90,0,0,0,1,0,0,0,0,0,0,0,10,"15.0","1.2","0.0","1.6",6,1,1,7,1,"0.00","0.08","0.08","1.04",45,-2236,27172,1775,4011,37
11,6,"2026-09-05T16:30:00Z",3,FALSE,90,0,0,1,0,0,0,0,0,0,0,0,28,"22.4","24.9","2.0","4.9",4,3,0,4,1,"0.00","0.08","0.08","0.57",45,216,29725,3211,2995,37
18,1,"2026-09-12T14:00:00Z",4,FALSE,90,0,0,0,2,0,0,0,0,0,0,0,2,"0.0","0.0","0.0","0.0",2,0,0,2,1,"0.44","0.01","0.45","2.28",45,3012,33974,5112,2100,37
5,0,"2026-08-23T13:00:00Z",1,FALSE,0,0,0,0,0,0,0,0,0,0,0,0,0,"0.0","0.0","0.0","0.0",0,0,0,0,0,"0.00","0.00","0.00","0.00",40,0,157304,0,0,38
1,0,"2026-08-31T19:00:00Z",2,FALSE,0,0,0,0,0,0,0,0,0,0,0,0,0,"0.0","0.0","0.0","0.0",0,0,0,0,0,"0.00","0.00","0.00","0.00",40,-6584,167046,7339,13923,38
11,0,"2026-09-05T16:30:00Z",3,FALSE,0,0,0,0,0,0,0,0,0,0,0,0,0,"0.0","0.0","0.0","0.0",0,0,0,0,0,"0.00","0.00","0.00","0.00",40,-506,187661,16171,16677,38
18,0,"2026-09-12T14:00:00Z",4,FALSE,0,0,0,0,0,0,0,0,0,0,0,0,0,"0.0","0.0","0.0","0.0",0,0,0,0,0,"0.00","0.00","0.00","0.00",40,-4343,183834,12784,17127,38
5,0,"2026-08-23T13:00:00Z",1,FALSE,0,0,0,0,0,0,0,0,0,0,0,0,0,"0.0","0.0","0.0","0.0",0,0,0,0,0,"0.00","0.00","0.00","0.00",40,0,29043,0,0,39
1,0,"2026-08-31T19:00:00Z",2,FALSE,0,0,0,0,0,0,0,0,0,0,0,0,0,"0.0","0.0","0.0","0.0",0,0,0,0,0,"0.00","0.00","0.00","0.00",40,-7238,21591,0,7238,39
11,0,"2026-09-05T16:30:00Z",3,FALSE,0,0,0,0,0,0,0,0,0,0,0,0,0,"0.0","0.0","0.0","0.0",0,0,0,0,0,"0.00","0.00","0.00","0.00",40,-3988,17687,0,3988,39
18,0,"2026-09-12T14:00:00Z",4,FALSE,0,0,0,0,0,0,0,0,0,0,0,0,0,"0.0","0.0","0.0","0.0",0,0,0,0,0,"0.00","0.00","0.00","0.00",40,-2186,15637,0,2186,39
10,8,"2026-08-24T19:00:00Z",1,FALSE,81,1,0,0,2,0,0,0,0,0,0,1,37,"48.8","53.5","29.0","13.1",0,5,2,7,1,"0.96","0.10","1.06","1.24",75,0,2178086,0,0,40
5,5,"2026-08-30T13:00:00Z",2,FALSE,90,0,1,0,3,0,0,0,0,0,0,0,28,"26.8","46.5","23.0","9.6",1,3,1,5,1,"0.14","1.01","1.15","1.41",75,180102,2607781,251851,71749,40
1,6,"2026-09-06T15:30:00Z",3,FALSE,86,1,0,0,2,0,0,0,1,0,0,0,22,"30.2","13.6","16.0","6.0",0,5,0,5,1,"0.08","0.03","0.11","2.05",75,-110434,2472597,211550,321984,40
11,8,"2026-09-12T14:00:00Z",4,FALSE,90,1,0,0,2,0,0,0,0,0,0,1,31,"0.0","0.0","0.0","0.0",0,4,2,6,1,"0.21","0.02","0.23","1.38",76,1039938,3834585,1168508,128570,40
5,2,"2026-08-23T13:00:00Z",1,FALSE,85,0,0,0,4,0,0,0,0,0,0,0,4,"0.0","16.3","8.0","2.2",3,3,1,7,1,"0.13","0.09","0.22","3.62",60,0,120830,0,0,41
1,2,"2026-08-31T19:00:00Z",2,FALSE,90,0,0,0,1,0,0,0,0,0,0,0,9,"5.0","13.2","9.0","2.7",0,4,1,5,1,"0.04","0.02","0.06","1.04",60,-16866,114718,5020,21886,41
11,3,"2026-09-05T16:30:00Z",3,FALSE,74,0,0,1,0,0,0,0,0,0,0,0,2,"0.0","10.8","7.0","1.4",0,2,0,2,1,"0.61","0.05","0.66","0.22",60,-3519,128636,20598,24117,41
18,2,"2026-09-12T14:00:00Z",4,FALSE,62,0,0,0,1,0,0,0,0,0,0,0,8,"0.0","0.0","0.0","0.0",0,5,0,5,1,"0.00","0.01","0.01","1.42",59,-5900,111856,15961,21861,41
9,1,"2026-08-22T14:00:00Z",1,FALSE,27,0,0,0,0,0,0,0,0,0,0,0,3,"3.2","1.8","7.0","1.2",0,0,1,1,0,"0.03","0.02","0.05","0.14",55,0,3238,0,0,42
15,1,"2026-08-28T19:00:00Z",2,FALSE,27,0,0,0,1,0,0,0,0,0,0,0,3,"2.2","0.3","0.0","0.3",1,0,0,1,0,"0.00","0.01","0.01","0.20",55,-140,4594,483,623,42
10,0,"2026-09-05T14:00:00Z",3,FALSE,0,0,0,0,0,0,0,0,0,0,0,0,0,"0.0","0.0","0.0","0.0",0,0,0,0,0,"0.00","0.00","0.00","0.00",55,-422,4367,556,978,42
12,0,"2026-09-12T14:00:00Z",4,FALSE,0,0,0,0,0,0,0,0,0,0,0,0,0,"0.0","0.0","0.0","0.0",0,0,0,0,0,"0.00","0.00","0.00","0.00",55,-33,4659,935,968,42
11,2,"2026-08-22T11:30:00Z",1,FALSE,66,0,0,0,2,0,0,0,0,0,0,0,13,"5.0","11.3","4.0","2.0",0,5,0,5,1,"0.04","0.11","0.15","0.94",60,0,224637,0,0,43
12,4,"2026-08-30T15:30:00Z",2,FALSE,90,0,0,0,2,0,0,0,0,0,0,0,26,"33.2","46.3","20.0","10.0",4,7,2,13,1,"0.47","0.11","0.58","2.06",60,-23073,232262,12631,35704,43
9,2,"2026-09-06T13:00:00Z",3,FALSE,90,0,0,0,2,0,0,0,0,0,0,0,17,"18.6","18.9","9.0","4.7",2,5,0,7,1,"0.05","0.06","0.11","1.01",59,-38742,201931,12766,51508,43
15,0,"2026-09-13T15:30:00Z",4,FALSE,0,0,0,0,0,0,0,0,0,0,0,0,0,"0.0","0.0","0.0","0.0",0,0,0,0,0,"0.00","0.00","0.00","0.00",59,-30355,177688,7880,38235,43
5,0,"2026-08-23T13:00:00Z",1,FALSE,0,0,0,0,0,0,0,0,0,0,0,0,0,"0.0","0.0","0.0","0.0",0,0,0,0,0,"0.00","0.00","0.00","0.00",55,0,12940,0,0,44
1,0,"2026-08-31T19:00:00Z",2,FALSE,0,0,0,0,0,0,0,0,0,0,0,0,0,"0.0","0.0","0.0","0.0",0,0,0,0,0,"0.00","0.00","0.00","0.00",55,-1655,14192,1002,2657,44
11,0,"2026-09-05T16:30:00Z",3,FALSE,0,0,0,0,0,0,0,0,0,0,0,0,0,"0.0","0.0","0.0","0.0",0,0,0,0,0,"0.00","0.00","0.00","0.00",54,-2630,12237,1094,3724,44
18,0,"2026-09-12T14:00:00Z",4,FALSE,0,0,0,0,0,0,0,0,0,0,0,0,0,"0.0","0.0","0.0","0.0",0,0,0,0,0,"0.00","0.00","0.00","0.00",54,-4702,7592,0,4702,44
5,1,"2026-08-23T13:00:00Z",1,FALSE,81,0,0,0,4,0,0,0,1,0,0,0,8,"1.6","2.4","1.0","0.5",2,3,1,6,1,"0.04","0.01","0.05","3.62",55,0,290994,0,0,45
1,1,"2026-08-31T19:00:00Z",2,FALSE,90,0,0,0,1,0,0,0,1,0,0,0,2,"0.0","12.0","10.0","1.7",1,2,1,4,1,"0.05","0.05","0.10","1.04",55,-37047,274653,7606,44653,45
11,3,"2026-09-05T16:30:00Z",3,FALSE,90,0,0,1,0,0,0,0,0,0,0,0,6,"1.4","5.6","4.0","1.1",1,2,2,5,1,"0.68","0.03","0.71","0.57",54,-27591,252885,16891,44482,45
18,6,"2026-09-12T14:00:00Z",4,FALSE,90,0,1,0,2,0,0,0,0,0,0,1,30,"0.0","0.0","0.0","0.0",2,6,1,9,1,"0.00","0.11","0.11","2.28",54,-12721,243800,20520,33241,45
5,2,"2026-08-23T13:00:00Z",1,FALSE,73,0,0,0,4,0,0,0,0,0,0,0,11,"9.4","21.4","7.0","3.8",1,0,0,1,1,"0.10","0.02","0.12","3.55",50,0,20508,0,0,46
1,2,"2026-08-31T19:00:00Z",2,FALSE,77,0,0,0,1,0,0,0,0,0,0,0,23,"12.8","23.3","2.0","3.8",1,6,3,10,1,"0.03","0.02","0.05","1.04",50,-841,23246,1875,2716,46
11,3,"2026-09-05T16:30:00Z",3,FALSE,90,0,0,1,0,0,0,0,0,0,0,0,15,"13.6","34.1","15.0","6.3",2,4,0,6,1,"0.22","0.09","0.31","0.57",50,1735,27497,5744,4009,46
18,2,"2026-09-12T14:00:00Z",4,FALSE,62,0,0,0,1,0,0,0,0,0,0,0,14,"0.0","0.0","0.0","0.0",0,3,4,7,1,"0.03","0.01","0.04","1.42",50,1496,29642,5244,3748,46
5,2,"2026-08-23T13:00:00Z",1,FALSE,90,0,0,0,4,0,0,0,0,0,0,0,9,"11.2","2.8","0.0","1.4",3,2,2,7,1,"0.00","0.00","0.00","3.77",50,0,31172,0,0,47
1,2,"2026-08-31T19:00:00Z",2,FALSE,90,0,0,0,1,0,0,0,0,0,0,0,13,"10.6","14.2","0.0","2.5",3,4,1,8,1,"0.00","0.03","0.03","1.04",50,-2250,33591,2489,4739,47
11,3,"2026-09-05T16:30:00Z",3,FALSE,90,0,0,1,0,0,0,0,0,0,0,0,20,"13.6","26.2","0.0","4.0",3,6,1,10,1,"0.00","0.07","0.07","0.57",50,-720,35132,5061,5781,47
18,2,"2026-09-12T14:00:00Z",4,FALSE,90,0,0,0,2,0,0,0,0,0,0,0,17,"0.0","0.0","0.0","0.0",1,1,3,5,1,"0.00","0.05","0.05","2.28",50,-1023,34935,3671,4694,47
5,0,"2026-08-23T13:00:00Z",1,FALSE,0,0,0,0,0,0,0,0,0,0,0,0,0,"0.0","0.0","0.0","0.0",0,0,0,0,0,"0.00","0.00","0.00","0.00",50,0,2081,0,0,48
1,0,"2026-08-31T19:00:00Z",2,FALSE,0,0,0,0,0,0,0,0,0,0,0,0,0,"0.0","0.0","0.0","0.0",0,0,0,0,0,"0.00","0.00","0.00","0.00",50,-372,2156,157,529,48
11,0,"2026-09-05T16:30:00Z",3,FALSE,0,0,0,0,0,0,0,0,0,0,0,0,0,"0.0","0.0","0.0","0.0",0,0,0,0,0,"0.00","0.00","0.00","0.00",50,-430,1852,140,570,48
18,0,"2026-09-12T14:00:00Z",4,FALSE,0,0,0,0,0,0,0,0,0,0,0,0,0,"0.0","0.0","0.0","0.0",0,0,0,0,0,"0.00","0.00","0.00","0.00",50,-160,1757,108,268,48
5,0,"2026-08-23T13:00:00Z",1,FALSE,0,0,0,0,0,0,0,0,0,0,0,0,0,"0.0","0.0","0.0","0.0",0,0,0,0,0,"0.00","0.00","0.00","0.00",50,0,394,0,0,49
1,0,"2026-08-31T19:00:00Z",2,FALSE,0,0,0,0,0,0,0,0,0,0,0,0,0,"0.0","0.0","0.0","0.0",0,0,0,0,0,"0.00","0.00","0.00","0.00",50,-120,271,0,120,49
11,0,"2026-09-05T16:30:00Z",3,FALSE,0,0,0,0,0,0,0,0,0,0,0,0,0,"0.0","0.0","0.0","0.0",0,0,0,0,0,"0.00","0.00","0.00","0.00",50,-63,211,0,63,49
18,0,"2026-09-12T14:00:00Z",4,FALSE,0,0,0,0,0,0,0,0,0,0,0,0,0,"0.0","0.0","0.0","0.0",0,0,0,0,0,"0.00","0.00","0.00","0.00",50,-22,188,0,22,49
5,0,"2026-08-23T13:00:00Z",1,FALSE,0,0,0,0,0,0,0,0,0,0,0,0,0,"0.0","0.0","0.0","0.0",0,0,0,0,0,"0.00","0.00","0.00","0.00",45,0,60228,0,0,50
1,0,"2026-08-31T19:00:00Z",2,FALSE,0,0,0,0,0,0,0,0,0,0,0,0,0,"0.0","0.0","0.0","0.0",0,0,0,0,0,"0.00","0.00","0.00","0.00",45,-3255,64781,3513,6768,50
11,0,"2026-09-05T16:30:00Z",3,FALSE,0,0,0,0,0,0,0,0,0,0,0,0,0,"0.0","0.0","0.0","0.0",0,0,0,0,0,"0.00","0.00","0.00","0.00",45,-408,72806,8705,9113,50
18,0,"2026-09-12T14:00:00Z",4,FALSE,0,0,0,0,0,0,0,0,0,0,0,0,0,"0.0","0.0","0.0","0.0",0,0,0,0,0,"0.00","0.00","0.00","0.00",45,-1967,71444,6646,8613,50
5,2,"2026-08-23T13:00:00Z",1,FALSE,90,0,0,0,4,0,0,0,0,0,0,0,12,"10.6","11.6","2.0","2.4",0,2,3,5,1,"0.00","0.00","0.00","3.77",45,0,60759,0,0,51
1,2,"2026-08-31T19:00:00Z",2,FALSE,70,0,0,0,1,0,0,0,0,0,0,0,5,"1.8","4.3","0.0","0.6",0,4,2,6,1,"0.00","0.01","0.01","1.01",45,3259,72550,8743,5484,51
11,3,"2026-09-05T16:30:00Z",3,FALSE,74,0,0,1,0,0,0,0,0,0,0,0,12,"10.8","13.5","21.0","4.5",2,4,1,7,1,"0.07","0.14","0.21","0.22",45,21970,110782,36405,14435,51
18,1,"2026-09-12T14:00:00Z",4,FALSE,45,0,0,0,0,0,0,0,0,0,0,0,3,"0.0","0.0","0.0","0.0",1,0,0,1,1,"0.00","0.01","0.01","0.39",45,30719,147009,53459,22740,51
5,1,"2026-08-23T13:00:00Z",1,FALSE,8,0,0,0,0,0,0,0,0,0,0,0,5,"4.0","0.0","0.0","0.4",1,1,1,3,0,"0.00","0.00","0.00","0.14",50,0,3792,0,0,52
1,0,"2026-08-31T19:00:00Z",2,FALSE,19,0,0,0,0,0,0,0,1,0,0,0,2,"1.2","0.8","2.0","0.4",0,1,1,2,0,"0.00","0.00","0.00","0.02",50,-253,4426,343,596,52
11,1,"2026-09-05T16:30:00Z",3,FALSE,15,0,0,0,0,0,0,0,0,0,0,0,3,"0.2","1.8","0.0","0.2",0,1,0,1,0,"0.00","0.00","0.00","0.35",50,-102,4733,827,929,52
18,6,"2026-09-12T14:00:00Z",4,FALSE,45,1,0,0,2,0,0,0,0,0,0,0,24,"0.0","0.0","0.0","0.0",1,1,0,2,0,"0.06","0.00","0.06","1.89",50,-205,4724,508,713,52
5,0,"2026-08-23T13:00:00Z",1,FALSE,0,0,0,0,0,0,0,0,0,0,0,0,0,"0.0","0.0","0.0","0.0",0,0,0,0,0,"0.00","0.00","0.00","0.00",60,0,26624,0,0,53
1,0,"2026-08-31T19:00:00Z",2,FALSE,0,0,0,0,0,0,0,0,0,0,0,0,0,"0.0","0.0","0.0","0.0",0,0,0,0,0,"0.00","0.00","0.00","0.00",60,-8558,18618,232,8790,53
11,0,"2026-09-05T16:30:00Z",3,FALSE,0,0,0,0,0,0,0,0,0,0,0,0,0,"0.0","0.0","0.0","0.0",0,0,0,0,0,"0.00","0.00","0.00","0.00",59,-4708,14230,341,5049,53
18,1,"2026-09-12T14:00:00Z",4,FALSE,27,0,0,0,1,0,0,0,0,0,0,0,3,"0.0","0.0","0.0","0.0",0,1,1,2,0,"0.00","0.08","0.08","0.86",59,-1220,13307,570,1790,53
5,-2,"2026-08-23T13:00:00Z",1,FALSE,39,0,0,0,4,0,0,0,0,1,0,0,-2,"1.0","11.0","0.0","1.2",1,2,4,7,1,"0.00","0.01","0.01","2.58",55,0,6573,0,0,54
1,0,"2026-08-31T19:00:00Z",2,FALSE,0,0,0,0,0,0,0,0,0,0,0,0,0,"0.0","0.0","0.0","0.0",0,0,0,0,0,"0.00","0.00","0.00","0.00",55,-1729,5096,154,1883,54
11,0,"2026-09-05T16:30:00Z",3,FALSE,0,0,0,0,0,0,0,0,0,0,0,0,0,"0.0","0.0","0.0","0.0",0,0,0,0,0,"0.00","0.00","0.00","0.00",55,-1095,4112,90,1185,54
18,0,"2026-09-12T14:00:00Z",4,FALSE,0,0,0,0,0,0,0,0,0,0,0,0,0,"0.0","0.0","0.0","0.0",0,0,0,0,0,"0.00","0.00","0.00","0.00",55,-383,3819,131,514,54
5,0,"2026-08-23T13:00:00Z",1,FALSE,0,0,0,0,0,0,0,0,0,0,0,0,0,"0.0","0.0","0.0","0.0",0,0,0,0,0,"0.00","0.00","0.00","0.00",80,0,898121,0,0,55
1,0,"2026-08-31T19:00:00Z",2,FALSE,0,0,0,0,0,0,0,0,0,0,0,0,0,"0.0","0.0","0.0","0.0",0,0,0,0,0,"0.00","0.00","0.00","0.00",79,-265828,734872,10632,276460,55
11,0,"2026-09-05T16:30:00Z",3,FALSE,0,0,0,0,0,0,0,0,0,0,0,0,0,"0.0","0.0","0.0","0.0",0,0,0,0,0,"0.00","0.00","0.00","0.00",78,-305129,433685,4250,309379,55
18,0,"2026-09-12T14:00:00Z",4,FALSE,0,0,0,0,0,0,0,0,0,0,0,0,0,"0.0","0.0","0.0","0.0",0,0,0,0,0,"0.00","0.00","0.00","0.00",78,-126292,317753,0,126292,55
5,0,"2026-08-23T13:00:00Z",1,FALSE,0,0,0,0,0,0,0,0,0,0,0,0,0,"0.0","0.0","0.0","0.0",0,0,0,0,0,"0.00","0.00","0.00","0.00",55,0,11764,0,0,56
1,1,"2026-08-31T19:00:00Z",2,FALSE,19,0,0,0,0,0,0,0,0,0,0,0,3,"0.0","1.3","0.0","0.1",0,0,0,0,0,"0.00","0.00","0.00","0.02",55,-2086,10592,597,2683,56
11,1,"2026-09-05T16:30:00Z",3,FALSE,5,0,0,0,0,0,0,0,0,0,0,0,3,"2.0","1.0","0.0","0.3",0,0,1,1,0,"0.00","0.00","0.00","0.35",55,2174,14917,4925,2751,56
18,1,"2026-09-12T14:00:00Z",4,FALSE,45,0,0,0,2,0,0,0,0,0,0,0,4,"0.0","0.0","0.0","0.0",0,1,0,1,0,"0.00","0.00","0.00","1.89",55,1369,17325,4186,2817,56
15,2,"2026-08-23T13:00:00Z",1,FALSE,90,0,0,0,2,0,0,0,0,0,4,0,13,"36.8","0.0","0.0","3.7",2,5,0,0,1,"0.00","0.00","0.00","2.25",45,0,288326,0,0,57
9,3,"2026-08-29T14:00:00Z",2,FALSE,90,0,0,0,1,0,0,0,0,0,5,0,20,"33.8","0.0","0.0","3.4",3,8,0,0,1,"0.00","0.00","0.00","1.84",45,11325,332768,25378,14053,57
17,1,"2026-09-05T11:30:00Z",3,FALSE,90,0,0,0,2,0,0,0,0,0,0,0,0,"3.4","0.0","0.0","0.3",1,8,0,0,1,"0.00","0.00","0.00","0.71",45,11030,349425,45982,34952,57
4,1,"2026-09-12T14:00:00Z",4,FALSE,90,0,0,0,2,0,0,0,0,0,0,0,0,"0.0","0.0","0.0","0.0",0,10,0,0,1,"0.00","0.00","0.00","0.50",45,-9622,346097,27504,37126,57
15,0,"2026-08-23T13:00:00Z",1,FALSE,0,0,0,0,0,0,0,0,0,0,0,0,0,"0.0","0.0","0.0","0.0",0,0,0,0,0,"0.00","0.00","0.00","0.00",40,0,283903,0,0,58
9,0,"2026-08-29T14:00:00Z",2,FALSE,0,0,0,0,0,0,0,0,0,0,0,0,0,"0.0","0.0","0.0","0.0",0,0,0,0,0,"0.00","0.00","0.00","0.00",40,-1091,317899,9562,10653,58
17,0,"2026-09-05T11:30:00Z",3,FALSE,0,0,0,0,0,0,0,0,0,0,0,0,0,"0.0","0.0","0.0","0.0",0,0,0,0,0,"0.00","0.00","0.00","0.00",40,17023,371559,38348,21325,58
4,0,"2026-09-12T14:00:00Z",4,FALSE,0,0,0,0,0,0,0,0,0,0,0,0,0,"0.0","0.0","0.0","0.0",0,0,0,0,0,"0.00","0.00","0.00","0.00",40,14555,383559,38779,24224,58
15,0,"2026-08-23T13:00:00Z",1,FALSE,0,0,0,0,0,0,0,0,0,0,0,0,0,"0.0","0.0","0.0","0.0",0,0,0,0,0,"0.00","0.00","0.00","0.00",40,0,16822,0,0,59
9,0,"2026-08-29T14:00:00Z",2,FALSE,0,0,0,0,0,0,0,0,0,0,0,0,0,"0.0","0.0","0.0","0.0",0,0,0,0,0,"0.00","0.00","0.00","0.00",40,-384,18847,1133,1517,59
17,0,"2026-09-05T11:30:00Z",3,FALSE,0,0,0,0,0,0,0,0,0,0,0,0,0,"0.0","0.0","0.0","0.0",0,0,0,0,0,"0.00","0.00","0.00","0.00",40,-2784,15695,0,2784,59
4,0,"2026-09-12T14:00:00Z",4,FALSE,0,0,0,0,0,0,0,0,0,0,0,0,0,"0.0","0.0","0.0","0.0",0,0,0,0,0,"0.00","0.00","0.00","0.00",40,-1608,14269,0,1608,59
15,1,"2026-08-23T13:00:00Z",1,FALSE,90,0,0,0,2,0,0,0,0,0,0,0,0,"11.6","0.3","0.0","1.2",5,1,1,6,1,"0.00","0.00","0.00","2.25",55,0,72436,0,0,60
9,4,"2026-08-29T14:00:00Z",2,FALSE,90,0,0,0,1,0,0,0,0,0,0,0,19,"25.6","21.0","4.0","5.1",9,3,3,12,1,"0.00","0.74","0.74","1.84",55,2412,89428,9153,6741,60
17,1,"2026-09-05T11:30:00Z",3,FALSE,90,0,0,0,2,0,0,0,0,0,0,0,4,"16.8","31.5","2.0","5.0",6,1,0,6,1,"0.00","0.02","0.02","0.71",55,-4574,87381,7094,11668,60
4,2,"2026-09-12T14:00:00Z",4,FALSE,90,0,0,0,2,0,0,0,1,0,0,0,5,"0.0","0.0","0.0","0.0",10,3,1,11,1,"0.00","0.01","0.01","0.50",55,-2382,89044,8173,10555,60
15,1,"2026-08-23T13:00:00Z",1,FALSE,90,0,0,0,2,0,0,0,0,0,0,0,0,"15.4","1.3","0.0","1.7",5,7,2,7,1,"0.00","0.00","0.00","2.25",55,0,392050,0,0,61
9,4,"2026-08-29T14:00:00Z",2,FALSE,90,0,0,0,1,0,0,0,0,0,0,2,27,"27.8","23.7","4.0","5.6",7,6,2,9,1,"0.00","0.07","0.07","1.84",55,-5220,417325,20601,25821,61
17,0,"2026-09-05T11:30:00Z",3,FALSE,90,0,0,0,2,0,0,0,1,0,0,0,-3,"10.2","15.7","2.0","2.8",3,5,3,6,1,"0.01","0.06","0.07","0.71",55,-30205,387734,11879,42084,61
4,3,"2026-09-12T14:00:00Z",4,FALSE,90,0,0,0,2,0,0,0,0,0,0,0,23,"0.0","0.0","0.0","0.0",8,3,8,16,1,"0.08","0.10","0.18","0.50",55,-33011,362027,12869,45880,61
15,0,"2026-08-23T13:00:00Z",1,FALSE,0,0,0,0,0,0,0,0,0,0,0,0,0,"0.0","0.0","0.0","0.0",0,0,0,0,0,"0.00","0.00","0.00","0.00",50,0,15573,0,0,62
9,0,"2026-08-29T14:00:00Z",2,FALSE,0,0,0,0,0,0,0,0,0,0,0,0,0,"0.0","0.0","0.0","0.0",0,0,0,0,0,"0.00","0.00","0.00","0.00",50,401,19940,2722,2321,62
17,0,"2026-09-05T11:30:00Z",3,FALSE,0,0,0,0,0,0,0,0,0,0,0,0,0,"0.0","0.0","0.0","0.0",0,0,0,0,0,"0.00","0.00","0.00","0.00",50,-2153,18773,1710,3863,62
4,0,"2026-09-12T14:00:00Z",4,FALSE,0,0,0,0,0,0,0,0,0,0,0,0,0,"0.0","0.0","0.0","0.0",0,0,0,0,0,"0.00","0.00","0.00","0.00",50,-1343,18147,1310,2653,62
15,0,"2026-08-23T13:00:00Z",1,FALSE,0,0,0,0,0,0,0,0,0,0,0,0,0,"0.0","0.0","0.0","0.0",0,0,0,0,0,"0.00","0.00","0.00","0.00",50,0,1122,0,0,63
9,0,"2026-08-29T14:00:00Z",2,FALSE,0,0,0,0,0,0,0,0,0,0,0,0,0,"0.0","0.0","0.0","0.0",0,0,0,0,0,"0.00","0.00","0.00","0.00",50,-222,1026,74,296,63
17,0,"2026-09-05T11:30:00Z",3,FALSE,0,0,0,0,0,0,0,0,0,0,0,0,0,"0.0","0.0","0.0","0.0",0,0,0,0,0,"0.00","0.00","0.00","0.00",50,-154,919,88,242,63
4,0,"2026-09-12T14:00:00Z",4,FALSE,0,0,0,0,0,0,0,0,0,0,0,0,0,"0.0","0.0","0.0","0.0",0,0,0,0,0,"0.00","0.00","0.00","0.00",50,-94,852,70,164,63
15,1,"2026-08-23T13:00:00Z",1,FALSE,90,0,0,0,2,0,0,0,0,0,0,0,4,"7.0","0.6","0.0","0.8",4,3,1,5,1,"0.00","0.00","0.00","2.25",45,0,8561,0,0,64
9,1,"2026-08-29T14:00:00Z",2,FALSE,90,0,0,0,1,0,0,0,1,0,0,0,5,"15.6","15.7","0.0","3.1",4,0,2,6,1,"0.00","0.02","0.02","1.84",45,1827,13789,2845,1018,64
17,0,"2026-09-05T11:30:00Z",3,FALSE,90,0,0,0,2,0,0,0,1,0,0,0,3,"9.6","25.3","4.0","3.9",3,6,1,4,1,"0.01","0.04","0.05","0.71",45,-461,13869,1630,2091,64
4,0,"2026-09-12T14:00:00Z",4,FALSE,90,0,0,0,2,0,0,0,1,0,0,0,-1,"0.0","0.0","0.0","0.0",5,4,1,6,1,"0.00","0.01","0.01","0.50",45,-233,14155,1505,1738,64
15,0,"2026-08-23T13:00:00Z",1,FALSE,0,0,0,0,0,0,0,0,0,0,0,0,0,"0.0","0.0","0.0","0.0",0,0,0,0,0,"0.00","0.00","0.00","0.00",45,0,1775,0,0,65
9,0,"2026-08-29T14:00:00Z",2,FALSE,0,0,0,0,0,0,0,0,0,0,0,0,0,"0.0","0.0","0.0","0.0",0,0,0,0,0,"0.00","0.00","0.00","0.00",45,-418,1571,88,506,65
17,0,"2026-09-05T11:30:00Z",3,FALSE,0,0,0,0,0,0,0,0,0,0,0,0,0,"0.0","0.0","0.0","0.0",0,0,0,0,0,"0.00","0.00","0.00","0.00",45,-270,1391,96,366,65
4,0,"2026-09-12T14:00:00Z",4,FALSE,0,0,0,0,0,0,0,0,0,0,0,0,0,"0.0","0.0","0.0","0.0",0,0,0,0,0,"0.00","0.00","0.00","0.00",44,-117,1303,99,216,65
15,0,"2026-08-23T13:00:00Z",1,FALSE,0,0,0,0,0,0,0,0,0,0,0,0,0,"0.0","0.0","0.0","0.0",0,0,0,0,0,"0.00","0.00","0.00","0.00",40,0,19739,0,0,66
9,0,"2026-08-29T14:00:00Z",2,FALSE,0,0,0,0,0,0,0,0,0,0,0,0,0,"0.0","0.0","0.0","0.0",0,0,0,0,0,"0.00","0.00","0.00","0.00",40,-2011,18565,416,2427,66
17,0,"2026-09-05T11:30:00Z",3,FALSE,0,0,0,0,0,0,0,0,0,0,0,0,0,"0.0","0.0","0.0","0.0",0,0,0,0,0,"0.00","0.00","0.00","0.00",40,3691,30657,6046,2355,66
4,0,"2026-09-12T14:00:00Z",4,FALSE,0,0,0,0,0,0,0,0,0,0,0,0,0,"0.0","0.0","0.0","0.0",0,0,0,0,0,"0.00","0.00","0.00","0.00",40,1583,31214,4282,2699,66
15,2,"2026-08-23T13:00:00Z",1,FALSE,88,0,0,0,1,0,0,0,0,0,0,0,9,"6.2","11.3","17.0","3.5",1,0,0,1,1,"0.04","0.03","0.07","2.06",65,0,242374,0,0,67
9,2,"2026-08-29T14:00:00Z",2,FALSE,90,0,0,0,1,0,0,0,0,0,0,0,4,"8.6","3.5","44.0","5.6",1,3,1,5,1,"0.40","0.02","0.42","1.84",65,1501,276541,23680,22179,67
17,2,"2026-09-05T11:30:00Z",3,FALSE,88,0,0,0,2,0,0,0,0,0,0,0,8,"1.6","0.9","10.0","1.3",1,0,1,2,1,"0.04","0.01","0.05","0.66",65,-48316,230133,11708,60024,67
4,2,"2026-09-12T14:00:00Z",4,FALSE,81,0,0,0,2,0,0,0,0,0,0,0,7,"0.0","0.0","0.0","0.0",2,0,1,3,1,"0.39","0.02","0.41","0.39",64,-33384,202880,8549,41933,67
15,10,"2026-08-23T13:00:00Z",1,FALSE,90,1,0,0,2,0,0,0,0,0,0,3,32,"40.0","17.2","18.0","7.5",2,4,2,8,1,"0.40","0.08","0.48","2.25",60,0,139421,0,0,68
9,1,"2026-08-29T14:00:00Z",2,FALSE,90,0,0,0,1,0,0,0,1,0,0,0,20,"15.0","38.3","11.0","6.4",1,6,4,11,1,"0.09","0.21","0.30","1.84",60,74776,254437,87207,12431,68
17,10,"2026-09-05T11:30:00Z",3,FALSE,88,1,0,0,2,0,0,0,0,0,0,3,43,"46.6","13.2","77.0","13.7",0,8,1,9,1,"1.01","0.05","1.06","0.66",60,-21585,230783,28263,49848,68
4,8,"2026-09-12T14:00:00Z",4,FALSE,82,1,0,0,2,0,0,0,1,0,0,2,44,"0.0","0.0","0.0","0.0",2,5,1,8,1,"0.20","0.47","0.67","0.39",60,125960,417515,177420,51460,68
15,2,"2026-08-23T13:00:00Z",1,FALSE,90,0,0,0,2,0,0,0,0,0,0,0,17,"11.4","4.8","0.0","1.6",1,6,4,11,1,"0.00","0.01","0.01","2.25",60,0,134668,0,0,69
9,12,"2026-08-29T14:00:00Z",2,FALSE,86,1,0,1,0,0,0,0,1,0,0,3,39,"47.6","32.1","21.0","10.1",3,9,3,15,1,"0.26","0.27","0.53","1.71",60,-4366,145926,8520,12886,69
17,10,"2026-09-05T11:30:00Z",3,FALSE,90,0,2,0,2,0,0,0,0,0,0,2,37,"13.4","22.9","12.0","4.8",5,6,0,11,1,"0.07","0.02","0.09","0.71",60,39114,210299,56885,17771,69
4,4,"2026-09-12T14:00:00Z",4,FALSE,90,0,0,0,2,0,0,0,0,0,0,0,19,"0.0","0.0","0.0","0.0",6,7,2,15,1,"0.19","0.05","0.24","0.50",61,324036,657646,386435,62399,69
15,3,"2026-08-23T13:00:00Z",1,FALSE,74,0,0,1,0,0,0,0,0,0,0,0,15,"11.0","14.3","17.0","4.2",1,5,3,9,1,"0.11","0.00","0.11","1.94",60,0,96045,0,0,70
9,3,"2026-08-29T14:00:00Z",2,FALSE,80,0,0,1,0,0,0,0,0,0,0,0,12,"11.2","26.9","57.0","9.5",0,5,0,5,1,"0.61","0.05","0.66","1.67",60,6731,123176,16321,9590,70
17,1,"2026-09-05T11:30:00Z",3,FALSE,75,0,0,0,1,0,0,0,1,0,0,0,6,"0.0","2.0","3.0","0.2",0,3,1,4,1,"0.06","0.01","0.07","0.48",60,-12692,113173,10830,23522,70
4,8,"2026-09-12T14:00:00Z",4,FALSE,65,1,0,0,2,0,0,0,0,0,0,1,31,"0.0","0.0","0.0","0.0",1,3,0,4,1,"0.21","0.02","0.23","0.39",60,-12026,104989,8665,20691,70
15,3,"2026-08-23T13:00:00Z",1,FALSE,75,0,0,1,0,0,0,0,0,0,0,0,8,"4.6","2.1","0.0","0.7",3,3,1,7,1,"0.00","0.00","0.00","1.94",50,0,13065,0,0,71
9,3,"2026-08-29T14:00:00Z",2,FALSE,68,0,0,1,0,0,0,0,0,0,0,0,13,"3.8","12.8","0.0","1.7",0,2,0,2,1,"0.00","0.01","0.01","1.67",50,1552,18237,3259,1707,71
17,1,"2026-09-05T11:30:00Z",3,FALSE,14,0,0,0,1,0,0,0,0,0,0,0,2,"0.0","0.3","0.0","0.0",1,0,0,1,0,"0.00","0.00","0.00","0.23",50,2757,23118,6600,3843,71
4,0,"2026-09-12T14:00:00Z",4,FALSE,8,0,0,0,0,0,0,0,1,0,0,0,-1,"0.0","0.0","0.0","0.0",2,0,0,2,0,"0.00","0.00","0.00","0.11",50,-1358,21878,2134,3492,71
15,1,"2026-08-23T13:00:00Z",1,FALSE,1,0,0,0,1,0,0,0,0,0,0,0,3,"0.2","0.1","2.0","0.2",0,1,0,1,0,"0.00","0.00","0.00","0.19",50,0,7889,0,0,72
9,0,"2026-08-29T14:00:00Z",2,FALSE,0,0,0,0,0,0,0,0,0,0,0,0,0,"0.0","0.0","0.0","0.0",0,0,0,0,0,"0.00","0.00","0.00","0.00",50,-468,8171,365,833,72
17,1,"2026-09-05T11:30:00Z",3,FALSE,1,0,0,0,0,0,0,0,0,0,0,0,3,"2.0","0.5","5.0","0.8",0,1,1,2,0,"0.02","0.00","0.02","0.05",50,-1165,7170,384,1549,72
4,1,"2026-09-12T14:00:00Z",4,FALSE,8,0,0,0,0,0,0,0,0,0,0,0,6,"0.0","0.0","0.0","0.0",0,3,1,4,0,"0.10","0.03","0.13","0.11",49,-612,6799,413,1025,72
15,1,"2026-08-23T13:00:00Z",1,FALSE,15,0,0,0,2,0,0,0,0,0,0,0,4,"3.6","0.6","0.0","0.4",3,0,0,3,0,"0.00","0.00","0.00","0.31",50,0,19512,0,0,73
9,1,"2026-08-29T14:00:00Z",2,FALSE,21,0,0,0,1,0,0,0,0,0,0,0,4,"1.6","1.3","0.0","0.3",0,3,0,3,0,"0.00","0.00","0.00","0.16",50,177,22708,3032,2855,73
17,4,"2026-09-05T11:30:00Z",3,FALSE,75,0,0,0,1,0,0,0,0,0,0,0,15,"12.2","11.5","0.0","2.4",1,8,3,12,1,"0.00","0.01","0.01","0.48",50,897,26019,5588,4691,73
4,2,"2026-09-12T14:00:00Z",4,FALSE,81,0,0,0,2,0,0,0,0,0,0,0,16,"0.0","0.0","0.0","0.0",3,5,2,10,1,"0.03","0.02","0.05","0.39",50,2015,29708,5594,3579,73
15,0,"2026-08-23T13:00:00Z",1,FALSE,0,0,0,0,0,0,0,0,0,0,0,0,0,"0.0","0.0","0.0","0.0",0,0,0,0,0,"0.00","0.00","0.00","0.00",50,0,4610,0,0,74
9,1,"2026-08-29T14:00:00Z",2,FALSE,9,0,0,0,1,0,0,0,0,0,0,0,3,"0.0","1.6","0.0","0.1",0,0,0,0,0,"0.00","0.01","0.01","0.16",50,-93,5133,602,695,74
17,1,"2026-09-05T11:30:00Z",3,FALSE,14,0,0,0,1,0,0,0,0,0,0,0,2,"0.0","0.0","0.0","0.0",0,0,0,0,0,"0.00","0.00","0.00","0.23",50,292,5938,1296,1004,74
4,0,"2026-09-12T14:00:00Z",4,FALSE,7,0,0,0,0,0,0,0,1,0,0,0,-1,"0.0","0.0","0.0","0.0",2,1,0,3,0,"0.00","0.00","0.00","0.11",50,-81,6000,781,862,74
15,0,"2026-08-23T13:00:00Z",1,FALSE,0,0,0,0,0,0,0,0,0,0,0,0,0,"0.0","0.0","0.0","0.0",0,0,0,0,0,"0.00","0.00","0.00","0.00",50,0,1007,0,0,75
9,1,"2026-08-29T14:00:00Z",2,FALSE,3,0,0,0,1,0,0,0,0,0,0,0,5,"2.8","0.3","0.0","0.3",0,1,1,2,0,"0.00","0.00","0.00","0.13",50,364,1962,560,196,75
17,1,"2026-09-05T11:30:00Z",3,FALSE,1,0,0,0,0,0,0,0,0,0,0,0,3,"0.0","0.0","0.0","0.0",0,0,0,0,0,"0.00","0.00","0.00","0.00",50,522,2833,1038,516,75
4,1,"2026-09-12T14:00:00Z",4,FALSE,24,0,0,0,0,0,0,0,0,0,0,0,7,"0.0","0.0","0.0","0.0",3,4,0,7,0,"0.00","0.12","0.12","0.11",50,542,3640,1116,574,75
15,1,"2026-08-23T13:00:00Z",1,FALSE,15,0,0,0,2,0,0,0,0,0,0,0,5,"2.8","0.6","0.0","0.3",0,1,1,2,0,"0.00","0.00","0.00","0.31",50,0,1238,0,0,76
9,0,"2026-08-29T14:00:00Z",2,FALSE,0,0,0,0,0,0,0,0,0,0,0,0,0,"0.0","0.0","0.0","0.0",0,0,0,0,0,"0.00","0.00","0.00","0.00",50,-46,1576,100,146,76
17,0,"2026-09-05T11:30:00Z",3,FALSE,0,0,0,0,0,0,0,0,0,0,0,0,0,"0.0","0.0","0.0","0.0",0,0,0,0,0,"0.00","0.00","0.00","0.00",50,-108,1563,123,231,76
4,0,"2026-09-12T14:00:00Z",4,FALSE,0,0,0,0,0,0,0,0,0,0,0,0,0,"0.0","0.0","0.0","0.0",0,0,0,0,0,"0.00","0.00","0.00","0.00",50,-138,1498,72,210,76
15,0,"2026-08-23T13:00:00Z",1,FALSE,0,0,0,0,0,0,0,0,0,0,0,0,0,"0.0","0.0","0.0","0.0",0,0,0,0,0,"0.00","0.00","0.00","0.00",50,0,3087,0,0,77
9,0,"2026-08-29T14:00:00Z",2,FALSE,0,0,0,0,0,0,0,0,0,0,0,0,0,"0.0","0.0","0.0","0.0",0,0,0,0,0,"0.00","0.00","0.00","0.00",50,-922,2226,54,976,77
17,0,"2026-09-05T11:30:00Z",3,FALSE,0,0,0,0,0,0,0,0,0,0,0,0,0,"0.0","0.0","0.0","0.0",0,0,0,0,0,"0.00","0.00","0.00","0.00",49,-491,1803,136,627,77
4,0,"2026-09-12T14:00:00Z",4,FALSE,0,0,0,0,0,0,0,0,0,0,0,0,0,"0.0","0.0","0.0","0.0",0,0,0,0,0,"0.00","0.00","0.00","0.00",49,-275,1557,54,329,77
15,0,"2026-08-23T13:00:00Z",1,FALSE,0,0,0,0,0,0,0,0,0,0,0,0,0,"0.0","0.0","0.0","0.0",0,0,0,0,0,"0.00","0.00","0.00","0.00",75,0,42378,0,0,78
9,0,"2026-08-29T14:00:00Z",2,FALSE,0,0,0,0,0,0,0,0,0,0,0,0,0,"0.0","0.0","0.0","0.0",0,0,0,0,0,"0.00","0.00","0.00","0.00",75,-12946,30734,462,13408,78
17,0,"2026-09-05T11:30:00Z",3,FALSE,0,0,0,0,0,0,0,0,0,0,0,0,0,"0.0","0.0","0.0","0.0",0,0,0,0,0,"0.00","0.00","0.00","0.00",74,-7714,23655,246,7960,78
4,0,"2026-09-12T14:00:00Z",4,FALSE,0,0,0,0,0,0,0,0,0,0,0,0,0,"0.0","0.0","0.0","0.0",0,0,0,0,0,"0.00","0.00","0.00","0.00",74,-3124,21026,197,3321,78
15,4,"2026-08-23T13:00:00Z",1,FALSE,74,0,1,1,0,0,0,0,1,0,0,0,17,"19.4","11.9","2.0","3.3",4,3,1,8,1,"0.00","0.21","0.21","1.94",60,0,200122,0,0,79
9,5,"2026-08-29T14:00:00Z",2,FALSE,80,0,1,1,0,0,0,0,0,0,0,0,11,"15.0","22.2","22.0","5.9",1,2,0,3,1,"0.58","0.04","0.62","1.67",60,53599,300527,72625,19026,79
17,2,"2026-09-05T11:30:00Z",3,FALSE,90,0,0,0,2,0,0,0,0,0,0,0,4,"3.2","5.1","21.0","2.9",4,3,0,7,1,"0.13","0.01","0.14","0.71",60,26119,336364,69571,43452,79
4,5,"2026-09-12T14:00:00Z",4,FALSE,90,0,1,0,2,0,0,0,0,0,0,0,22,"0.0","0.0","0.0","0.0",1,3,0,4,1,"0.00","0.25","0.25","0.48",60,3494,349369,48861,45367,79
15,0,"2026-08-23T13:00:00Z",1,FALSE,0,0,0,0,0,0,0,0,0,0,0,0,0,"0.0","0.0","0.0","0.0",0,0,0,0,0,"0.00","0.00","0.00","0.00",55,0,3581,0,0,80
9,0,"2026-08-29T14:00:00Z",2,FALSE,0,0,0,0,0,0,0,0,0,0,0,0,0,"0.0","0.0","0.0","0.0",0,0,0,0,0,"0.00","0.00","0.00","0.00",55,-1070,2487,0,1070,80
17,0,"2026-09-05T11:30:00Z",3,FALSE,0,0,0,0,0,0,0,0,0,0,0,0,0,"0.0","0.0","0.0","0.0",0,0,0,0,0,"0.00","0.00","0.00","0.00",55,-522,1977,0,522,80
4,0,"2026-09-12T14:00:00Z",4,FALSE,0,0,0,0,0,0,0,0,0,0,0,0,0,"0.0","0.0","0.0","0.0",0,0,0,0,0,"0.00","0.00","0.00","0.00",55,-219,1781,0,219,80
15,0,"2026-08-23T13:00:00Z",1,FALSE,0,0,0,0,0,0,0,0,0,0,0,0,0,"0.0","0.0","0.0","0.0",0,0,0,0,0,"0.00","0.00","0.00","0.00",60,0,9051,0,0,81
9,1,"2026-08-29T14:00:00Z",2,FALSE,9,0,0,0,1,0,0,0,0,0,0,0,4,"0.0","0.0","0.0","0.0",0,1,0,1,0,"0.00","0.00","0.00","0.16",60,-182,11569,1000,1182,81
17,0,"2026-09-05T11:30:00Z",3,FALSE,0,0,0,0,0,0,0,0,0,0,0,0,0,"0.0","0.0","0.0","0.0",0,0,0,0,0,"0.00","0.00","0.00","0.00",60,-398,12281,1521,1919,81
4,1,"2026-09-12T14:00:00Z",4,FALSE,1,0,0,0,0,0,0,0,0,0,0,0,3,"0.0","0.0","0.0","0.0",0,0,0,0,0,"0.00","0.00","0.00","0.02",60,-409,12593,1247,1656,81
19,7,"2026-08-22T16:30:00Z",1,FALSE,90,0,0,1,0,0,0,0,0,0,4,0,34,"31.4","0.0","0.0","3.1",0,5,0,0,1,"0.00","0.01","0.01","0.57",50,0,513912,0,0,82
13,2,"2026-08-30T13:00:00Z",2,FALSE,90,0,0,0,1,0,0,0,0,0,1,0,7,"9.4","0.0","0.0","0.9",2,4,0,0,1,"0.00","0.00","0.00","1.46",50,54510,649790,74434,19924,82
20,2,"2026-09-05T14:00:00Z",3,FALSE,90,0,0,0,1,0,0,0,0,0,2,0,10,"16.8","0.0","0.0","1.7",2,6,0,0,1,"0.00","0.00","0.00","1.71",50,54758,832099,113703,58945,82
3,3,"2026-09-12T14:00:00Z",4,FALSE,90,0,0,0,2,0,0,0,0,0,8,0,19,"0.0","0.0","0.0","0.0",1,11,0,0,1,"0.00","0.00","0.00","1.75",50,-23973,702931,34374,58347,82
19,0,"2026-08-22T16:30:00Z",1,FALSE,0,0,0,0,0,0,0,0,0,0,0,0,0,"0.0","0.0","0.0","0.0",0,0,0,0,0,"0.00","0.00","0.00","0.00",45,0,9667,0,0,83
13,0,"2026-08-30T13:00:00Z",2,FALSE,0,0,0,0,0,0,0,0,0,0,0,0,0,"0.0","0.0","0.0","0.0",0,0,0,0,0,"0.00","0.00","0.00","0.00",45,-248,10896,642,890,83
20,0,"2026-09-05T14:00:00Z",3,FALSE,0,0,0,0,0,0,0,0,0,0,0,0,0,"0.0","0.0","0.0","0.0",0,0,0,0,0,"0.00","0.00","0.00","0.00",45,-432,11246,975,1407,83
3,0,"2026-09-12T14:00:00Z",4,FALSE,0,0,0,0,0,0,0,0,0,0,0,0,0,"0.0","0.0","0.0","0.0",0,0,0,0,0,"0.00","0.00","0.00","0.00",45,-438,10856,631,1069,83
19,6,"2026-08-22T16:30:00Z",1,FALSE,90,0,0,1,0,0,0,0,0,0,0,0,21,"11.6","21.5","17.0","5.0",3,3,0,3,1,"0.34","0.04","0.38","0.57",55,0,156847,0,0,84
13,3,"2026-08-30T13:00:00Z",2,FALSE,90,0,0,0,1,0,0,0,1,0,0,0,14,"28.0","0.9","34.0","6.3",11,8,2,13,1,"0.17","0.01","0.18","1.46",55,15716,207535,25089,9373,84
20,1,"2026-09-05T14:00:00Z",3,FALSE,16,0,0,0,0,0,0,0,0,0,0,0,4,"1.0","0.0","0.0","0.1",1,0,0,1,1,"0.00","0.00","0.00","0.10",55,11591,271484,32175,20584,84
3,0,"2026-09-12T14:00:00Z",4,FALSE,0,0,0,0,0,0,0,0,0,0,0,0,0,"0.0","0.0","0.0","0.0",0,0,0,0,0,"0.00","0.00","0.00","0.00",55,-76756,146784,1251,78007,84
19,0,"2026-08-22T16:30:00Z",1,FALSE,0,0,0,0,0,0,0,0,0,0,0,0,0,"0.0","0.0","0.0","0.0",0,0,0,0,0,"0.00","0.00","0.00","0.00",50,0,14391,0,0,85
13,0,"2026-08-30T13:00:00Z",2,FALSE,0,0,0,0,0,0,0,0,0,0,0,0,0,"0.0","0.0","0.0","0.0",0,0,0,0,0,"0.00","0.00","0.00","0.00",50,-3978,10710,145,4123,85
20,0,"2026-09-05T14:00:00Z",3,FALSE,0,0,0,0,0,0,0,0,0,0,0,0,0,"0.0","0.0","0.0","0.0",0,0,0,0,0,"0.00","0.00","0.00","0.00",49,-2342,8510,121,2463,85
3,0,"2026-09-12T14:00:00Z",4,FALSE,0,0,0,0,0,0,0,0,0,0,0,0,0,"0.0","0.0","0.0","0.0",0,0,0,0,0,"0.00","0.00","0.00","0.00",49,-1184,7443,70,1254,85
19,10,"2026-08-22T16:30:00Z",1,FALSE,90,1,0,1,0,0,0,0,0,0,0,2,37,"47.2","15.9","19.0","8.2",4,5,1,10,1,"0.77","0.12","0.89","0.57",55,0,38558,0,0,86
13,6,"2026-08-30T13:00:00Z",2,FALSE,87,0,1,0,1,0,0,0,0,0,0,1,29,"38.4","31.6","2.0","7.2",3,6,2,11,1,"0.02","0.13","0.15","1.46",55,45826,116486,52542,6716,86
20,2,"2026-09-05T14:00:00Z",3,FALSE,90,0,0,0,1,0,0,0,0,0,0,0,4,"8.2","45.1","22.0","7.5",4,1,1,6,1,"0.24","0.40","0.64","1.71",55,74882,235201,101209,26327,86
3,1,"2026-09-12T14:00:00Z",4,FALSE,59,0,0,0,2,0,0,0,0,0,0,0,0,"0.0","0.0","0.0","0.0",1,0,1,2,1,"0.03","0.13","0.16","1.25",55,-6193,223550,26643,32836,86
19,8,"2026-08-22T16:30:00Z",1,FALSE,90,0,0,1,0,0,0,0,0,0,0,0,29,"20.0","0.9","35.0","5.6",8,3,2,10,1,"0.11","0.02","0.13","0.57",45,0,318142,0,0,87
13,3,"2026-08-30T13:00:00Z",2,FALSE,90,0,0,0,1,0,0,0,1,0,0,0,7,"37.8","21.0","2.0","6.1",17,2,0,17,1,"0.00","0.01","0.01","1.46",45,56076,412431,69978,13902,87
20,2,"2026-09-05T14:00:00Z",3,FALSE,90,0,0,0,1,0,0,0,0,0,0,0,8,"11.8","0.3","0.0","1.2",5,2,0,5,1,"0.00","0.00","0.00","1.71",45,112523,610187,174453,61930,87
3,1,"2026-09-12T14:00:00Z",4,FALSE,90,0,0,0,2,0,0,0,0,0,0,0,0,"0.0","0.0","0.0","0.0",7,1,2,9,1,"0.02","0.00","0.02","1.75",45,-51781,479881,52109,103890,87
19,13,"2026-08-22T16:30:00Z",1,FALSE,75,1,0,1,0,0,0,0,0,0,0,1,36,"33.8","1.5","46.0","8.1",4,5,0,4,1,"0.50","0.00","0.50","0.47",45,0,282611,0,0,88
13,2,"2026-08-30T13:00:00Z",2,FALSE,87,0,0,0,1,0,0,0,0,0,0,0,9,"14.4","16.0","8.0","3.8",3,4,1,4,1,"0.02","0.21","0.23","1.46",46,289643,778776,310803,21160,88
20,1,"2026-09-05T14:00:00Z",3,FALSE,45,0,0,0,0,0,0,0,0,0,0,0,2,"7.6","0.3","2.0","1.0",5,2,0,5,1,"0.03","0.00","0.03","0.35",46,121903,1044649,201513,79610,88
3,1,"2026-09-12T14:00:00Z",4,FALSE,19,0,0,0,0,0,0,0,0,0,0,0,5,"0.0","0.0","0.0","0.0",1,1,0,1,0,"0.00","0.15","0.15","0.41",46,-58707,934432,52146,110853,88
19,0,"2026-08-22T16:30:00Z",1,FALSE,0,0,0,0,0,0,0,0,0,0,0,0,0,"0.0","0.0","0.0","0.0",0,0,0,0,0,"0.00","0.00","0.00","0.00",45,0,22322,0,0,89
13,1,"2026-08-30T13:00:00Z",2,FALSE,2,0,0,0,0,0,0,0,0,0,0,0,3,"0.0","0.0","0.0","0.0",0,0,0,0,0,"0.00","0.00","0.00","0.00",45,-1602,24226,544,2146,89
20,0,"2026-09-05T14:00:00Z",3,FALSE,0,0,0,0,0,0,0,0,0,0,0,0,0,"0.0","0.0","0.0","0.0",0,0,0,0,0,"0.00","0.00","0.00","0.00",45,-1641,22909,561,2202,89
3,0,"2026-09-12T14:00:00Z",4,FALSE,0,0,0,0,0,0,0,0,0,0,0,0,0,"0.0","0.0","0.0","0.0",0,0,0,0,0,"0.00","0.00","0.00","0.00",45,-1693,21461,309,2002,89
19,1,"2026-08-22T16:30:00Z",1,FALSE,14,0,0,0,0,0,0,0,0,0,0,0,2,"0.0","0.3","0.0","0.0",0,2,0,0,0,"0.00","0.00","0.00","0.10",45,0,5416,0,0,90
13,1,"2026-08-30T13:00:00Z",2,FALSE,2,0,0,0,0,0,0,0,0,0,0,0,6,"4.0","4.1","0.0","0.8",0,0,1,1,0,"0.00","0.02","0.02","0.00",45,83,7643,623,540,90
20,1,"2026-09-05T14:00:00Z",3,FALSE,45,0,0,0,1,0,0,0,0,0,0,0,0,"7.6","1.0","0.0","0.9",4,2,1,5,0,"0.00","0.00","0.00","1.36",45,-239,7835,653,892,90
3,1,"2026-09-12T14:00:00Z",4,FALSE,70,0,0,0,2,0,0,0,0,0,0,0,4,"0.0","0.0","0.0","0.0",5,4,2,7,1,"0.03","0.03","0.06","1.33",45,-402,7602,309,711,90
19,0,"2026-08-22T16:30:00Z",1,FALSE,0,0,0,0,0,0,0,0,0,0,0,0,0,"0.0","0.0","0.0","0.0",0,0,0,0,0,"0.00","0.00","0.00","0.00",45,0,7000,0,0,91
11,1,"2026-08-29T14:00:00Z",2,FALSE,12,0,0,0,1,0,0,0,0,0,0,0,-1,"3.8","0.7","0.0","0.5",2,0,0,2,0,"0.00","0.00","0.00","0.54",45,-397,7757,574,971,91
15,3,"2026-09-05T14:00:00Z",3,FALSE,90,0,0,0,1,0,0,0,1,0,0,0,3,"18.2","0.0","6.0","2.4",12,2,1,13,1,"0.11","0.00","0.11","2.12",45,-811,7182,505,1316,91
5,0,"2026-09-13T13:00:00Z",4,FALSE,0,0,0,0,0,0,0,0,0,0,0,0,0,"0.0","0.0","0.0","0.0",0,0,0,0,0,"0.00","0.00","0.00","0.00",45,-82,7467,688,770,91
19,0,"2026-08-22T16:30:00Z",1,FALSE,0,0,0,0,0,0,0,0,0,0,0,0,0,"0.0","0.0","0.0","0.0",0,0,0,0,0,"0.00","0.00","0.00","0.00",45,0,1635,0,0,92
13,0,"2026-08-30T13:00:00Z",2,FALSE,0,0,0,0,0,0,0,0,0,0,0,0,0,"0.0","0.0","0.0","0.0",0,0,0,0,0,"0.00","0.00","0.00","0.00",45,-86,1940,112,198,92
20,0,"2026-09-05T14:00:00Z",3,FALSE,0,0,0,0,0,0,0,0,0,0,0,0,0,"0.0","0.0","0.0","0.0",0,0,0,0,0,"0.00","0.00","0.00","0.00",45,-133,1937,151,284,92
3,0,"2026-09-12T14:00:00Z",4,FALSE,0,0,0,0,0,0,0,0,0,0,0,0,0,"0.0","0.0","0.0","0.0",0,0,0,0,0,"0.00","0.00","0.00","0.00",45,-125,1896,102,227,92
19,0,"2026-08-22T16:30:00Z",1,FALSE,0,0,0,0,0,0,0,0,0,0,0,0,0,"0.0","0.0","0.0","0.0",0,0,0,0,0,"0.00","0.00","0.00","0.00",45,0,15125,0,0,93
13,0,"2026-08-30T13:00:00Z",2,FALSE,0,0,0,0,0,0,0,0,0,0,0,0,0,"0.0","0.0","0.0","0.0",0,0,0,0,0,"0.00","0.00","0.00","0.00",45,-1064,16511,142,1206,93
20,4,"2026-09-05T14:00:00Z",3,FALSE,73,0,0,0,1,0,0,0,0,0,0,0,11,"17.2","0.2","4.0","2.1",10,0,0,10,0,"0.10","0.01","0.11","1.61",45,-1306,15267,166,1472,93
3,3,"2026-09-12T14:00:00Z",4,FALSE,90,0,0,0,2,0,0,0,0,0,0,0,5,"0.0","0.0","0.0","0.0",10,3,2,12,1,"0.00","0.01","0.01","1.75",45,170,15722,905,735,93
19,3,"2026-08-22T16:30:00Z",1,FALSE,90,0,0,1,0,0,0,0,0,0,0,0,17,"14.4","11.8","59.0","8.5",1,5,3,9,1,"0.52","0.01","0.53","0.57",60,0,330810,0,0,94
13,10,"2026-08-30T13:00:00Z",2,FALSE,87,1,0,0,1,0,0,0,0,0,0,3,34,"45.6","11.1","34.0","9.1",3,4,2,9,1,"0.25","0.02","0.27","1.46",60,-791,344201,24998,25789,94
20,2,"2026-09-05T14:00:00Z",3,FALSE,90,0,0,0,1,0,0,0,0,0,0,0,11,"4.0","13.3","8.0","2.5",0,5,0,5,1,"0.00","0.17","0.17","1.71",60,92782,492340,140288,47506,94
3,15,"2026-09-12T14:00:00Z",4,FALSE,90,2,0,0,2,0,0,0,0,0,0,3,49,"0.0","0.0","0.0","0.0",0,3,1,4,1,"0.21","0.10","0.31","1.75",60,-59161,374153,28990,88151,94
19,3,"2026-08-22T16:30:00Z",1,FALSE,66,0,0,1,0,0,0,0,0,0,0,0,6,"1.0","30.8","15.0","4.7",2,4,0,6,1,"0.05","0.29","0.34","0.47",65,0,105835,0,0,95
13,1,"2026-08-30T13:00:00Z",2,FALSE,29,0,0,0,1,0,0,0,0,0,0,0,16,"15.4","15.5","2.0","3.3",3,3,1,7,0,"0.02","0.08","0.10","1.36",65,-3604,110686,7348,10952,95
20,1,"2026-09-05T14:00:00Z",3,FALSE,45,0,0,0,0,0,0,0,0,0,0,0,6,"6.8","11.3","0.0","1.8",3,7,1,11,1,"0.00","0.01","0.01","0.35",65,-24974,85265,4607,29581,95
3,1,"2026-09-12T14:00:00Z",4,FALSE,30,0,0,0,0,0,0,0,0,0,0,0,4,"0.0","0.0","0.0","0.0",1,3,0,4,0,"0.02","0.01","0.03","0.50",64,-22021,64766,1377,23398,95
19,1,"2026-08-22T16:30:00Z",1,FALSE,14,0,0,0,0,0,0,0,0,0,0,0,6,"7.6","26.3","0.0","3.4",0,3,1,4,0,"0.00","0.11","0.11","0.10",55,0,52929,0,0,96
13,3,"2026-08-30T13:00:00Z",2,FALSE,68,0,0,1,0,0,0,0,0,0,0,0,20,"16.6","32.4","25.0","7.4",2,5,2,9,1,"0.03","0.13","0.16","0.13",55,-5226,52568,2318,7544,96
20,8,"2026-09-05T14:00:00Z",3,FALSE,85,0,1,0,1,0,0,0,0,0,0,3,30,"10.0","28.5","6.0","4.5",1,3,0,4,1,"0.00","0.21","0.21","1.63",55,-3734,49863,3933,7667,96
3,1,"2026-09-12T14:00:00Z",4,FALSE,30,0,0,0,0,0,0,0,0,0,0,0,3,"0.0","0.0","0.0","0.0",1,3,0,4,0,"0.10","0.00","0.10","0.50",55,807,51791,5734,4927,96
19,6,"2026-08-22T16:30:00Z",1,FALSE,66,0,1,1,0,0,0,0,0,0,0,0,22,"12.6","46.2","13.0","7.2",0,3,2,5,1,"0.08","0.34","0.42","0.47",55,0,16245,0,0,97
13,0,"2026-08-30T13:00:00Z",2,FALSE,0,0,0,0,0,0,0,0,0,0,0,0,0,"0.0","0.0","0.0","0.0",0,0,0,0,0,"0.00","0.00","0.00","0.00",55,2521,22961,3858,1337,97
20,0,"2026-09-05T14:00:00Z",3,FALSE,0,0,0,0,0,0,0,0,0,0,0,0,0,"0.0","0.0","0.0","0.0",0,0,0,0,0,"0.00","0.00","0.00","0.00",55,-6340,16413,569,6909,97
3,0,"2026-09-12T14:00:00Z",4,FALSE,0,0,0,0,0,0,0,0,0,0,0,0,0,"0.0","0.0","0.0","0.0",0,0,0,0,0,"0.00","0.00","0.00","0.00",54,-4249,12497,42,4291,97
19,9,"2026-08-22T16:30:00Z",1,FALSE,90,1,0,1,0,0,0,0,1,0,0,0,35,"53.2","38.8","24.0","11.6",6,3,4,13,1,"0.39","0.17","0.56","0.57",50,0,9018,0,0,98
13,1,"2026-08-30T13:00:00Z",2,FALSE,90,0,0,0,1,0,0,0,1,0,0,0,11,"16.4","35.4","4.0","5.6",5,2,3,10,1,"0.00","0.14","0.14","1.46",50,29474,49684,33759,4285,98
20,11,"2026-09-05T14:00:00Z",3,FALSE,90,1,0,0,1,0,0,0,1,0,0,3,30,"48.0","3.1","17.0","6.8",3,5,4,12,1,"0.11","0.01","0.12","1.71",50,16015,69448,29605,13590,98
3,4,"2026-09-12T14:00:00Z",4,FALSE,90,0,0,0,2,0,0,0,0,0,0,0,20,"0.0","0.0","0.0","0.0",11,6,3,20,1,"0.00","0.08","0.08","1.75",50,139007,266936,176461,37454,98
19,0,"2026-08-22T16:30:00Z",1,FALSE,0,0,0,0,0,0,0,0,0,0,0,0,0,"0.0","0.0","0.0","0.0",0,0,0,0,0,"0.00","0.00","0.00","0.00",50,0,187,0,0,99
13,0,"2026-08-30T13:00:00Z",2,FALSE,0,0,0,0,0,0,0,0,0,0,0,0,0,"0.0","0.0","0.0","0.0",0,0,0,0,0,"0.00","0.00","0.00","0.00",50,-17,190,28,45,99
20,0,"2026-09-05T14:00:00Z",3,FALSE,0,0,0,0,0,0,0,0,0,0,0,0,0,"0.0","0.0","0.0","0.0",0,0,0,0,0,"0.00","0.00","0.00","0.00",50,-8,190,34,42,99
3,0,"2026-09-12T14:00:00Z",4,FALSE,0,0,0,0,0,0,0,0,0,0,0,0,0,"0.0","0.0","0.0","0.0",0,0,0,0,0,"0.00","0.00","0.00","0.00",50,-5,201,27,32,99
19,0,"2026-08-22T16:30:00Z",1,FALSE,0,0,0,0,0,0,0,0,0,0,0,0,0,"0.0","0.0","0.0","0.0",0,0,0,0,0,"0.00","0.00","0.00","0.00",50,0,1459,0,0,100
13,0,"2026-08-30T13:00:00Z",2,FALSE,0,0,0,0,0,0,0,0,0,0,0,0,0,"0.0","0.0","0.0","0.0",0,0,0,0,0,"0.00","0.00","0.00","0.00",50,-91,1624,155,246,100
20,0,"2026-09-05T14:00:00Z",3,FALSE,0,0,0,0,0,0,0,0,0,0,0,0,0,"0.0","0.0","0.0","0.0",0,0,0,0,0,"0.00","0.00","0.00","0.00",50,185,2107,543,358,100
3,0,"2026-09-12T14:00:00Z",4,FALSE,0,0,0,0,0,0,0,0,0,0,0,0,0,"0.0","0.0","0.0","0.0",0,0,0,0,0,"0.00","0.00","0.00","0.00",50,3,2209,335,332,100
10,0,"2026-08-24T19:00:00Z",1,FALSE,0,0,0,0,0,0,0,0,0,0,0,0,0,"0.0","0.0","0.0","0.0",0,0,0,0,0,"0.00","0.00","0.00","0.00",50,0,3629,0,0,101
5,0,"2026-08-30T13:00:00Z",2,FALSE,0,0,0,0,0,0,0,0,0,0,0,0,0,"0.0","0.0","0.0","0.0",0,0,0,0,0,"0.00","0.00","0.00","0.00",50,-477,3715,214,691,101
1,0,"2026-09-06T15:30:00Z",3,FALSE,0,0,0,0,0,0,0,0,0,0,0,0,0,"0.0","0.0","0.0","0.0",0,0,0,0,0,"0.00","0.00","0.00","0.00",50,-557,3322,209,766,101
11,0,"2026-09-12T14:00:00Z",4,FALSE,0,0,0,0,0,0,0,0,0,0,0,0,0,"0.0","0.0","0.0","0.0",0,0,0,0,0,"0.00","0.00","0.00","0.00",49,-444,3001,145,589,101
19,1,"2026-08-22T16:30:00Z",1,FALSE,23,0,0,0,0,0,0,0,0,0,0,0,7,"2.2","0.8","3.0","0.6",1,3,2,6,0,"0.04","0.00","0.04","0.10",50,0,123741,0,0,102
13,1,"2026-08-30T13:00:00Z",2,FALSE,21,0,0,0,1,0,0,0,0,0,0,0,4,"3.0","12.5","4.0","2.0",0,0,0,0,0,"0.00","0.01","0.01","1.32",50,-12434,112295,745,13179,102
20,0,"2026-09-05T14:00:00Z",3,FALSE,45,0,0,0,1,0,0,0,1,0,0,0,1,"2.4","3.4","2.0","0.8",1,3,1,5,0,"0.03","0.02","0.05","1.36",49,-18230,93335,1076,19306,102
3,4,"2026-09-12T14:00:00Z",4,FALSE,59,0,1,0,2,0,0,0,0,0,0,0,19,"0.0","0.0","0.0","0.0",2,3,0,5,1,"0.00","0.21","0.21","1.25",49,-15709,78222,706,16415,102
19,0,"2026-08-22T16:30:00Z",1,FALSE,0,0,0,0,0,0,0,0,0,0,0,0,0,"0.0","0.0","0.0","0.0",0,0,0,0,0,"0.00","0.00","0.00","0.00",50,0,2396,0,0,103
13,0,"2026-08-30T13:00:00Z",2,FALSE,0,0,0,0,0,0,0,0,0,0,0,0,0,"0.0","0.0","0.0","0.0",0,0,0,0,0,"0.00","0.00","0.00","0.00",50,-189,2549,164,353,103
20,0,"2026-09-05T14:00:00Z",3,FALSE,0,0,0,0,0,0,0,0,0,0,0,0,0,"0.0","0.0","0.0","0.0",0,0,0,0,0,"0.00","0.00","0.00","0.00",50,-369,2280,180,549,103
3,0,"2026-09-12T14:00:00Z",4,FALSE,0,0,0,0,0,0,0,0,0,0,0,0,0,"0.0","0.0","0.0","0.0",0,0,0,0,0,"0.00","0.00","0.00","0.00",49,-614,1675,36,650,103
1,2,"2026-08-21T19:00:00Z",1,FALSE,90,0,0,0,3,0,0,0,0,0,0,0,8,"3.6","1.6","0.0","0.5",3,5,1,9,1,"0.00","0.01","0.01","1.88",50,0,13188,0,0,104
11,0,"2026-08-29T14:00:00Z",2,FALSE,0,0,0,0,0,0,0,0,0,0,0,0,0,"0.0","0.0","0.0","0.0",0,0,0,0,0,"0.00","0.00","0.00","0.00",50,856,16442,2456,1600,104
15,2,"2026-09-05T14:00:00Z",3,FALSE,62,0,0,0,1,0,0,0,0,0,0,0,5,"0.4","0.4","0.0","0.1",0,2,1,3,1,"0.00","0.00","0.00","1.17",50,-3826,12452,379,4205,104
5,0,"2026-09-13T13:00:00Z",4,FALSE,0,0,0,0,0,0,0,0,0,0,0,0,0,"0.0","0.0","0.0","0.0",0,0,0,0,0,"0.00","0.00","0.00","0.00",49,-1084,11832,629,1713,104
19,1,"2026-08-22T16:30:00Z",1,FALSE,23,0,0,0,0,0,0,0,0,0,0,0,9,"10.6","34.9","1.0","4.7",0,6,2,8,0,"0.03","0.35","0.38","0.10",60,0,14244,0,0,105
13,2,"2026-08-30T13:00:00Z",2,FALSE,60,0,0,1,0,0,0,0,1,0,0,0,4,"3.2","25.9","15.0","4.4",0,1,0,1,1,"0.11","0.06","0.17","0.09",60,-433,16949,1958,2391,105
20,1,"2026-09-05T14:00:00Z",3,FALSE,45,0,0,0,1,0,0,0,0,0,0,0,3,"0.0","2.2","3.0","0.4",0,4,0,4,0,"0.05","0.01","0.06","1.36",60,-1707,16152,1644,3351,105
3,1,"2026-09-12T14:00:00Z",4,FALSE,59,0,0,0,2,0,0,0,0,0,0,0,12,"0.0","0.0","0.0","0.0",5,4,2,11,1,"0.00","0.10","0.10","1.25",60,-1801,14724,761,2562,105
19,0,"2026-08-22T16:30:00Z",1,FALSE,82,0,0,1,0,0,0,1,0,0,0,0,-3,"2.2","4.0","8.0","1.4",1,4,0,5,1,"1.00","0.08","1.08","0.50",80,0,1509299,0,0,106
13,2,"2026-08-30T13:00:00Z",2,FALSE,90,0,0,0,1,0,0,0,0,0,0,0,2,"2.4","6.2","55.0","6.4",0,3,1,4,1,"0.80","0.01","0.81","1.46",80,-49395,1635017,91772,141167,106
20,2,"2026-09-05T14:00:00Z",3,FALSE,90,0,0,0,1,0,0,0,0,0,0,0,9,"16.0","1.4","43.0","6.0",3,2,1,6,1,"0.50","0.01","0.51","1.71",80,-240730,1462107,72058,312788,106
3,1,"2026-09-12T14:00:00Z",4,FALSE,90,0,0,0,2,0,0,0,1,0,0,0,3,"0.0","0.0","0.0","0.0",0,1,0,1,1,"0.11","0.03","0.14","1.75",79,-296868,1129976,24154,321022,106
19,0,"2026-08-22T16:30:00Z",1,FALSE,0,0,0,0,0,0,0,0,0,0,0,0,0,"0.0","0.0","0.0","0.0",0,0,0,0,0,"0.00","0.00","0.00","0.00",45,0,78000,0,0,107
13,0,"2026-08-30T13:00:00Z",2,FALSE,0,0,0,0,0,0,0,0,0,0,0,0,0,"0.0","0.0","0.0","0.0",0,0,0,0,0,"0.00","0.00","0.00","0.00",45,-252,89302,8191,8443,107
20,0,"2026-09-05T14:00:00Z",3,FALSE,0,0,0,0,0,0,0,0,0,0,0,0,0,"0.0","0.0","0.0","0.0",0,0,0,0,0,"0.00","0.00","0.00","0.00",45,13495,116698,27280,13785,107
3,0,"2026-09-12T14:00:00Z",4,FALSE,0,0,0,0,0,0,0,0,0,0,0,0,0,"0.0","0.0","0.0","0.0",0,0,0,0,0,"0.00","0.00","0.00","0.00",45,4526,119195,19067,14541,107
19,1,"2026-08-22T16:30:00Z",1,FALSE,7,0,0,0,0,0,0,0,0,0,0,0,4,"2.2","10.3","5.0","1.8",0,0,0,0,0,"0.03","0.04","0.07","0.07",55,0,30450,0,0,108
13,1,"2026-08-30T13:00:00Z",2,FALSE,2,0,0,0,0,0,0,0,0,0,0,0,3,"0.0","0.1","7.0","0.7",0,1,0,1,0,"0.04","0.00","0.04","0.00",55,-457,37634,4351,4808,108
20,1,"2026-09-05T14:00:00Z",3,FALSE,4,0,0,0,0,0,0,0,0,0,0,0,2,"1.0","0.0","0.0","0.1",1,0,0,1,0,"0.00","0.00","0.00","0.08",55,-1724,38790,5560,7284,108
3,0,"2026-09-12T14:00:00Z",4,FALSE,0,0,0,0,0,0,0,0,0,0,0,0,0,"0.0","0.0","0.0","0.0",0,0,0,0,0,"0.00","0.00","0.00","0.00",55,-3164,36748,2767,5931,108
2,6,"2026-08-23T13:00:00Z",1,FALSE,90,0,0,1,0,0,0,0,0,0,0,0,25,"6.6","0.0","0.0","0.7",0,4,0,0,1,"0.00","0.00","0.00","0.29",45,0,1987586,0,0,109
6,0,"2026-08-30T13:00:00Z",2,FALSE,90,0,0,0,4,0,0,0,0,0,1,0,-1,"10.2","0.0","0.0","1.0",0,14,0,0,1,"0.00","0.00","0.00","2.93",45,39276,2133814,84756,45480,109
13,3,"2026-09-05T14:00:00Z",3,FALSE,90,0,0,0,1,0,0,0,0,0,3,0,17,"29.2","3.0","0.0","3.2",0,5,0,0,1,"0.00","0.20","0.20","2.49",45,114050,2293721,270948,156898,109
7,0,"2026-09-13T13:00:00Z",4,FALSE,0,0,0,0,0,0,0,0,0,0,0,0,0,"0.0","0.0","0.0","0.0",0,0,0,0,0,"0.00","0.00","0.00","0.00",45,51727,2390519,248699,196972,109
1,1,"2026-08-21T19:00:00Z",1,FALSE,90,0,0,0,3,0,0,0,0,0,2,0,0,"14.2","0.0","0.0","1.4",1,7,0,0,1,"0.00","0.01","0.01","1.88",45,0,100521,0,0,110
11,2,"2026-08-29T14:00:00Z",2,FALSE,90,0,0,0,1,0,0,0,0,0,1,0,10,"10.6","0.0","0.0","1.1",1,13,0,0,1,"0.00","0.00","0.00","0.72",45,7259,122624,11931,4672,110
15,2,"2026-09-05T14:00:00Z",3,FALSE,90,0,0,0,1,0,0,0,0,0,2,0,13,"18.8","0.0","0.0","1.9",1,9,0,0,1,"0.00","0.00","0.00","2.12",45,-16015,95482,2938,18953,110
5,0,"2026-09-13T13:00:00Z",4,FALSE,0,0,0,0,0,0,0,0,0,0,0,0,0,"0.0","0.0","0.0","0.0",0,0,0,0,0,"0.00","0.00","0.00","0.00",45,-11337,95177,5350,16687,110
2,0,"2026-08-23T13:00:00Z",1,FALSE,0,0,0,0,0,0,0,0,0,0,0,0,0,"0.0","0.0","0.0","0.0",0,0,0,0,0,"0.00","0.00","0.00","0.00",40,0,369830,0,0,111
6,0,"2026-08-30T13:00:00Z",2,FALSE,0,0,0,0,0,0,0,0,0,0,0,0,0,"0.0","0.0","0.0","0.0",0,0,0,0,0,"0.00","0.00","0.00","0.00",40,-3330,398691,10714,14044,111
13,0,"2026-09-05T14:00:00Z",3,FALSE,0,0,0,0,0,0,0,0,0,0,0,0,0,"0.0","0.0","0.0","0.0",0,0,0,0,0,"0.00","0.00","0.00","0.00",40,27834,459848,62093,34259,111
7,0,"2026-09-13T13:00:00Z",4,FALSE,0,0,0,0,0,0,0,0,0,0,0,0,0,"0.0","0.0","0.0","0.0",0,0,0,0,0,"0.00","0.00","0.00","0.00",40,10916,460442,46956,36040,111
4,1,"2026-08-22T16:30:00Z",1,FALSE,90,0,0,0,3,0,0,0,0,0,0,0,3,"28.2","2.8","2.0","3.3",7,3,2,9,1,"0.00","0.03","0.03","3.87",50,0,955905,0,0,112
17,1,"2026-08-29T16:30:00Z",2,FALSE,90,0,0,0,2,0,0,0,0,0,0,0,9,"26.6","13.7","33.0","7.3",6,4,2,8,1,"0.11","0.03","0.14","0.72",50,-62164,945549,36604,98768,112
18,8,"2026-09-05T14:00:00Z",3,FALSE,90,0,0,1,0,0,0,0,0,0,0,2,29,"16.6","12.8","11.0","4.0",3,4,1,4,1,"0.09","0.01","0.10","0.92",49,-198387,733037,21192,219579,112
9,8,"2026-09-12T16:30:00Z",4,FALSE,90,0,0,1,0,0,0,0,0,0,0,0,27,"0.0","0.0","0.0","0.0",11,2,2,13,1,"0.14","0.05","0.19","1.11",49,-45526,718579,37570,83096,112
2,0,"2026-08-23T13:00:00Z",1,FALSE,0,0,0,0,0,0,0,0,0,0,0,0,0,"0.0","0.0","0.0","0.0",0,0,0,0,0,"0.00","0.00","0.00","0.00",45,0,265528,0,0,113
6,0,"2026-08-30T13:00:00Z",2,FALSE,90,0,0,0,4,0,0,0,0,0,0,0,-4,"2.8","16.7","8.0","2.8",0,2,0,0,1,"0.02","0.01","0.03","2.93",45,-48824,221172,2580,51404,113
13,2,"2026-09-05T14:00:00Z",3,FALSE,77,0,0,0,1,0,0,0,0,0,0,0,8,"12.6","12.5","19.0","4.4",4,2,1,5,1,"0.06","0.01","0.07","2.40",44,-19909,203285,12724,32633,113
7,0,"2026-09-13T13:00:00Z",4,FALSE,0,0,0,0,0,0,0,0,0,0,0,0,0,"0.0","0.0","0.0","0.0",0,0,0,0,0,"0.00","0.00","0.00","0.00",44,-18414,186000,6832,25246,113
2,6,"2026-08-23T13:00:00Z",1,FALSE,90,0,0,1,0,0,0,0,0,0,0,0,29,"15.2","7.3","6.0","2.9",5,4,1,6,1,"0.00","0.04","0.04","0.29",45,0,19109,0,0,114
6,-1,"2026-08-30T13:00:00Z",2,FALSE,90,0,0,0,4,0,0,0,1,0,0,0,-2,"16.8","26.6","11.0","5.4",3,2,0,3,1,"0.05","0.11","0.16","2.93",45,2544,26909,4103,1559,114
13,2,"2026-09-05T14:00:00Z",3,FALSE,90,0,0,0,1,0,0,0,0,0,0,0,17,"20.6","62.3","0.0","8.3",4,4,0,4,1,"0.00","0.33","0.33","2.49",45,2298,31479,6293,3995,114
7,0,"2026-09-13T13:00:00Z",4,FALSE,0,0,0,0,0,0,0,0,0,0,0,0,0,"0.0","0.0","0.0","0.0",0,0,0,0,0,"0.00","0.00","0.00","0.00",45,-585,30469,2439,3024,114
2,17,"2026-08-23T13:00:00Z",1,FALSE,77,1,1,1,0,0,0,0,0,0,0,2,46,"40.6","45.3","43.0","12.9",1,3,3,4,1,"1.47","0.21","1.68","0.29",45,0,151636,0,0,115
6,0,"2026-08-30T13:00:00Z",2,FALSE,90,0,0,0,4,0,0,0,0,0,0,0,-2,"8.8","23.7","5.0","3.8",2,3,0,2,1,"0.03","0.05","0.08","2.93",46,473840,847829,494998,21158,115
13,4,"2026-09-05T14:00:00Z",3,FALSE,76,0,1,0,1,0,0,0,1,0,0,0,17,"19.6","22.1","2.0","4.4",1,4,1,2,1,"0.00","0.14","0.14","2.40",47,762031,1978466,871841,109810,115
7,0,"2026-09-13T13:00:00Z",4,FALSE,0,0,0,0,0,0,0,0,0,0,0,0,0,"0.0","0.0","0.0","0.0",0,0,0,0,0,"0.00","0.00","0.00","0.00",48,509874,2489501,640942,131068,115
2,6,"2026-08-23T13:00:00Z",1,FALSE,90,0,0,1,0,0,0,0,0,0,0,0,24,"13.4","6.4","0.0","2.0",1,2,1,2,1,"0.00","0.04","0.04","0.29",45,0,88762,0,0,116
6,-1,"2026-08-30T13:00:00Z",2,FALSE,90,0,0,0,4,0,0,0,1,0,0,0,-4,"14.8","2.0","0.0","1.7",2,4,1,3,1,"0.00","0.01","0.01","2.93",45,8033,118436,13343,5310,116
13,5,"2026-09-05T14:00:00Z",3,FALSE,90,0,0,0,1,0,0,0,0,0,0,1,20,"30.8","1.9","4.0","3.7",12,5,0,12,1,"0.00","0.01","0.01","2.49",45,6568,133493,20326,13758,116
7,0,"2026-09-13T13:00:00Z",4,FALSE,0,0,0,0,0,0,0,0,0,0,0,0,0,"0.0","0.0","0.0","0.0",0,0,0,0,0,"0.00","0.00","0.00","0.00",45,9404,148520,19779,10375,116
2,0,"2026-08-23T13:00:00Z",1,FALSE,0,0,0,0,0,0,0,0,0,0,0,0,0,"0.0","0.0","0.0","0.0",0,0,0,0,0,"0.00","0.00","0.00","0.00",45,0,1583,0,0,117
6,0,"2026-08-30T13:00:00Z",2,FALSE,0,0,0,0,0,0,0,0,0,0,0,0,0,"0.0","0.0","0.0","0.0",0,0,0,0,0,"0.00","0.00","0.00","0.00",45,-33,1892,191,224,117
13,0,"2026-09-05T14:00:00Z",3,FALSE,0,0,0,0,0,0,0,0,0,0,0,0,0,"0.0","0.0","0.0","0.0",0,0,0,0,0,"0.00","0.00","0.00","0.00",45,-35,2029,261,296,117
7,0,"2026-09-13T13:00:00Z",4,FALSE,0,0,0,0,0,0,0,0,0,0,0,0,0,"0.0","0.0","0.0","0.0",0,0,0,0,0,"0.00","0.00","0.00","0.00",45,-50,2061,180,230,117
2,0,"2026-08-23T13:00:00Z",1,FALSE,0,0,0,0,0,0,0,0,0,0,0,0,0,"0.0","0.0","0.0","0.0",0,0,0,0,0,"0.00","0.00","0.00","0.00",45,0,7195,0,0,118
6,0,"2026-08-30T13:00:00Z",2,FALSE,0,0,0,0,0,0,0,0,0,0,0,0,0,"0.0","0.0","0.0","0.0",0,0,0,0,0,"0.00","0.00","0.00","0.00",45,-404,8240,471,875,118
13,0,"2026-09-05T14:00:00Z",3,FALSE,0,0,0,0,0,0,0,0,0,0,0,0,0,"0.0","0.0","0.0","0.0",0,0,0,0,0,"0.00","0.00","0.00","0.00",45,-1451,7052,444,1895,118
7,0,"2026-09-13T13:00:00Z",4,FALSE,0,0,0,0,0,0,0,0,0,0,0,0,0,"0.0","0.0","0.0","0.0",0,0,0,0,0,"0.00","0.00","0.00","0.00",45,-1990,5099,0,1990,118
2,1,"2026-08-23T13:00:00Z",1,FALSE,26,0,0,0,0,0,0,0,0,0,0,0,7,"8.2","1.9","18.0","2.8",3,0,1,4,0,"0.12","0.00","0.12","0.10",45,0,2148,0,0,119
6,0,"2026-08-30T13:00:00Z",2,FALSE,10,0,0,0,0,0,0,0,1,0,0,0,-1,"0.0","0.3","0.0","0.0",0,0,0,0,0,"0.00","0.00","0.00","0.04",45,59,3512,285,226,119
13,1,"2026-09-05T14:00:00Z",3,FALSE,12,0,0,0,0,0,0,0,0,0,0,0,7,"5.8","14.5","0.0","2.0",1,0,0,1,0,"0.00","0.16","0.16","0.10",45,-72,3762,400,472,119
7,0,"2026-09-13T13:00:00Z",4,FALSE,0,0,0,0,0,0,0,0,0,0,0,0,0,"0.0","0.0","0.0","0.0",0,0,0,0,0,"0.00","0.00","0.00","0.00",45,-117,3722,204,321,119
2,0,"2026-08-23T13:00:00Z",1,FALSE,0,0,0,0,0,0,0,0,0,0,0,0,0,"0.0","0.0","0.0","0.0",0,0,0,0,0,"0.00","0.00","0.00","0.00",50,0,3997,0,0,120
6,0,"2026-08-30T13:00:00Z",2,FALSE,0,0,0,0,0,0,0,0,0,0,0,0,0,"0.0","0.0","0.0","0.0",0,0,0,0,0,"0.00","0.00","0.00","0.00",50,84,5185,768,684,120
13,0,"2026-09-05T14:00:00Z",3,FALSE,0,0,0,0,0,0,0,0,0,0,0,0,0,"0.0","0.0","0.0","0.0",0,0,0,0,0,"0.00","0.00","0.00","0.00",50,-124,5613,863,987,120
7,0,"2026-09-13T13:00:00Z",4,FALSE,0,0,0,0,0,0,0,0,0,0,0,0,0,"0.0","0.0","0.0","0.0",0,0,0,0,0,"0.00","0.00","0.00","0.00",50,4,5997,898,894,120
2,0,"2026-08-23T13:00:00Z",1,FALSE,0,0,0,0,0,0,0,0,0,0,0,0,0,"0.0","0.0","0.0","0.0",0,0,0,0,0,"0.00","0.00","0.00","0.00",60,0,4360,0,0,121
6,0,"2026-08-30T13:00:00Z",2,FALSE,0,0,0,0,0,0,0,0,0,0,0,0,0,"0.0","0.0","0.0","0.0",0,0,0,0,0,"0.00","0.00","0.00","0.00",60,-1078,4114,159,1237,121
13,0,"2026-09-05T14:00:00Z",3,FALSE,0,0,0,0,0,0,0,0,0,0,0,0,0,"0.0","0.0","0.0","0.0",0,0,0,0,0,"0.00","0.00","0.00","0.00",60,-821,3542,130,951,121
7,0,"2026-09-13T13:00:00Z",4,FALSE,0,0,0,0,0,0,0,0,0,0,0,0,0,"0.0","0.0","0.0","0.0",0,0,0,0,0,"0.00","0.00","0.00","0.00",59,-383,3299,74,457,121
2,0,"2026-08-23T13:00:00Z",1,FALSE,0,0,0,0,0,0,0,0,0,0,0,0,0,"0.0","0.0","0.0","0.0",0,0,0,0,0,"0.00","0.00","0.00","0.00",60,0,9337,0,0,122
6,0,"2026-08-30T13:00:00Z",2,FALSE,0,0,0,0,0,0,0,0,0,0,0,0,0,"0.0","0.0","0.0","0.0",0,0,0,0,0,"0.00","0.00","0.00","0.00",60,-3381,6199,140,3521,122
13,0,"2026-09-05T14:00:00Z",3,FALSE,0,0,0,0,0,0,0,0,0,0,0,0,0,"0.0","0.0","0.0","0.0",0,0,0,0,0,"0.00","0.00","0.00","0.00",59,-1839,4472,87,1926,122
7,0,"2026-09-13T13:00:00Z",4,FALSE,0,0,0,0,0,0,0,0,0,0,0,0,0,"0.0","0.0","0.0","0.0",0,0,0,0,0,"0.00","0.00","0.00","0.00",59,-716,3821,35,751,122
2,16,"2026-08-23T13:00:00Z",1,FALSE,63,2,0,1,0,0,0,0,0,0,0,3,54,"72.8","13.4","59.0","14.5",0,1,2,3,1,"1.41","0.02","1.43","0.19",60,0,39219,0,0,123
6,0,"2026-08-30T13:00:00Z",2,FALSE,0,0,0,0,0,0,0,0,0,0,0,0,0,"0.0","0.0","0.0","0.0",0,0,0,0,0,"0.00","0.00","0.00","0.00",60,101743,230171,139828,38085,123
13,0,"2026-09-05T14:00:00Z",3,FALSE,0,0,0,0,0,0,0,0,0,0,0,0,0,"0.0","0.0","0.0","0.0",0,0,0,0,0,"0.00","0.00","0.00","0.00",60,-92072,129183,6623,98695,123
7,0,"2026-09-13T13:00:00Z",4,FALSE,0,0,0,0,0,0,0,0,0,0,0,0,0,"0.0","0.0","0.0","0.0",0,0,0,0,0,"0.00","0.00","0.00","0.00",60,-44735,91458,1042,45777,123
2,2,"2026-08-23T13:00:00Z",1,FALSE,90,0,0,1,0,0,0,0,1,0,0,0,18,"21.0","56.9","8.0","8.6",0,2,3,5,1,"0.00","0.27","0.27","0.29",55,0,1308033,0,0,124
6,13,"2026-08-30T13:00:00Z",2,FALSE,90,1,1,0,4,0,0,0,0,0,0,3,46,"47.8","33.2","23.0","10.4",2,3,1,6,1,"0.05","0.11","0.16","2.93",55,-81694,1268429,24179,105873,124
13,1,"2026-09-05T14:00:00Z",3,FALSE,90,0,0,0,1,0,0,0,1,0,0,0,-1,"0.0","16.5","19.0","3.2",2,2,0,4,1,"0.79","0.04","0.83","2.49",55,341111,1691790,448315,107204,124
7,0,"2026-09-13T13:00:00Z",4,FALSE,0,0,0,0,0,0,0,0,0,0,0,0,0,"0.0","0.0","0.0","0.0",0,0,0,0,0,"0.00","0.00","0.00","0.00",56,72242,1745184,283590,211348,124
2,5,"2026-08-23T13:00:00Z",1,FALSE,90,0,1,1,0,0,0,0,0,0,0,0,22,"19.8","11.4","15.0","4.6",1,4,2,7,1,"0.08","0.44","0.52","0.29",55,0,78765,0,0,125
6,0,"2026-08-30T13:00:00Z",2,FALSE,0,0,0,0,0,0,0,0,0,0,0,0,0,"0.0","0.0","0.0","0.0",0,0,0,0,0,"0.00","0.00","0.00","0.00",55,8880,98683,23887,15007,125
13,0,"2026-09-05T14:00:00Z",3,FALSE,0,0,0,0,0,0,0,0,0,0,0,0,0,"0.0","0.0","0.0","0.0",0,0,0,0,0,"0.00","0.00","0.00","0.00",55,-21930,74079,4546,26476,125
7,0,"2026-09-13T13:00:00Z",4,FALSE,0,0,0,0,0,0,0,0,0,0,0,0,0,"0.0","0.0","0.0","0.0",0,0,0,0,0,"0.00","0.00","0.00","0.00",54,-17412,58474,1249,18661,125
2,0,"2026-08-23T13:00:00Z",1,FALSE,0,0,0,0,0,0,0,0,0,0,0,0,0,"0.0","0.0","0.0","0.0",0,0,0,0,0,"0.00","0.00","0.00","0.00",55,0,8249,0,0,126
6,0,"2026-08-30T13:00:00Z",2,FALSE,0,0,0,0,0,0,0,0,0,0,0,0,0,"0.0","0.0","0.0","0.0",0,0,0,0,0,"0.00","0.00","0.00","0.00",55,-696,10143,656,1352,126
13,0,"2026-09-05T14:00:00Z",3,FALSE,0,0,0,0,0,0,0,0,0,0,0,0,0,"0.0","0.0","0.0","0.0",0,0,0,0,0,"0.00","0.00","0.00","0.00",55,-909,10276,1040,1949,126
7,0,"2026-09-13T13:00:00Z",4,FALSE,0,0,0,0,0,0,0,0,0,0,0,0,0,"0.0","0.0","0.0","0.0",0,0,0,0,0,"0.00","0.00","0.00","0.00",55,-515,10605,901,1416,126
2,6,"2026-08-23T13:00:00Z",1,FALSE,85,0,1,1,0,0,0,0,0,0,0,0,27,"33.0","25.1","41.0","9.9",2,1,3,6,1,"0.18","0.48","0.66","0.29",50,0,355972,0,0,127
6,5,"2026-08-30T13:00:00Z",2,FALSE,90,0,1,0,4,0,0,0,0,0,0,0,15,"4.6","20.3","42.0","6.7",1,2,2,5,1,"0.38","0.17","0.55","2.93",50,7080,380491,23952,16872,127
13,2,"2026-09-05T14:00:00Z",3,FALSE,90,0,0,0,1,0,0,0,0,0,0,0,13,"15.2","26.4","30.0","7.2",2,4,3,9,1,"0.09","0.05","0.14","2.49",50,117389,525464,177501,60112,127
7,0,"2026-09-13T13:00:00Z",4,FALSE,0,0,0,0,0,0,0,0,0,0,0,0,0,"0.0","0.0","0.0","0.0",0,0,0,0,0,"0.00","0.00","0.00","0.00",50,5076,522783,107677,102601,127
2,0,"2026-08-23T13:00:00Z",1,FALSE,0,0,0,0,0,0,0,0,0,0,0,0,0,"0.0","0.0","0.0","0.0",0,0,0,0,0,"0.00","0.00","0.00","0.00",50,0,528,0,0,128
6,0,"2026-08-30T13:00:00Z",2,FALSE,0,0,0,0,0,0,0,0,0,0,0,0,0,"0.0","0.0","0.0","0.0",0,0,0,0,0,"0.00","0.00","0.00","0.00",50,-173,346,0,173,128
13,0,"2026-09-05T14:00:00Z",3,FALSE,0,0,0,0,0,0,0,0,0,0,0,0,0,"0.0","0.0","0.0","0.0",0,0,0,0,0,"0.00","0.00","0.00","0.00",50,-94,257,0,94,128
7,0,"2026-09-13T13:00:00Z",4,FALSE,0,0,0,0,0,0,0,0,0,0,0,0,0,"0.0","0.0","0.0","0.0",0,0,0,0,0,"0.00","0.00","0.00","0.00",50,-39,223,0,39,128
2,2,"2026-08-23T13:00:00Z",1,FALSE,63,0,0,1,0,0,0,0,1,0,0,0,8,"0.0","15.0","6.0","1.7",1,3,0,4,1,"0.11","0.03","0.14","0.19",55,0,61091,0,0,129
6,0,"2026-08-30T13:00:00Z",2,FALSE,0,0,0,0,0,0,0,0,0,0,0,0,0,"0.0","0.0","0.0","0.0",0,0,0,0,0,"0.00","0.00","0.00","0.00",55,-4277,62632,3334,7611,129
13,2,"2026-09-05T14:00:00Z",3,FALSE,90,0,0,0,1,0,0,0,0,0,0,0,18,"11.4","14.8","18.0","4.4",1,2,0,3,1,"0.17","0.04","0.21","2.49",54,-19892,42114,1443,21335,129
7,0,"2026-09-13T13:00:00Z",4,FALSE,0,0,0,0,0,0,0,0,0,0,0,0,0,"0.0","0.0","0.0","0.0",0,0,0,0,0,"0.00","0.00","0.00","0.00",54,-4206,39911,2011,6217,129
2,7,"2026-08-23T13:00:00Z",1,FALSE,77,0,0,1,0,0,0,0,0,0,0,1,32,"16.6","26.3","6.0","4.9",4,5,4,8,1,"0.09","0.05","0.14","0.29",50,0,22925,0,0,130
6,0,"2026-08-30T13:00:00Z",2,FALSE,79,0,0,0,4,0,0,0,0,0,0,0,6,"20.4","9.2","4.0","3.4",7,4,0,7,1,"0.03","0.08","0.11","2.89",50,10371,43921,13428,3057,130
13,0,"2026-09-05T14:00:00Z",3,FALSE,0,0,0,0,0,0,0,0,0,0,0,0,0,"0.0","0.0","0.0","0.0",0,0,0,0,0,"0.00","0.00","0.00","0.00",50,-473,46414,12362,12835,130
7,0,"2026-09-13T13:00:00Z",4,FALSE,0,0,0,0,0,0,0,0,0,0,0,0,0,"0.0","0.0","0.0","0.0",0,0,0,0,0,"0.00","0.00","0.00","0.00",50,-18513,26541,68,18581,130
2,0,"2026-08-23T13:00:00Z",1,FALSE,0,0,0,0,0,0,0,0,0,0,0,0,0,"0.0","0.0","0.0","0.0",0,0,0,0,0,"0.00","0.00","0.00","0.00",50,0,17798,0,0,131
12,0,"2026-08-30T15:30:00Z",2,FALSE,0,0,0,0,0,0,0,0,0,0,0,0,0,"0.0","0.0","0.0","0.0",0,0,0,0,0,"0.00","0.00","0.00","0.00",50,-2097,17743,2324,4421,131
9,0,"2026-09-06T13:00:00Z",3,FALSE,0,0,0,0,0,0,0,0,0,0,0,0,0,"0.0","0.0","0.0","0.0",0,0,0,0,0,"0.00","0.00","0.00","0.00",50,-3278,14956,1696,4974,131
15,0,"2026-09-13T15:30:00Z",4,FALSE,0,0,0,0,0,0,0,0,0,0,0,0,0,"0.0","0.0","0.0","0.0",0,0,0,0,0,"0.00","0.00","0.00","0.00",50,-1747,13457,783,2530,131
2,0,"2026-08-23T13:00:00Z",1,FALSE,0,0,0,0,0,0,0,0,0,0,0,0,0,"0.0","0.0","0.0","0.0",0,0,0,0,0,"0.00","0.00","0.00","0.00",45,0,6770,0,0,132
6,0,"2026-08-30T13:00:00Z",2,FALSE,0,0,0,0,0,0,0,0,0,0,0,0,0,"0.0","0.0","0.0","0.0",0,0,0,0,0,"0.00","0.00","0.00","0.00",45,-1532,5161,0,1532,132
13,0,"2026-09-05T14:00:00Z",3,FALSE,0,0,0,0,0,0,0,0,0,0,0,0,0,"0.0","0.0","0.0","0.0",0,0,0,0,0,"0.00","0.00","0.00","0.00",45,-976,4183,0,976,132
7,0,"2026-09-13T13:00:00Z",4,FALSE,0,0,0,0,0,0,0,0,0,0,0,0,0,"0.0","0.0","0.0","0.0",0,0,0,0,0,"0.00","0.00","0.00","0.00",45,-575,3658,0,575,132
2,0,"2026-08-23T13:00:00Z",1,FALSE,0,0,0,0,0,0,0,0,0,0,0,0,0,"0.0","0.0","0.0","0.0",0,0,0,0,0,"0.00","0.00","0.00","0.00",50,0,241,0,0,133
6,0,"2026-08-30T13:00:00Z",2,FALSE,0,0,0,0,0,0,0,0,0,0,0,0,0,"0.0","0.0","0.0","0.0",0,0,0,0,0,"0.00","0.00","0.00","0.00",50,-56,182,0,56,133
13,0,"2026-09-05T14:00:00Z",3,FALSE,0,0,0,0,0,0,0,0,0,0,0,0,0,"0.0","0.0","0.0","0.0",0,0,0,0,0,"0.00","0.00","0.00","0.00",50,-46,139,0,46,133
7,0,"2026-09-13T13:00:00Z",4,FALSE,0,0,0,0,0,0,0,0,0,0,0,0,0,"0.0","0.0","0.0","0.0",0,0,0,0,0,"0.00","0.00","0.00","0.00",50,-19,122,0,19,133
2,0,"2026-08-23T13:00:00Z",1,FALSE,0,0,0,0,0,0,0,0,0,0,0,0,0,"0.0","0.0","0.0","0.0",0,0,0,0,0,"0.00","0.00","0.00","0.00",45,0,24725,0,0,134
6,0,"2026-08-30T13:00:00Z",2,FALSE,0,0,0,0,0,0,0,0,0,0,0,0,0,"0.0","0.0","0.0","0.0",0,0,0,0,0,"0.00","0.00","0.00","0.00",45,-1072,27277,1708,2780,134
13,0,"2026-09-05T14:00:00Z",3,FALSE,0,0,0,0,0,0,0,0,0,0,0,0,0,"0.0","0.0","0.0","0.0",0,0,0,0,0,"0.00","0.00","0.00","0.00",45,-147,29432,3612,3759,134
7,0,"2026-09-13T13:00:00Z",4,FALSE,0,0,0,0,0,0,0,0,0,0,0,0,0,"0.0","0.0","0.0","0.0",0,0,0,0,0,"0.00","0.00","0.00","0.00",45,-1093,28553,2194,3287,134
2,1,"2026-08-23T13:00:00Z",1,FALSE,12,0,0,0,0,0,0,0,0,0,0,0,3,"0.2","1.3","0.0","0.2",0,0,0,0,0,"0.00","0.03","0.03","0.00",50,0,6623,0,0,135
6,0,"2026-08-30T13:00:00Z",2,FALSE,0,0,0,0,0,0,0,0,0,0,0,0,0,"0.0","0.0","0.0","0.0",0,0,0,0,0,"0.00","0.00","0.00","0.00",50,-506,6909,373,879,135
13,0,"2026-09-05T14:00:00Z",3,FALSE,0,0,0,0,0,0,0,0,0,0,0,0,0,"0.0","0.0","0.0","0.0",0,0,0,0,0,"0.00","0.00","0.00","0.00",50,-1062,6108,517,1579,135
7,0,"2026-09-13T13:00:00Z",4,FALSE,0,0,0,0,0,0,0,0,0,0,0,0,0,"0.0","0.0","0.0","0.0",0,0,0,0,0,"0.00","0.00","0.00","0.00",49,-1135,5076,318,1453,135
10,0,"2026-08-24T19:00:00Z",1,FALSE,0,0,0,0,0,0,0,0,0,0,0,0,0,"0.0","0.0","0.0","0.0",0,0,0,0,0,"0.00","0.00","0.00","0.00",60,0,112037,0,0,136
5,0,"2026-08-30T13:00:00Z",2,FALSE,0,0,0,0,0,0,0,0,0,0,0,0,0,"0.0","0.0","0.0","0.0",0,0,0,0,0,"0.00","0.00","0.00","0.00",60,-19289,96753,3136,22425,136
1,1,"2026-09-06T15:30:00Z",3,FALSE,3,0,0,0,0,0,0,0,0,0,0,0,3,"0.0","0.3","2.0","0.2",0,0,0,0,0,"0.00","0.00","0.00","0.00",59,-16503,84671,7873,24376,136
11,1,"2026-09-12T14:00:00Z",4,FALSE,12,0,0,0,0,0,0,0,0,0,0,0,4,"0.0","0.0","0.0","0.0",1,0,0,1,0,"0.00","0.06","0.06","0.54",59,-5112,82997,8018,13130,136
2,0,"2026-08-23T13:00:00Z",1,FALSE,0,0,0,0,0,0,0,0,0,0,0,0,0,"0.0","0.0","0.0","0.0",0,0,0,0,0,"0.00","0.00","0.00","0.00",55,0,879,0,0,137
6,0,"2026-08-30T13:00:00Z",2,FALSE,0,0,0,0,0,0,0,0,0,0,0,0,0,"0.0","0.0","0.0","0.0",0,0,0,0,0,"0.00","0.00","0.00","0.00",55,-168,839,84,252,137
13,0,"2026-09-05T14:00:00Z",3,FALSE,0,0,0,0,0,0,0,0,0,0,0,0,0,"0.0","0.0","0.0","0.0",0,0,0,0,0,"0.00","0.00","0.00","0.00",55,-130,754,80,210,137
7,0,"2026-09-13T13:00:00Z",4,FALSE,0,0,0,0,0,0,0,0,0,0,0,0,0,"0.0","0.0","0.0","0.0",0,0,0,0,0,"0.00","0.00","0.00","0.00",55,-82,705,70,152,137
2,1,"2026-08-23T13:00:00Z",1,FALSE,26,0,0,0,0,0,0,0,0,0,0,0,-1,"0.0","0.4","10.0","0.9",0,1,1,2,0,"0.18","0.00","0.18","0.10",55,0,19339,0,0,138
6,5,"2026-08-30T13:00:00Z",2,FALSE,79,0,1,0,4,0,0,0,0,0,0,0,17,"5.0","15.1","17.0","3.7",0,6,0,6,1,"0.17","0.02","0.19","2.89",55,-767,22097,1384,2151,138
13,2,"2026-09-05T14:00:00Z",3,FALSE,90,0,0,0,1,0,0,0,0,0,0,0,9,"9.6","5.3","24.0","3.9",3,4,1,8,1,"0.43","0.02","0.45","2.49",55,23615,52785,29733,6118,138
7,0,"2026-09-13T13:00:00Z",4,FALSE,0,0,0,0,0,0,0,0,0,0,0,0,0,"0.0","0.0","0.0","0.0",0,0,0,0,0,"0.00","0.00","0.00","0.00",55,7254,59839,16416,9162,138
2,0,"2026-08-23T13:00:00Z",1,FALSE,0,0,0,0,0,0,0,0,0,0,0,0,0,"0.0","0.0","0.0","0.0",0,0,0,0,0,"0.00","0.00","0.00","0.00",50,0,2877,0,0,139
6,0,"2026-08-30T13:00:00Z",2,FALSE,0,0,0,0,0,0,0,0,0,0,0,0,0,"0.0","0.0","0.0","0.0",0,0,0,0,0,"0.00","0.00","0.00","0.00",50,-305,3163,318,623,139
13,0,"2026-09-05T14:00:00Z",3,FALSE,0,0,0,0,0,0,0,0,0,0,0,0,0,"0.0","0.0","0.0","0.0",0,0,0,0,0,"0.00","0.00","0.00","0.00",50,-173,3252,545,718,139
7,0,"2026-09-13T13:00:00Z",4,FALSE,0,0,0,0,0,0,0,0,0,0,0,0,0,"0.0","0.0","0.0","0.0",0,0,0,0,0,"0.00","0.00","0.00","0.00",50,-178,3222,346,524,139
10,2,"2026-08-24T19:00:00Z",1,FALSE,90,0,0,0,2,0,0,0,0,0,4,0,6,"21.4","0.0","0.0","2.1",1,5,0,0,1,"0.00","0.01","0.01","1.33",50,0,207899,0,0,140
5,0,"2026-08-30T13:00:00Z",2,FALSE,0,0,0,0,0,0,0,0,0,0,0,0,0,"0.0","0.0","0.0","0.0",0,0,0,0,0,"0.00","0.00","0.00","0.00",50,-18267,217448,8924,27191,140
1,0,"2026-09-06T15:30:00Z",3,FALSE,0,0,0,0,0,0,0,0,0,0,0,0,0,"0.0","0.0","0.0","0.0",0,0,0,0,0,"0.00","0.00","0.00","0.00",49,-82439,130954,1923,84362,140
11,0,"2026-09-12T14:00:00Z",4,FALSE,0,0,0,0,0,0,0,0,0,0,0,0,0,"0.0","0.0","0.0","0.0",0,0,0,0,0,"0.00","0.00","0.00","0.00",49,-44507,93763,0,44507,140
10,0,"2026-08-24T19:00:00Z",1,FALSE,0,0,0,0,0,0,0,0,0,0,0,0,0,"0.0","0.0","0.0","0.0",0,0,0,0,0,"0.00","0.00","0.00","0.00",50,0,1796,0,0,141
5,0,"2026-08-30T13:00:00Z",2,FALSE,0,0,0,0,0,0,0,0,0,0,0,0,0,"0.0","0.0","0.0","0.0",0,0,0,0,0,"0.00","0.00","0.00","0.00",50,-501,1280,0,501,141
1,0,"2026-09-06T15:30:00Z",3,FALSE,0,0,0,0,0,0,0,0,0,0,0,0,0,"0.0","0.0","0.0","0.0",0,0,0,0,0,"0.00","0.00","0.00","0.00",50,-270,1022,0,270,141
11,0,"2026-09-12T14:00:00Z",4,FALSE,0,0,0,0,0,0,0,0,0,0,0,0,0,"0.0","0.0","0.0","0.0",0,0,0,0,0,"0.00","0.00","0.00","0.00",50,-95,933,0,95,141
10,0,"2026-08-24T19:00:00Z",1,FALSE,90,0,0,0,2,0,0,0,1,0,0,0,5,"23.4","16.8","19.0","5.9",6,4,0,6,1,"0.10","0.07","0.17","1.33",55,0,879361,0,0,142
5,1,"2026-08-30T13:00:00Z",2,FALSE,22,0,0,0,1,0,0,0,0,0,0,0,-1,"0.4","0.4","2.0","0.3",0,1,0,0,0,"0.00","0.00","0.00","0.14",55,-18793,987947,62525,81318,142
1,1,"2026-09-06T15:30:00Z",3,FALSE,90,0,0,0,2,0,0,0,0,0,0,0,9,"12.6","15.0","13.0","4.1",3,6,0,3,1,"0.07","0.05","0.12","2.05",55,-184123,810910,27039,211162,142
11,1,"2026-09-12T14:00:00Z",4,FALSE,90,0,0,0,2,0,0,0,0,0,0,0,11,"0.0","0.0","0.0","0.0",2,4,2,4,1,"0.16","0.14","0.30","1.38",54,-30934,828525,60443,91377,142
10,0,"2026-08-24T19:00:00Z",1,FALSE,0,0,0,0,0,0,0,0,0,0,0,0,0,"0.0","0.0","0.0","0.0",0,0,0,0,0,"0.00","0.00","0.00","0.00",55,0,21121,0,0,143
5,0,"2026-08-30T13:00:00Z",2,FALSE,0,0,0,0,0,0,0,0,0,0,0,0,0,"0.0","0.0","0.0","0.0",0,0,0,0,0,"0.00","0.00","0.00","0.00",55,-8058,12877,0,8058,143
1,0,"2026-09-06T15:30:00Z",3,FALSE,0,0,0,0,0,0,0,0,0,0,0,0,0,"0.0","0.0","0.0","0.0",0,0,0,0,0,"0.00","0.00","0.00","0.00",55,-3529,9527,0,3529,143
11,0,"2026-09-12T14:00:00Z",4,FALSE,0,0,0,0,0,0,0,0,0,0,0,0,0,"0.0","0.0","0.0","0.0",0,0,0,0,0,"0.00","0.00","0.00","0.00",55,-1338,8308,0,1338,143
10,1,"2026-08-24T19:00:00Z",1,FALSE,75,0,0,0,2,0,0,0,0,0,0,0,2,"7.2","9.8","6.0","2.3",2,4,1,3,1,"0.00","0.03","0.03","1.11",50,0,98423,0,0,144
5,1,"2026-08-30T13:00:00Z",2,FALSE,90,0,0,0,3,0,0,0,0,0,0,0,-1,"7.8","0.7","0.0","0.9",4,3,1,5,1,"0.00","0.01","0.01","1.41",50,2378,122291,13325,10947,144
1,1,"2026-09-06T15:30:00Z",3,FALSE,30,0,0,0,0,0,0,0,0,0,0,0,4,"3.0","3.4","1.0","0.7",0,2,2,2,0,"0.04","0.01","0.05","0.14",50,-11595,116347,9926,21521,144
11,1,"2026-09-12T14:00:00Z",4,FALSE,77,0,0,0,2,0,0,0,0,0,0,0,7,"0.0","0.0","0.0","0.0",5,4,0,5,1,"0.04","0.07","0.11","0.84",50,-6655,114930,7469,14124,144
10,0,"2026-08-24T19:00:00Z",1,FALSE,0,0,0,0,0,0,0,0,0,0,0,0,0,"0.0","0.0","0.0","0.0",0,0,0,0,0,"0.00","0.00","0.00","0.00",50,0,1057,0,0,145
5,0,"2026-08-30T13:00:00Z",2,FALSE,67,0,0,0,2,0,0,0,1,0,0,0,-2,"19.4","0.9","0.0","2.0",9,0,0,9,1,"0.00","0.01","0.01","1.26",50,552,3489,813,261,145
1,3,"2026-09-06T15:30:00Z",3,FALSE,90,0,0,0,2,0,0,0,0,0,0,0,16,"39.8","22.8","0.0","6.3",14,3,3,17,1,"0.00","0.04","0.04","2.05",50,1351,7346,2579,1228,145
11,1,"2026-09-12T14:00:00Z",4,FALSE,85,0,0,0,2,0,0,0,0,0,0,0,10,"0.0","0.0","0.0","0.0",4,4,2,6,1,"0.00","0.03","0.03","0.89",50,7374,18473,9377,2003,145
10,0,"2026-08-24T19:00:00Z",1,FALSE,0,0,0,0,0,0,0,0,0,0,0,0,0,"0.0","0.0","0.0","0.0",0,0,0,0,0,"0.00","0.00","0.00","0.00",45,0,2313,0,0,146
5,0,"2026-08-30T13:00:00Z",2,FALSE,0,0,0,0,0,0,0,0,0,0,0,0,0,"0.0","0.0","0.0","0.0",0,0,0,0,0,"0.00","0.00","0.00","0.00",45,-568,2126,232,800,146
1,0,"2026-09-06T15:30:00Z",3,FALSE,0,0,0,0,0,0,0,0,0,0,0,0,0,"0.0","0.0","0.0","0.0",0,0,0,0,0,"0.00","0.00","0.00","0.00",45,-719,1405,0,719,146
11,0,"2026-09-12T14:00:00Z",4,FALSE,0,0,0,0,0,0,0,0,0,0,0,0,0,"0.0","0.0","0.0","0.0",0,0,0,0,0,"0.00","0.00","0.00","0.00",45,-250,1183,0,250,146
10,0,"2026-08-24T19:00:00Z",1,FALSE,0,0,0,0,0,0,0,0,0,0,0,0,0,"0.0","0.0","0.0","0.0",0,0,0,0,0,"0.00","0.00","0.00","0.00",45,0,18070,0,0,147
5,0,"2026-08-30T13:00:00Z",2,FALSE,0,0,0,0,0,0,0,0,0,0,0,0,0,"0.0","0.0","0.0","0.0",0,0,0,0,0,"0.00","0.00","0.00","0.00",45,-1857,19280,263,2120,147
18,0,"2026-09-05T14:00:00Z",3,FALSE,0,0,0,0,0,0,0,0,0,0,0,0,0,"0.0","0.0","0.0","0.0",0,0,0,0,0,"0.00","0.00","0.00","0.00",45,-2004,17692,553,2557,147
9,1,"2026-09-12T16:30:00Z",4,FALSE,5,0,0,0,0,0,0,0,0,0,0,0,5,"0.0","0.0","0.0","0.0",2,1,2,4,0,"0.00","0.00","0.00","0.03",44,-999,17024,639,1638,147
10,1,"2026-08-24T19:00:00Z",1,FALSE,64,0,0,0,2,0,0,0,0,0,0,0,5,"8.4","12.3","11.0","3.2",1,2,2,3,1,"0.01","0.03","0.04","1.05",45,0,40724,0,0,148
5,4,"2026-08-30T13:00:00Z",2,FALSE,90,0,1,0,3,0,0,0,0,0,0,0,12,"30.0","20.7","0.0","5.1",4,3,2,6,1,"0.00","0.06","0.06","1.41",45,-126,47286,4358,4484,148
1,3,"2026-09-06T15:30:00Z",3,FALSE,59,0,1,0,2,0,0,0,0,0,0,0,5,"34.8","11.2","2.0","4.8",4,2,2,6,1,"0.00","0.02","0.02","1.91",45,12089,65104,22516,10427,148
11,0,"2026-09-12T14:00:00Z",4,FALSE,45,0,0,0,2,0,0,0,0,0,0,0,-8,"0.0","0.0","0.0","0.0",2,2,1,3,1,"0.00","0.10","0.10","0.44",45,42963,115190,58654,15691,148
10,0,"2026-08-24T19:00:00Z",1,FALSE,90,0,0,0,2,0,0,0,1,0,0,0,6,"6.0","1.6","7.0","1.5",2,3,2,4,1,"0.01","0.03","0.04","1.33",50,0,142918,0,0,149
5,1,"2026-08-30T13:00:00Z",2,FALSE,71,0,0,0,2,0,0,0,0,0,0,0,2,"13.2","0.4","0.0","1.4",8,2,1,9,1,"0.00","0.00","0.00","1.31",50,-7208,150119,10571,17779,149
1,0,"2026-09-06T15:30:00Z",3,FALSE,0,0,0,0,0,0,0,0,0,0,0,0,0,"0.0","0.0","0.0","0.0",0,0,0,0,0,"0.00","0.00","0.00","0.00",50,-25878,124492,7720,33598,149
11,1,"2026-09-12T14:00:00Z",4,FALSE,90,0,0,0,2,0,0,0,0,0,0,0,8,"0.0","0.0","0.0","0.0",6,6,0,6,1,"0.00","0.01","0.01","1.38",49,-17331,112667,5362,22693,149
10,0,"2026-08-24T19:00:00Z",1,FALSE,0,0,0,0,0,0,0,0,0,0,0,0,0,"0.0","0.0","0.0","0.0",0,0,0,0,0,"0.00","0.00","0.00","0.00",45,0,6689,0,0,150
5,0,"2026-08-30T13:00:00Z",2,FALSE,0,0,0,0,0,0,0,0,0,0,0,0,0,"0.0","0.0","0.0","0.0",0,0,0,0,0,"0.00","0.00","0.00","0.00",45,-544,7741,405,949,150
1,0,"2026-09-06T15:30:00Z",3,FALSE,0,0,0,0,0,0,0,0,0,0,0,0,0,"0.0","0.0","0.0","0.0",0,0,0,0,0,"0.00","0.00","0.00","0.00",45,-3325,4381,24,3349,150
11,0,"2026-09-12T14:00:00Z",4,FALSE,0,0,0,0,0,0,0,0,0,0,0,0,0,"0.0","0.0","0.0","0.0",0,0,0,0,0,"0.00","0.00","0.00","0.00",45,-1063,3449,0,1063,150
10,3,"2026-08-24T19:00:00Z",1,FALSE,90,0,0,0,2,0,0,0,0,0,0,0,13,"33.2","2.2","2.0","3.7",10,6,5,15,1,"0.00","0.01","0.01","1.33",45,0,24066,0,0,151
5,1,"2026-08-30T13:00:00Z",2,FALSE,22,0,0,0,1,0,0,0,0,0,0,0,-1,"6.2","0.1","0.0","0.6",2,0,1,3,0,"0.00","0.00","0.00","0.14",45,4931,37116,8065,3134,151
1,1,"2026-09-06T15:30:00Z",3,FALSE,90,0,0,0,2,0,0,0,0,0,0,0,-3,"2.2","1.8","4.0","0.8",1,1,0,1,1,"0.00","0.01","0.01","2.05",45,-1989,38207,4792,6781,151
11,0,"2026-09-12T14:00:00Z",4,FALSE,0,0,0,0,0,0,0,0,0,0,0,0,0,"0.0","0.0","0.0","0.0",0,0,0,0,0,"0.00","0.00","0.00","0.00",45,1716,42181,6326,4610,151
10,0,"2026-08-24T19:00:00Z",1,FALSE,0,0,0,0,0,0,0,0,0,0,0,0,0,"0.0","0.0","0.0","0.0",0,0,0,0,0,"0.00","0.00","0.00","0.00",55,0,263643,0,0,152
5,0,"2026-08-30T13:00:00Z",2,FALSE,0,0,0,0,0,0,0,0,0,0,0,0,0,"0.0","0.0","0.0","0.0",0,0,0,0,0,"0.00","0.00","0.00","0.00",55,-64977,209865,4960,69937,152
1,0,"2026-09-06T15:30:00Z",3,FALSE,0,0,0,0,0,0,0,0,0,0,0,0,0,"0.0","0.0","0.0","0.0",0,0,0,0,0,"0.00","0.00","0.00","0.00",54,-79182,121873,821,80003,152
11,0,"2026-09-12T14:00:00Z",4,FALSE,0,0,0,0,0,0,0,0,0,0,0,0,0,"0.0","0.0","0.0","0.0",0,0,0,0,0,"0.00","0.00","0.00","0.00",54,-45257,87915,419,45676,152
10,0,"2026-08-24T19:00:00Z",1,FALSE,0,0,0,0,0,0,0,0,0,0,0,0,0,"0.0","0.0","0.0","0.0",0,0,0,0,0,"0.00","0.00","0.00","0.00",45,0,5243,0,0,153
15,1,"2026-08-28T19:00:00Z",2,FALSE,16,0,0,0,1,0,0,0,0,0,0,0,-2,"1.2","0.0","0.0","0.1",0,1,1,1,0,"0.00","0.00","0.00","0.20",45,-323,6037,525,848,153
10,3,"2026-09-05T14:00:00Z",3,FALSE,90,0,0,0,2,0,0,0,0,0,0,0,14,"31.4","13.3","2.0","4.7",9,8,4,13,1,"0.00","0.04","0.04","3.14",45,503,7480,1511,1008,153
12,-3,"2026-09-12T14:00:00Z",4,FALSE,33,0,0,0,3,0,0,0,0,1,0,0,-18,"0.0","0.0","0.0","0.0",6,2,0,6,1,"0.00","0.00","0.00","0.38",45,4721,14882,7208,2487,153
10,13,"2026-08-24T19:00:00Z",1,FALSE,82,1,1,0,2,0,0,0,0,0,0,3,60,"65.2","41.3","54.0","16.1",0,7,2,9,1,"0.28","0.19","0.47","1.24",95,0,919516,0,0,154
5,7,"2026-08-30T13:00:00Z",2,FALSE,90,1,0,0,3,0,0,0,0,0,0,0,28,"40.8","25.3","26.0","9.2",2,4,2,8,1,"0.66","0.13","0.79","1.41",95,344912,1644351,376872,31960,154
1,1,"2026-09-06T15:30:00Z",3,FALSE,90,0,0,0,2,0,0,0,1,0,0,0,11,"7.0","15.8","32.0","5.5",0,3,0,3,1,"0.11","0.04","0.15","2.05",96,195102,1912956,387902,192800,154
11,5,"2026-09-12T14:00:00Z",4,FALSE,90,0,1,0,2,0,0,0,0,0,0,0,28,"0.0","0.0","0.0","0.0",0,3,0,3,1,"0.13","0.25","0.38","1.38",97,842103,3081598,946062,103959,154
10,1,"2026-08-24T19:00:00Z",1,FALSE,25,0,0,0,0,0,0,0,0,0,0,0,6,"3.4","12.0","0.0","1.5",0,3,0,3,0,"0.00","0.02","0.02","0.28",70,0,442051,0,0,155
5,0,"2026-08-30T13:00:00Z",2,FALSE,0,0,0,0,0,0,0,0,0,0,0,0,0,"0.0","0.0","0.0","0.0",0,0,0,0,0,"0.00","0.00","0.00","0.00",70,-74211,430662,14954,89165,155
7,3,"2026-09-05T14:00:00Z",3,FALSE,75,0,0,1,0,0,0,0,0,0,0,0,17,"10.2","18.9","18.0","4.7",1,1,1,3,1,"0.13","0.12","0.25","1.00",69,-101968,341334,30968,132936,155
16,0,"2026-09-13T15:30:00Z",4,FALSE,0,0,0,0,0,0,0,0,0,0,0,0,0,"0.0","0.0","0.0","0.0",0,0,0,0,0,"0.00","0.00","0.00","0.00",69,-12688,344271,39194,51882,155
10,1,"2026-08-24T19:00:00Z",1,FALSE,14,0,0,0,0,0,0,0,0,0,0,0,9,"5.2","4.1","4.0","1.3",0,3,1,4,0,"0.03","0.07","0.10","0.22",65,0,116795,0,0,156
5,7,"2026-08-30T13:00:00Z",2,FALSE,67,1,0,0,2,0,0,0,0,0,0,0,32,"45.2","25.6","38.0","10.9",3,1,0,4,1,"0.41","0.33","0.74","1.26",65,-17727,117566,5635,23362,156
1,2,"2026-09-06T15:30:00Z",3,FALSE,80,0,0,0,2,0,0,0,0,0,0,0,10,"6.2","23.8","14.0","4.4",2,4,1,7,1,"0.03","0.03","0.06","2.05",65,2299,130367,21878,19579,156
11,2,"2026-09-12T14:00:00Z",4,FALSE,85,0,0,0,2,0,0,0,0,0,0,0,17,"0.0","0.0","0.0","0.0",3,3,1,7,1,"0.05","0.10","0.15","0.89",65,17123,156595,33627,16504,156
10,1,"2026-08-24T19:00:00Z",1,FALSE,7,0,0,0,0,0,0,0,0,0,0,0,3,"0.2","0.4","0.0","0.1",0,1,0,1,0,"0.00","0.00","0.00","0.09",65,0,109575,0,0,157
5,0,"2026-08-30T13:00:00Z",2,FALSE,0,0,0,0,0,0,0,0,0,0,0,0,0,"0.0","0.0","0.0","0.0",0,0,0,0,0,"0.00","0.00","0.00","0.00",65,-18220,111448,5564,23784,157
1,1,"2026-09-06T15:30:00Z",3,FALSE,9,0,0,0,0,0,0,0,0,0,0,0,5,"3.2","0.4","17.0","2.1",0,0,0,0,0,"0.04","0.00","0.04","0.00",64,-31266,84845,3486,34752,157
11,1,"2026-09-12T14:00:00Z",4,FALSE,4,0,0,0,0,0,0,0,0,0,0,0,6,"0.0","0.0","0.0","0.0",0,0,1,1,0,"0.03","0.07","0.10","0.49",64,-10183,79584,3867,14050,157
10,0,"2026-08-24T19:00:00Z",1,FALSE,0,0,0,0,0,0,0,0,0,0,0,0,0,"0.0","0.0","0.0","0.0",0,0,0,0,0,"0.00","0.00","0.00","0.00",60,0,3231,0,0,158
5,0,"2026-08-30T13:00:00Z",2,FALSE,0,0,0,0,0,0,0,0,0,0,0,0,0,"0.0","0.0","0.0","0.0",0,0,0,0,0,"0.00","0.00","0.00","0.00",60,-502,3391,271,773,158
1,0,"2026-09-06T15:30:00Z",3,FALSE,0,0,0,0,0,0,0,0,0,0,0,0,0,"0.0","0.0","0.0","0.0",0,0,0,0,0,"0.00","0.00","0.00","0.00",59,-715,2954,260,975,158
11,0,"2026-09-12T14:00:00Z",4,FALSE,0,0,0,0,0,0,0,0,0,0,0,0,0,"0.0","0.0","0.0","0.0",0,0,0,0,0,"0.00","0.00","0.00","0.00",59,-225,2962,250,475,158
10,0,"2026-08-24T19:00:00Z",1,FALSE,0,0,0,0,0,0,0,0,0,0,0,0,0,"0.0","0.0","0.0","0.0",0,0,0,0,0,"0.00","0.00","0.00","0.00",55,0,347122,0,0,159
5,1,"2026-08-30T13:00:00Z",2,FALSE,13,0,0,0,0,0,0,0,0,0,0,0,3,"0.0","0.1","0.0","0.0",0,0,0,0,0,"0.00","0.00","0.00","0.07",55,-88842,282404,9481,98323,159
1,0,"2026-09-06T15:30:00Z",3,FALSE,0,0,0,0,0,0,0,0,0,0,0,0,0,"0.0","0.0","0.0","0.0",0,0,0,0,0,"0.00","0.00","0.00","0.00",54,-88920,192746,3231,92151,159
11,0,"2026-09-12T14:00:00Z",4,FALSE,0,0,0,0,0,0,0,0,0,0,0,0,0,"0.0","0.0","0.0","0.0",0,0,0,0,0,"0.00","0.00","0.00","0.00",54,-48857,149377,1342,50199,159
5,1,"2026-08-23T13:00:00Z",1,FALSE,4,0,0,0,0,0,0,0,0,0,0,0,2,"0.0","0.0","0.0","0.0",0,0,0,0,0,"0.00","0.00","0.00","0.14",60,0,54802,0,0,160
1,1,"2026-08-31T19:00:00Z",2,FALSE,12,0,0,0,0,0,0,0,0,0,0,0,3,"0.2","2.0","0.0","0.2",0,2,0,2,0,"0.00","0.00","0.00","0.00",60,-8554,53506,2021,10575,160
11,1,"2026-09-05T16:30:00Z",3,FALSE,15,0,0,0,0,0,0,0,0,0,0,0,4,"1.0","1.6","0.0","0.3",0,0,0,0,0,"0.00","0.00","0.00","0.35",59,-9524,46064,2557,12081,160
18,0,"2026-09-12T14:00:00Z",4,FALSE,0,0,0,0,0,0,0,0,0,0,0,0,0,"0.0","0.0","0.0","0.0",0,0,0,0,0,"0.00","0.00","0.00","0.00",59,-7225,40475,1531,8756,160
10,1,"2026-08-24T19:00:00Z",1,FALSE,64,0,0,0,2,0,0,0,1,0,0,0,8,"13.6","21.9","33.0","6.9",2,4,3,9,1,"0.21","0.03","0.24","1.05",50,0,4654,0,0,161
5,7,"2026-08-30T13:00:00Z",2,FALSE,67,1,0,0,2,0,0,0,0,0,0,0,32,"39.0","0.8","33.0","7.3",3,3,1,7,1,"0.54","0.00","0.54","1.26",50,254,6337,1173,919,161
1,1,"2026-09-06T15:30:00Z",3,FALSE,59,0,0,0,2,0,0,0,0,0,0,0,7,"5.8","1.5","0.0","0.7",2,3,1,6,1,"0.00","0.01","0.01","1.91",50,9966,20847,13724,3758,161
11,2,"2026-09-12T14:00:00Z",4,FALSE,68,0,0,0,2,0,0,0,0,0,0,0,14,"0.0","0.0","0.0","0.0",3,5,1,9,1,"0.00","0.07","0.07","0.84",50,3527,25157,7547,4020,161
11,2,"2026-08-22T11:30:00Z",1,FALSE,66,0,0,0,2,0,0,0,0,0,0,0,17,"11.4","4.2","2.0","1.8",3,5,1,9,1,"0.00","0.23","0.23","0.94",50,0,93940,0,0,162
12,1,"2026-08-30T15:30:00Z",2,FALSE,10,0,0,0,1,0,0,0,0,0,0,0,2,"6.2","0.7","0.0","0.7",0,2,3,5,0,"0.00","0.00","0.00","1.00",50,-7693,96490,7456,15149,162
9,1,"2026-09-06T13:00:00Z",3,FALSE,6,0,0,0,1,0,0,0,0,0,0,0,4,"7.2","0.6","6.0","1.4",4,0,0,4,0,"0.00","0.01","0.01","0.09",49,-16957,83163,7346,24303,162
15,0,"2026-09-13T15:30:00Z",4,FALSE,0,0,0,0,0,0,0,0,0,0,0,0,0,"0.0","0.0","0.0","0.0",0,0,0,0,0,"0.00","0.00","0.00","0.00",49,-13179,72284,3527,16706,162
10,0,"2026-08-24T19:00:00Z",1,FALSE,0,0,0,0,0,0,0,0,0,0,0,0,0,"0.0","0.0","0.0","0.0",0,0,0,0,0,"0.00","0.00","0.00","0.00",45,0,18298,0,0,163
5,0,"2026-08-30T13:00:00Z",2,FALSE,0,0,0,0,0,0,0,0,0,0,0,0,0,"0.0","0.0","0.0","0.0",0,0,0,0,0,"0.00","0.00","0.00","0.00",45,-1635,18847,1252,2887,163
1,0,"2026-09-06T15:30:00Z",3,FALSE,0,0,0,0,0,0,0,0,0,0,0,0,0,"0.0","0.0","0.0","0.0",0,0,0,0,0,"0.00","0.00","0.00","0.00",45,-3147,16417,1446,4593,163
11,0,"2026-09-12T14:00:00Z",4,FALSE,0,0,0,0,0,0,0,0,0,0,0,0,0,"0.0","0.0","0.0","0.0",0,0,0,0,0,"0.00","0.00","0.00","0.00",45,-4174,12126,0,4174,163
10,1,"2026-08-24T19:00:00Z",1,FALSE,8,0,0,0,0,0,0,0,0,0,0,0,2,"1.2","0.3","2.0","0.4",1,0,0,1,0,"0.00","0.00","0.00","0.09",55,0,3758,0,0,164
5,0,"2026-08-30T13:00:00Z",2,FALSE,0,0,0,0,0,0,0,0,0,0,0,0,0,"0.0","0.0","0.0","0.0",0,0,0,0,0,"0.00","0.00","0.00","0.00",55,-589,4061,231,820,164
1,0,"2026-09-06T15:30:00Z",3,FALSE,0,0,0,0,0,0,0,0,0,0,0,0,0,"0.0","0.0","0.0","0.0",0,0,0,0,0,"0.00","0.00","0.00","0.00",54,-904,3704,292,1196,164
11,0,"2026-09-12T14:00:00Z",4,FALSE,0,0,0,0,0,0,0,0,0,0,0,0,0,"0.0","0.0","0.0","0.0",0,0,0,0,0,"0.00","0.00","0.00","0.00",54,-517,3551,154,671,164
10,11,"2026-08-24T19:00:00Z",1,FALSE,90,1,1,0,2,0,0,0,0,0,0,2,45,"51.2","23.0","37.0","11.1",1,2,0,3,1,"0.63","0.06","0.69","1.33",75,0,5764207,0,0,165
5,9,"2026-08-30T13:00:00Z",2,FALSE,90,1,1,0,3,1,0,0,0,0,0,2,44,"52.8","22.5","46.0","12.1",0,2,1,3,1,"1.23","0.04","1.27","1.41",76,377023,6802308,405188,28165,165
1,1,"2026-09-06T15:30:00Z",3,FALSE,90,0,0,0,2,0,0,0,1,0,0,0,8,"0.0","28.8","9.0","3.7",0,1,0,1,1,"0.02","0.05","0.07","2.05",77,255757,7177659,446528,190771,165
11,12,"2026-09-12T14:00:00Z",4,FALSE,90,1,1,0,2,0,0,0,0,0,0,3,44,"0.0","0.0","0.0","0.0",2,0,0,2,1,"0.29","0.04","0.33","1.38",77,296877,7935710,401634,104757,165
10,0,"2026-08-24T19:00:00Z",1,FALSE,0,0,0,0,0,0,0,0,0,0,0,0,0,"0.0","0.0","0.0","0.0",0,0,0,0,0,"0.00","0.00","0.00","0.00",65,0,29435,0,0,166
1,2,"2026-08-31T19:00:00Z",2,FALSE,70,0,0,0,1,0,0,0,0,0,0,0,11,"4.2","5.9","2.0","1.2",0,3,0,3,1,"0.00","0.10","0.10","1.01",65,-2878,63340,26989,5175,166
11,2,"2026-09-05T16:30:00Z",3,FALSE,84,0,0,1,0,0,0,0,0,0,0,0,10,"1.2","17.5","20.0","3.9",0,2,0,2,1,"0.24","0.44","0.68","0.22",65,37834,115958,46877,9043,166
18,0,"2026-09-12T14:00:00Z",4,FALSE,45,0,0,0,0,0,0,0,1,0,0,0,0,"0.0","0.0","0.0","0.0",0,0,0,0,1,"0.00","0.04","0.04","0.39",65,28857,143354,47223,18366,166
10,0,"2026-08-24T19:00:00Z",1,FALSE,0,0,0,0,0,0,0,0,0,0,0,0,0,"0.0","0.0","0.0","0.0",0,0,0,0,0,"0.00","0.00","0.00","0.00",55,0,40156,0,0,167
14,1,"2026-08-29T11:30:00Z",2,FALSE,24,0,0,0,1,0,0,0,0,0,0,0,9,"4.0","10.1","7.0","2.1",0,0,0,0,0,"0.07","0.00","0.07","0.33",55,175,48067,7740,7565,167
19,2,"2026-09-05T14:00:00Z",3,FALSE,73,0,0,1,0,0,0,0,0,0,0,0,6,"2.4","20.8","5.0","2.8",2,3,0,5,1,"0.06","0.06","0.12","0.89",55,24969,83350,36946,11977,167
2,5,"2026-09-12T14:00:00Z",4,FALSE,90,1,0,0,1,0,0,0,1,0,0,0,25,"0.0","0.0","0.0","0.0",1,2,1,4,1,"0.63","0.08","0.71","0.73",55,7672,93051,20097,12425,167
10,0,"2026-08-24T19:00:00Z",1,FALSE,0,0,0,0,0,0,0,0,0,0,0,0,0,"0.0","0.0","0.0","0.0",0,0,0,0,0,"0.00","0.00","0.00","0.00",50,0,42801,0,0,168
5,0,"2026-08-30T13:00:00Z",2,FALSE,0,0,0,0,0,0,0,0,0,0,0,0,0,"0.0","0.0","0.0","0.0",0,0,0,0,0,"0.00","0.00","0.00","0.00",50,-3968,43955,2178,6146,168
1,0,"2026-09-06T15:30:00Z",3,FALSE,0,0,0,0,0,0,0,0,0,0,0,0,0,"0.0","0.0","0.0","0.0",0,0,0,0,0,"0.00","0.00","0.00","0.00",50,-10863,33721,1924,12787,168
11,0,"2026-09-12T14:00:00Z",4,FALSE,0,0,0,0,0,0,0,0,0,0,0,0,0,"0.0","0.0","0.0","0.0",0,0,0,0,0,"0.00","0.00","0.00","0.00",50,-8710,25300,0,8710,168
10,0,"2026-08-24T19:00:00Z",1,FALSE,0,0,0,0,0,0,0,0,0,0,0,0,0,"0.0","0.0","0.0","0.0",0,0,0,0,0,"0.00","0.00","0.00","0.00",45,0,30422,0,0,169
5,0,"2026-08-30T13:00:00Z",2,FALSE,0,0,0,0,0,0,0,0,0,0,0,0,0,"0.0","0.0","0.0","0.0",0,0,0,0,0,"0.00","0.00","0.00","0.00",45,-1480,34265,2929,4409,169
1,0,"2026-09-06T15:30:00Z",3,FALSE,0,0,0,0,0,0,0,0,0,0,0,0,0,"0.0","0.0","0.0","0.0",0,0,0,0,0,"0.00","0.00","0.00","0.00",45,2681,43546,8439,5758,169
11,0,"2026-09-12T14:00:00Z",4,FALSE,0,0,0,0,0,0,0,0,0,0,0,0,0,"0.0","0.0","0.0","0.0",0,0,0,0,0,"0.00","0.00","0.00","0.00",45,1152,44291,6884,5732,169
10,0,"2026-08-24T19:00:00Z",1,FALSE,0,0,0,0,0,0,0,0,0,0,0,0,0,"0.0","0.0","0.0","0.0",0,0,0,0,0,"0.00","0.00","0.00","0.00",50,0,11724,0,0,170
5,0,"2026-08-30T13:00:00Z",2,FALSE,0,0,0,0,0,0,0,0,0,0,0,0,0,"0.0","0.0","0.0","0.0",0,0,0,0,0,"0.00","0.00","0.00","0.00",50,-884,14647,1450,2334,170
1,0,"2026-09-06T15:30:00Z",3,FALSE,0,0,0,0,0,0,0,0,0,0,0,0,0,"0.0","0.0","0.0","0.0",0,0,0,0,0,"0.00","0.00","0.00","0.00",50,-539,15735,2709,3248,170
11,0,"2026-09-12T14:00:00Z",4,FALSE,0,0,0,0,0,0,0,0,0,0,0,0,0,"0.0","0.0","0.0","0.0",0,0,0,0,0,"0.00","0.00","0.00","0.00",50,-1425,14885,1719,3144,170
1,0,"2026-08-21T19:00:00Z",1,FALSE,0,0,0,0,0,0,0,0,0,0,0,0,0,"0.0","0.0","0.0","0.0",0,0,0,0,0,"0.00","0.00","0.00","0.00",40,0,142267,0,0,171
11,0,"2026-08-29T14:00:00Z",2,FALSE,0,0,0,0,0,0,0,0,0,0,0,0,0,"0.0","0.0","0.0","0.0",0,0,0,0,0,"0.00","0.00","0.00","0.00",40,-3777,152756,2634,6411,171
15,0,"2026-09-05T14:00:00Z",3,FALSE,0,0,0,0,0,0,0,0,0,0,0,0,0,"0.0","0.0","0.0","0.0",0,0,0,0,0,"0.00","0.00","0.00","0.00",40,-12005,141466,6290,18295,171
5,0,"2026-09-13T13:00:00Z",4,FALSE,0,0,0,0,0,0,0,0,0,0,0,0,0,"0.0","0.0","0.0","0.0",0,0,0,0,0,"0.00","0.00","0.00","0.00",40,-18083,122705,0,18083,171
1,0,"2026-08-21T19:00:00Z",1,FALSE,0,0,0,0,0,0,0,0,0,0,0,0,0,"0.0","0.0","0.0","0.0",0,0,0,0,0,"0.00","0.00","0.00","0.00",45,0,42690,0,0,172
11,0,"2026-08-29T14:00:00Z",2,FALSE,0,0,0,0,0,0,0,0,0,0,0,0,0,"0.0","0.0","0.0","0.0",0,0,0,0,0,"0.00","0.00","0.00","0.00",45,-3213,45549,227,3440,172
15,0,"2026-09-05T14:00:00Z",3,FALSE,0,0,0,0,0,0,0,0,0,0,0,0,0,"0.0","0.0","0.0","0.0",0,0,0,0,0,"0.00","0.00","0.00","0.00",45,-3942,41782,265,4207,172
5,0,"2026-09-13T13:00:00Z",4,FALSE,0,0,0,0,0,0,0,0,0,0,0,0,0,"0.0","0.0","0.0","0.0",0,0,0,0,0,"0.00","0.00","0.00","0.00",45,-2072,40175,242,2314,172
1,3,"2026-08-21T19:00:00Z",1,FALSE,90,0,0,0,3,0,0,0,0,0,0,0,11,"23.2","11.2","1.0","3.5",9,2,1,10,1,"0.02","0.01","0.03","1.88",40,0,721945,0,0,173
11,8,"2026-08-29T14:00:00Z",2,FALSE,77,0,0,1,0,0,0,0,0,0,0,2,28,"17.0","0.7","0.0","1.8",9,6,0,9,1,"0.00","0.01","0.01","0.18",40,14221,791028,38111,23890,173
15,4,"2026-09-05T14:00:00Z",3,FALSE,90,0,0,0,1,0,0,0,0,0,0,0,19,"20.6","20.8","24.0","6.5",11,3,1,12,1,"0.22","0.17","0.39","2.12",40,44441,883716,114108,69667,173
5,0,"2026-09-13T13:00:00Z",4,FALSE,0,0,0,0,0,0,0,0,0,0,0,0,0,"0.0","0.0","0.0","0.0",0,0,0,0,0,"0.00","0.00","0.00","0.00",40,70975,1003377,154241,83266,173
1,0,"2026-08-21T19:00:00Z",1,FALSE,0,0,0,0,0,0,0,0,0,0,0,0,0,"0.0","0.0","0.0","0.0",0,0,0,0,0,"0.00","0.00","0.00","0.00",40,0,60272,0,0,174
11,0,"2026-08-29T14:00:00Z",2,FALSE,0,0,0,0,0,0,0,0,0,0,0,0,0,"0.0","0.0","0.0","0.0",0,0,0,0,0,"0.00","0.00","0.00","0.00",40,-4266,64130,520,4786,174
15,0,"2026-09-05T14:00:00Z",3,FALSE,0,0,0,0,0,0,0,0,0,0,0,0,0,"0.0","0.0","0.0","0.0",0,0,0,0,0,"0.00","0.00","0.00","0.00",40,-9976,53997,461,10437,174
5,0,"2026-09-13T13:00:00Z",4,FALSE,0,0,0,0,0,0,0,0,0,0,0,0,0,"0.0","0.0","0.0","0.0",0,0,0,0,0,"0.00","0.00","0.00","0.00",40,-10533,43580,0,10533,174
1,1,"2026-08-21T19:00:00Z",1,FALSE,90,0,0,0,3,0,0,0,0,0,0,0,-8,"10.6","2.0","2.0","1.5",6,3,1,7,1,"0.00","0.01","0.01","1.88",40,0,1257228,0,0,175
11,2,"2026-08-29T14:00:00Z",2,FALSE,90,0,0,0,1,0,0,0,0,0,0,0,15,"15.4","33.9","6.0","5.5",1,3,1,2,1,"0.00","0.19","0.19","0.72",40,-15407,1295672,34451,49858,175
15,3,"2026-09-05T14:00:00Z",3,FALSE,90,0,0,0,1,0,0,0,1,0,0,0,5,"16.8","5.2","2.0","2.4",8,4,3,11,1,"0.00","0.06","0.06","2.12",40,-80255,1209039,41712,121967,175
5,0,"2026-09-13T13:00:00Z",4,FALSE,0,0,0,0,0,0,0,0,0,0,0,0,0,"0.0","0.0","0.0","0.0",0,0,0,0,0,"0.00","0.00","0.00","0.00",40,-106326,1124770,32583,138909,175
1,1,"2026-08-21T19:00:00Z",1,FALSE,90,0,0,0,3,0,0,0,0,0,0,0,-4,"13.8","3.8","0.0","1.8",6,1,0,6,1,"0.00","0.02","0.02","1.88",40,0,73424,0,0,176
11,2,"2026-08-29T14:00:00Z",2,FALSE,90,0,0,0,1,0,0,0,0,0,0,0,15,"15.2","7.3","17.0","4.0",1,3,2,3,1,"0.18","0.05","0.23","0.72",40,-830,82832,3224,4054,176
15,2,"2026-09-05T14:00:00Z",3,FALSE,84,0,0,0,1,0,0,0,0,0,0,0,10,"21.8","14.9","0.0","3.7",5,3,2,7,1,"0.00","0.08","0.08","2.12",40,-4522,79293,2664,7186,176
5,0,"2026-09-13T13:00:00Z",4,FALSE,0,0,0,0,0,0,0,0,0,0,0,0,0,"0.0","0.0","0.0","0.0",0,0,0,0,0,"0.00","0.00","0.00","0.00",40,-2321,77723,2492,4813,176
1,0,"2026-08-21T19:00:00Z",1,FALSE,0,0,0,0,0,0,0,0,0,0,0,0,0,"0.0","0.0","0.0","0.0",0,0,0,0,0,"0.00","0.00","0.00","0.00",40,0,6032,0,0,177
11,0,"2026-08-29T14:00:00Z",2,FALSE,0,0,0,0,0,0,0,0,0,0,0,0,0,"0.0","0.0","0.0","0.0",0,0,0,0,0,"0.00","0.00","0.00","0.00",40,-582,5764,168,750,177
15,0,"2026-09-05T14:00:00Z",3,FALSE,0,0,0,0,0,0,0,0,0,0,0,0,0,"0.0","0.0","0.0","0.0",0,0,0,0,0,"0.00","0.00","0.00","0.00",40,-1131,4676,131,1262,177
5,0,"2026-09-13T13:00:00Z",4,FALSE,0,0,0,0,0,0,0,0,0,0,0,0,0,"0.0","0.0","0.0","0.0",0,0,0,0,0,"0.00","0.00","0.00","0.00",40,-596,4121,114,710,177
1,0,"2026-08-21T19:00:00Z",1,FALSE,0,0,0,0,0,0,0,0,0,0,0,0,0,"0.0","0.0","0.0","0.0",0,0,0,0,0,"0.00","0.00","0.00","0.00",40,0,7091,0,0,178
11,0,"2026-08-29T14:00:00Z",2,FALSE,0,0,0,0,0,0,0,0,0,0,0,0,0,"0.0","0.0","0.0","0.0",0,0,0,0,0,"0.00","0.00","0.00","0.00",40,-238,8500,506,744,178
15,0,"2026-09-05T14:00:00Z",3,FALSE,0,0,0,0,0,0,0,0,0,0,0,0,0,"0.0","0.0","0.0","0.0",0,0,0,0,0,"0.00","0.00","0.00","0.00",40,-315,8763,663,978,178
5,0,"2026-09-13T13:00:00Z",4,FALSE,0,0,0,0,0,0,0,0,0,0,0,0,0,"0.0","0.0","0.0","0.0",0,0,0,0,0,"0.00","0.00","0.00","0.00",40,-160,8754,645,805,178
1,0,"2026-08-21T19:00:00Z",1,FALSE,0,0,0,0,0,0,0,0,0,0,0,0,0,"0.0","0.0","0.0","0.0",0,0,0,0,0,"0.00","0.00","0.00","0.00",40,0,3977,0,0,179
11,0,"2026-08-29T14:00:00Z",2,FALSE,0,0,0,0,0,0,0,0,0,0,0,0,0,"0.0","0.0","0.0","0.0",0,0,0,0,0,"0.00","0.00","0.00","0.00",40,-260,3984,160,420,179
15,0,"2026-09-05T14:00:00Z",3,FALSE,0,0,0,0,0,0,0,0,0,0,0,0,0,"0.0","0.0","0.0","0.0",0,0,0,0,0,"0.00","0.00","0.00","0.00",40,-161,4150,319,480,179
5,0,"2026-09-13T13:00:00Z",4,FALSE,0,0,0,0,0,0,0,0,0,0,0,0,0,"0.0","0.0","0.0","0.0",0,0,0,0,0,"0.00","0.00","0.00","0.00",40,-101,4073,277,378,179
1,0,"2026-08-21T19:00:00Z",1,FALSE,0,0,0,0,0,0,0,0,0,0,0,0,0,"0.0","0.0","0.0","0.0",0,0,0,0,0,"0.00","0.00","0.00","0.00",40,0,16501,0,0,180
11,0,"2026-08-29T14:00:00Z",2,FALSE,0,0,0,0,0,0,0,0,0,0,0,0,0,"0.0","0.0","0.0","0.0",0,0,0,0,0,"0.00","0.00","0.00","0.00",40,-1282,16943,946,2228,180
15,0,"2026-09-05T14:00:00Z",3,FALSE,0,0,0,0,0,0,0,0,0,0,0,0,0,"0.0","0.0","0.0","0.0",0,0,0,0,0,"0.00","0.00","0.00","0.00",40,-2522,15091,659,3181,180
5,0,"2026-09-13T13:00:00Z",4,FALSE,0,0,0,0,0,0,0,0,0,0,0,0,0,"0.0","0.0","0.0","0.0",0,0,0,0,0,"0.00","0.00","0.00","0.00",40,-1447,13479,375,1822,180
1,0,"2026-08-21T19:00:00Z",1,FALSE,0,0,0,0,0,0,0,0,0,0,0,0,0,"0.0","0.0","0.0","0.0",0,0,0,0,0,"0.00","0.00","0.00","0.00",40,0,3736,0,0,181
11,0,"2026-08-29T14:00:00Z",2,FALSE,0,0,0,0,0,0,0,0,0,0,0,0,0,"0.0","0.0","0.0","0.0",0,0,0,0,0,"0.00","0.00","0.00","0.00",40,-82,4079,256,338,181
15,0,"2026-09-05T14:00:00Z",3,FALSE,0,0,0,0,0,0,0,0,0,0,0,0,0,"0.0","0.0","0.0","0.0",0,0,0,0,0,"0.00","0.00","0.00","0.00",40,-956,3074,19,975,181
5,0,"2026-09-13T13:00:00Z",4,FALSE,0,0,0,0,0,0,0,0,0,0,0,0,0,"0.0","0.0","0.0","0.0",0,0,0,0,0,"0.00","0.00","0.00","0.00",40,-477,2631,0,477,181
1,1,"2026-08-21T19:00:00Z",1,FALSE,90,0,0,0,3,0,0,0,0,0,0,0,1,"28.8","0.8","0.0","3.0",9,4,0,9,1,"0.00","0.01","0.01","1.88",40,0,75420,0,0,182
11,1,"2026-08-29T14:00:00Z",2,FALSE,90,0,0,0,1,0,0,0,1,0,0,0,4,"11.4","2.1","5.0","1.9",4,1,0,4,1,"0.02","0.04","0.06","0.72",40,-1183,84795,3328,4511,182
15,2,"2026-09-05T14:00:00Z",3,FALSE,90,0,0,0,1,0,0,0,0,0,0,0,4,"4.4","1.3","6.0","1.2",2,6,1,3,1,"0.00","0.34","0.34","2.12",40,-4953,81029,3124,8077,182
5,0,"2026-09-13T13:00:00Z",4,FALSE,0,0,0,0,0,0,0,0,0,0,0,0,0,"0.0","0.0","0.0","0.0",0,0,0,0,0,"0.00","0.00","0.00","0.00",40,-2035,81299,3596,5631,182
1,1,"2026-08-21T19:00:00Z",1,FALSE,20,0,0,0,0,0,0,0,0,0,0,0,3,"5.6","3.8","17.0","2.6",0,4,1,5,0,"0.15","0.00","0.15","0.29",50,0,13002,0,0,183
11,3,"2026-08-29T14:00:00Z",2,FALSE,70,0,0,1,0,0,0,0,0,0,0,0,12,"6.8","27.7","4.0","3.9",1,4,1,6,1,"0.06","0.09","0.15","0.02",50,-49,14191,1250,1299,183
15,2,"2026-09-05T14:00:00Z",3,FALSE,62,0,0,0,1,0,0,0,0,0,0,0,9,"14.4","28.5","33.0","7.6",2,2,1,5,1,"0.29","0.09","0.38","1.17",50,-1863,12234,706,2569,183
5,0,"2026-09-13T13:00:00Z",4,FALSE,0,0,0,0,0,0,0,0,0,0,0,0,0,"0.0","0.0","0.0","0.0",0,0,0,0,0,"0.00","0.00","0.00","0.00",50,-812,11698,965,1777,183
1,2,"2026-08-21T19:00:00Z",1,FALSE,90,0,0,0,3,0,0,0,0,0,0,0,14,"13.4","3.7","0.0","1.7",4,3,0,7,1,"0.00","0.01","0.01","1.88",50,0,17412,0,0,184
11,2,"2026-08-29T14:00:00Z",2,FALSE,90,0,0,0,1,0,0,0,0,0,0,0,14,"14.2","20.9","2.0","3.7",1,9,0,10,1,"0.01","0.04","0.05","0.72",50,674,20154,2290,1616,184
15,2,"2026-09-05T14:00:00Z",3,FALSE,90,0,0,0,1,0,0,0,0,0,0,0,8,"18.6","2.3","1.0","2.2",3,0,5,8,1,"0.04","0.00","0.04","2.12",50,-3443,16127,481,3924,184
5,0,"2026-09-13T13:00:00Z",4,FALSE,0,0,0,0,0,0,0,0,0,0,0,0,0,"0.0","0.0","0.0","0.0",0,0,0,0,0,"0.00","0.00","0.00","0.00",50,-2101,14585,532,2633,184
1,0,"2026-08-21T19:00:00Z",1,FALSE,0,0,0,0,0,0,0,0,0,0,0,0,0,"0.0","0.0","0.0","0.0",0,0,0,0,0,"0.00","0.00","0.00","0.00",50,0,10294,0,0,185
11,1,"2026-08-29T14:00:00Z",2,FALSE,31,0,0,0,1,0,0,0,0,0,0,0,8,"6.2","5.9","7.0","1.9",0,2,2,4,0,"0.02","0.02","0.04","0.69",50,-1318,9710,137,1455,185
15,0,"2026-09-05T14:00:00Z",3,FALSE,0,0,0,0,0,0,0,0,0,0,0,0,0,"0.0","0.0","0.0","0.0",0,0,0,0,0,"0.00","0.00","0.00","0.00",49,-1339,8559,404,1743,185
5,0,"2026-09-13T13:00:00Z",4,FALSE,0,0,0,0,0,0,0,0,0,0,0,0,0,"0.0","0.0","0.0","0.0",0,0,0,0,0,"0.00","0.00","0.00","0.00",49,-975,7657,207,1182,185
1,0,"2026-08-21T19:00:00Z",1,FALSE,0,0,0,0,0,0,0,0,0,0,0,0,0,"0.0","0.0","0.0","0.0",0,0,0,0,0,"0.00","0.00","0.00","0.00",55,0,11314,0,0,186
11,1,"2026-08-29T14:00:00Z",2,FALSE,57,0,0,0,0,0,0,0,0,0,0,0,4,"4.2","16.0","0.0","2.0",2,2,0,4,1,"0.00","0.06","0.06","0.02",55,-1089,12149,489,1578,186
15,2,"2026-09-05T14:00:00Z",3,FALSE,70,0,0,0,1,0,0,0,0,0,0,0,4,"0.0","0.8","2.0","0.1",2,3,0,5,1,"0.00","0.00","0.00","1.17",54,-1860,10318,228,2088,186
5,0,"2026-09-13T13:00:00Z",4,FALSE,0,0,0,0,0,0,0,0,0,0,0,0,0,"0.0","0.0","0.0","0.0",0,0,0,0,0,"0.00","0.00","0.00","0.00",54,-780,9746,222,1002,186
1,0,"2026-08-21T19:00:00Z",1,FALSE,0,0,0,0,0,0,0,0,0,0,0,0,0,"0.0","0.0","0.0","0.0",0,0,0,0,0,"0.00","0.00","0.00","0.00",50,0,1503,0,0,187
11,0,"2026-08-29T14:00:00Z",2,FALSE,0,0,0,0,0,0,0,0,0,0,0,0,0,"0.0","0.0","0.0","0.0",0,0,0,0,0,"0.00","0.00","0.00","0.00",50,-230,1391,69,299,187
15,0,"2026-09-05T14:00:00Z",3,FALSE,0,0,0,0,0,0,0,0,0,0,0,0,0,"0.0","0.0","0.0","0.0",0,0,0,0,0,"0.00","0.00","0.00","0.00",49,30,1547,434,404,187
5,0,"2026-09-13T13:00:00Z",4,FALSE,0,0,0,0,0,0,0,0,0,0,0,0,0,"0.0","0.0","0.0","0.0",0,0,0,0,0,"0.00","0.00","0.00","0.00",49,-249,1294,93,342,187
1,1,"2026-08-21T19:00:00Z",1,FALSE,28,0,0,0,0,0,0,0,0,0,0,0,8,"6.8","16.4","0.0","2.3",1,0,0,1,0,"0.00","0.11","0.11","0.32",55,0,15509,0,0,188
11,1,"2026-08-29T14:00:00Z",2,FALSE,19,0,0,0,1,0,0,0,0,0,0,0,2,"0.0","3.6","0.0","0.3",0,2,0,2,0,"0.00","0.01","0.01","0.69",55,-1275,16221,549,1824,188
15,0,"2026-09-05T14:00:00Z",3,FALSE,0,0,0,0,0,0,0,0,0,0,0,0,0,"0.0","0.0","0.0","0.0",0,0,0,0,0,"0.00","0.00","0.00","0.00",54,-2872,13303,100,2972,188
5,0,"2026-09-13T13:00:00Z",4,FALSE,0,0,0,0,0,0,0,0,0,0,0,0,0,"0.0","0.0","0.0","0.0",0,0,0,0,0,"0.00","0.00","0.00","0.00",54,-1542,11943,52,1594,188
1,0,"2026-08-21T19:00:00Z",1,FALSE,0,0,0,0,0,0,0,0,0,0,0,0,0,"0.0","0.0","0.0","0.0",0,0,0,0,0,"0.00","0.00","0.00","0.00",45,0,28435,0,0,189
11,0,"2026-08-29T14:00:00Z",2,FALSE,0,0,0,0,0,0,0,0,0,0,0,0,0,"0.0","0.0","0.0","0.0",0,0,0,0,0,"0.00","0.00","0.00","0.00",45,-2158,28459,1013,3171,189
15,0,"2026-09-05T14:00:00Z",3,FALSE,0,0,0,0,0,0,0,0,0,0,0,0,0,"0.0","0.0","0.0","0.0",0,0,0,0,0,"0.00","0.00","0.00","0.00",45,-2042,27151,1697,3739,189
5,0,"2026-09-13T13:00:00Z",4,FALSE,0,0,0,0,0,0,0,0,0,0,0,0,0,"0.0","0.0","0.0","0.0",0,0,0,0,0,"0.00","0.00","0.00","0.00",45,-1700,25735,1302,3002,189
1,2,"2026-08-21T19:00:00Z",1,FALSE,81,0,0,0,3,0,0,0,0,0,0,0,11,"1.8","6.0","3.0","1.1",3,5,0,8,1,"0.04","0.02","0.06","1.76",55,0,12321,0,0,190
11,1,"2026-08-29T14:00:00Z",2,FALSE,58,0,0,0,0,0,0,0,0,0,0,0,7,"7.0","18.5","5.0","3.1",2,3,1,6,1,"0.05","0.13","0.18","0.02",55,1311,16325,2762,1451,190
15,1,"2026-09-05T14:00:00Z",3,FALSE,27,0,0,0,0,0,0,0,0,0,0,0,9,"8.2","24.8","21.0","5.4",0,1,0,1,0,"0.10","0.03","0.13","0.95",55,-3624,12425,128,3752,190
5,0,"2026-09-13T13:00:00Z",4,FALSE,0,0,0,0,0,0,0,0,0,0,0,0,0,"0.0","0.0","0.0","0.0",0,0,0,0,0,"0.00","0.00","0.00","0.00",54,-1390,11417,187,1577,190
1,0,"2026-08-21T19:00:00Z",1,FALSE,0,0,0,0,0,0,0,0,0,0,0,0,0,"0.0","0.0","0.0","0.0",0,0,0,0,0,"0.00","0.00","0.00","0.00",45,0,16813,0,0,191
11,0,"2026-08-29T14:00:00Z",2,FALSE,0,0,0,0,0,0,0,0,0,0,0,0,0,"0.0","0.0","0.0","0.0",0,0,0,0,0,"0.00","0.00","0.00","0.00",45,-1193,16655,680,1873,191
15,0,"2026-09-05T14:00:00Z",3,FALSE,0,0,0,0,0,0,0,0,0,0,0,0,0,"0.0","0.0","0.0","0.0",0,0,0,0,0,"0.00","0.00","0.00","0.00",45,-2425,14534,1263,3688,191
5,0,"2026-09-13T13:00:00Z",4,FALSE,0,0,0,0,0,0,0,0,0,0,0,0,0,"0.0","0.0","0.0","0.0",0,0,0,0,0,"0.00","0.00","0.00","0.00",45,-3328,11101,0,3328,191
1,0,"2026-08-21T19:00:00Z",1,FALSE,0,0,0,0,0,0,0,0,0,0,0,0,0,"0.0","0.0","0.0","0.0",0,0,0,0,0,"0.00","0.00","0.00","0.00",45,0,62690,0,0,192
11,0,"2026-08-29T14:00:00Z",2,FALSE,0,0,0,0,0,0,0,0,0,0,0,0,0,"0.0","0.0","0.0","0.0",0,0,0,0,0,"0.00","0.00","0.00","0.00",45,-4618,62913,2576,7194,192
15,0,"2026-09-05T14:00:00Z",3,FALSE,0,0,0,0,0,0,0,0,0,0,0,0,0,"0.0","0.0","0.0","0.0",0,0,0,0,0,"0.00","0.00","0.00","0.00",45,-17623,44026,142,17765,192
5,0,"2026-09-13T13:00:00Z",4,FALSE,0,0,0,0,0,0,0,0,0,0,0,0,0,"0.0","0.0","0.0","0.0",0,0,0,0,0,"0.00","0.00","0.00","0.00",45,-8343,36602,0,8343,192
1,0,"2026-08-21T19:00:00Z",1,FALSE,0,0,0,0,0,0,0,0,0,0,0,0,0,"0.0","0.0","0.0","0.0",0,0,0,0,0,"0.00","0.00","0.00","0.00",55,0,18871,0,0,193
11,0,"2026-08-29T14:00:00Z",2,FALSE,0,0,0,0,0,0,0,0,0,0,0,0,0,"0.0","0.0","0.0","0.0",0,0,0,0,0,"0.00","0.00","0.00","0.00",55,-5318,13634,107,5425,193
15,0,"2026-09-05T14:00:00Z",3,FALSE,0,0,0,0,0,0,0,0,0,0,0,0,0,"0.0","0.0","0.0","0.0",0,0,0,0,0,"0.00","0.00","0.00","0.00",54,-3102,10607,246,3348,193
5,0,"2026-09-13T13:00:00Z",4,FALSE,0,0,0,0,0,0,0,0,0,0,0,0,0,"0.0","0.0","0.0","0.0",0,0,0,0,0,"0.00","0.00","0.00","0.00",54,-1789,8935,117,1906,193
1,2,"2026-08-21T19:00:00Z",1,FALSE,69,0,0,0,3,0,0,0,0,0,0,0,9,"4.6","1.1","0.0","0.6",5,1,0,6,1,"0.00","0.02","0.02","1.60",50,0,66198,0,0,194
11,1,"2026-08-29T14:00:00Z",2,FALSE,32,0,0,0,1,0,0,0,0,0,0,0,5,"1.2","2.0","2.0","0.5",0,2,0,2,0,"0.00","0.00","0.00","0.69",50,6706,83366,14594,7888,194
15,1,"2026-09-05T14:00:00Z",3,FALSE,19,0,0,0,0,0,0,0,0,0,0,0,6,"2.2","0.3","2.0","0.5",1,2,0,3,0,"0.00","0.00","0.00","0.95",50,-1110,84492,16389,17499,194
5,0,"2026-09-13T13:00:00Z",4,FALSE,0,0,0,0,0,0,0,0,0,0,0,0,0,"0.0","0.0","0.0","0.0",0,0,0,0,0,"0.00","0.00","0.00","0.00",50,-1520,84195,11154,12674,194
1,2,"2026-08-21T19:00:00Z",1,FALSE,69,0,0,0,3,0,0,0,0,0,0,0,7,"2.6","12.3","2.0","1.7",1,2,0,3,1,"0.00","0.01","0.01","1.60",50,0,78607,0,0,195
11,0,"2026-08-29T14:00:00Z",2,FALSE,0,0,0,0,0,0,0,0,0,0,0,0,0,"0.0","0.0","0.0","0.0",0,0,0,0,0,"0.00","0.00","0.00","0.00",50,10333,100916,19936,9603,195
15,1,"2026-09-05T14:00:00Z",3,FALSE,19,0,0,0,0,0,0,0,0,0,0,0,3,"5.0","10.0","35.0","5.0",0,0,0,0,0,"0.30","0.00","0.30","0.95",50,-11944,88094,10057,22001,195
5,0,"2026-09-13T13:00:00Z",4,FALSE,0,0,0,0,0,0,0,0,0,0,0,0,0,"0.0","0.0","0.0","0.0",0,0,0,0,0,"0.00","0.00","0.00","0.00",50,-8583,81354,5606,14189,195
1,0,"2026-08-21T19:00:00Z",1,FALSE,0,0,0,0,0,0,0,0,0,0,0,0,0,"0.0","0.0","0.0","0.0",0,0,0,0,0,"0.00","0.00","0.00","0.00",50,0,1827,0,0,196
11,0,"2026-08-29T14:00:00Z",2,FALSE,0,0,0,0,0,0,0,0,0,0,0,0,0,"0.0","0.0","0.0","0.0",0,0,0,0,0,"0.00","0.00","0.00","0.00",50,-590,1206,0,590,196
15,0,"2026-09-05T14:00:00Z",3,FALSE,0,0,0,0,0,0,0,0,0,0,0,0,0,"0.0","0.0","0.0","0.0",0,0,0,0,0,"0.00","0.00","0.00","0.00",50,-296,929,0,296,196
5,0,"2026-09-13T13:00:00Z",4,FALSE,0,0,0,0,0,0,0,0,0,0,0,0,0,"0.0","0.0","0.0","0.0",0,0,0,0,0,"0.00","0.00","0.00","0.00",50,-136,803,0,136,196
1,0,"2026-08-21T19:00:00Z",1,FALSE,0,0,0,0,0,0,0,0,0,0,0,0,0,"0.0","0.0","0.0","0.0",0,0,0,0,0,"0.00","0.00","0.00","0.00",45,0,4620,0,0,197
11,0,"2026-08-29T14:00:00Z",2,FALSE,0,0,0,0,0,0,0,0,0,0,0,0,0,"0.0","0.0","0.0","0.0",0,0,0,0,0,"0.00","0.00","0.00","0.00",45,-788,3783,0,788,197
15,0,"2026-09-05T14:00:00Z",3,FALSE,0,0,0,0,0,0,0,0,0,0,0,0,0,"0.0","0.0","0.0","0.0",0,0,0,0,0,"0.00","0.00","0.00","0.00",45,-548,3200,0,548,197
5,0,"2026-09-13T13:00:00Z",4,FALSE,0,0,0,0,0,0,0,0,0,0,0,0,0,"0.0","0.0","0.0","0.0",0,0,0,0,0,"0.00","0.00","0.00","0.00",45,-350,2877,0,350,197
9,2,"2026-08-22T14:00:00Z",1,FALSE,90,0,0,0,2,0,0,0,0,0,3,0,14,"28.2","0.0","0.0","2.8",3,13,0,0,1,"0.00","0.00","0.00","1.12",50,0,171144,0,0,198
15,1,"2026-08-28T19:00:00Z",2,FALSE,90,0,0,0,4,0,0,0,0,0,4,0,4,"30.2","0.0","0.0","3.0",2,11,0,0,1,"0.00","0.00","0.00","2.21",50,-7870,182716,5904,13774,198
10,2,"2026-09-05T14:00:00Z",3,FALSE,90,0,0,0,2,0,0,0,0,0,5,0,19,"38.4","0.0","0.0","3.8",1,7,0,0,1,"0.00","0.00","0.00","3.14",50,-3328,188350,15007,18335,198
12,0,"2026-09-12T14:00:00Z",4,FALSE,0,0,0,0,0,0,0,0,0,0,0,0,0,"0.0","0.0","0.0","0.0",0,0,0,0,0,"0.00","0.00","0.00","0.00",50,17128,234983,34005,16877,198
9,0,"2026-08-22T14:00:00Z",1,FALSE,0,0,0,0,0,0,0,0,0,0,0,0,0,"0.0","0.0","0.0","0.0",0,0,0,0,0,"0.00","0.00","0.00","0.00",45,0,10987,0,0,199
15,0,"2026-08-28T19:00:00Z",2,FALSE,0,0,0,0,0,0,0,0,0,0,0,0,0,"0.0","0.0","0.0","0.0",0,0,0,0,0,"0.00","0.00","0.00","0.00",45,-908,11403,468,1376,199
10,0,"2026-09-05T14:00:00Z",3,FALSE,0,0,0,0,0,0,0,0,0,0,0,0,0,"0.0","0.0","0.0","0.0",0,0,0,0,0,"0.00","0.00","0.00","0.00",45,-646,11282,648,1294,199
12,2,"2026-09-12T14:00:00Z",4,FALSE,90,0,0,0,3,0,0,0,0,0,3,0,3,"0.0","0.0","0.0","0.0",1,7,0,0,1,"0.00","0.00","0.00","1.67",45,-389,11338,563,952,199
10,6,"2026-08-24T19:00:00Z",1,FALSE,90,0,1,0,2,0,0,0,0,0,0,0,25,"44.2","11.2","2.0","5.7",7,2,5,12,1,"0.00","0.20","0.20","1.33",60,0,792478,0,0,200
5,1,"2026-08-30T13:00:00Z",2,FALSE,90,0,0,0,3,0,0,0,0,0,0,0,-3,"13.0","0.1","6.0","1.9",8,1,1,9,1,"0.02","0.00","0.02","1.41",60,18715,946023,63522,44807,200
1,2,"2026-09-06T15:30:00Z",3,FALSE,90,0,0,0,2,0,0,0,1,0,0,0,3,"26.0","1.3","2.0","2.9",9,2,2,11,1,"0.00","0.01","0.01","2.05",60,-117331,839049,32879,150210,200
11,1,"2026-09-12T14:00:00Z",4,FALSE,4,0,0,0,0,0,0,0,0,0,0,0,4,"0.0","0.0","0.0","0.0",2,0,1,3,0,"0.00","0.00","0.00","0.49",60,-19123,865615,60756,79879,200
9,0,"2026-08-22T14:00:00Z",1,FALSE,54,0,0,0,2,0,0,0,0,0,0,0,-4,"1.2","1.8","21.0","2.4",3,1,1,4,1,"0.23","0.01","0.24","0.84",55,0,873015,0,0,201
15,0,"2026-08-28T19:00:00Z",2,FALSE,0,0,0,0,0,0,0,0,0,0,0,0,0,"0.0","0.0","0.0","0.0",0,0,0,0,0,"0.00","0.00","0.00","0.00",55,-109781,815530,15645,125426,201
19,1,"2026-09-05T14:00:00Z",3,FALSE,31,0,0,0,0,0,0,0,0,0,0,0,5,"2.4","0.8","4.0","0.7",0,0,1,1,0,"0.03","0.00","0.03","0.26",54,-158458,658550,23260,181718,201
2,2,"2026-09-12T14:00:00Z",4,FALSE,90,0,0,0,1,0,0,0,0,0,0,0,23,"0.0","0.0","0.0","0.0",3,4,4,7,1,"0.22","0.18","0.40","0.82",54,-83474,588016,11222,94696,201
9,3,"2026-08-22T14:00:00Z",1,FALSE,90,0,0,0,2,0,0,0,0,0,0,0,13,"42.6","0.7","0.0","4.3",14,1,2,16,1,"0.00","0.00","0.00","1.12",50,0,66477,0,0,202
15,0,"2026-08-28T19:00:00Z",2,FALSE,90,0,0,0,4,0,0,0,0,0,0,0,-4,"15.0","0.1","17.0","3.2",4,2,2,6,1,"0.04","0.00","0.04","2.21",50,-2246,71981,4208,6454,202
10,1,"2026-09-05T14:00:00Z",3,FALSE,90,0,0,0,2,0,0,0,0,0,0,0,8,"28.8","0.5","7.0","3.6",8,4,1,9,1,"0.04","0.00","0.04","3.14",50,-5426,68124,5745,11171,202
12,2,"2026-09-12T14:00:00Z",4,FALSE,90,0,0,0,3,0,0,0,1,0,0,0,1,"0.0","0.0","0.0","0.0",11,6,1,12,1,"0.00","0.06","0.06","1.67",50,497,74063,9105,8608,202
9,1,"2026-08-22T14:00:00Z",1,FALSE,90,0,0,0,2,0,0,0,0,0,0,0,9,"27.4","5.7","5.0","3.8",4,3,4,8,1,"0.05","0.01","0.06","1.12",50,0,30748,0,0,203
15,0,"2026-08-28T19:00:00Z",2,FALSE,90,0,0,0,4,0,0,0,0,0,0,0,-1,"22.8","0.5","0.0","2.3",6,1,1,7,1,"0.00","0.00","0.00","2.21",50,-3200,29914,821,4021,203
10,1,"2026-09-05T14:00:00Z",3,FALSE,90,0,0,0,2,0,0,0,0,0,0,0,4,"13.0","1.9","0.0","1.5",7,2,2,9,1,"0.00","0.00","0.00","3.14",49,-4057,25628,1708,5765,203
12,0,"2026-09-12T14:00:00Z",4,FALSE,0,0,0,0,0,0,0,0,0,0,0,0,0,"0.0","0.0","0.0","0.0",0,0,0,0,0,"0.00","0.00","0.00","0.00",49,-1594,25690,2554,4148,203
9,1,"2026-08-22T14:00:00Z",1,FALSE,90,0,0,0,2,0,0,0,0,0,0,0,9,"11.6","13.8","2.0","2.7",3,4,2,5,1,"0.00","0.01","0.01","1.12",45,0,580791,0,0,204
15,0,"2026-08-28T19:00:00Z",2,FALSE,90,0,0,0,4,0,0,0,0,0,0,0,-8,"11.6","21.6","7.0","4.0",3,1,2,5,1,"0.11","0.16","0.27","2.21",45,-44374,548942,5965,50339,204
10,15,"2026-09-05T14:00:00Z",3,FALSE,73,2,0,0,2,0,0,0,0,0,0,2,31,"78.0","10.7","47.0","13.6",4,2,2,6,1,"0.66","0.01","0.67","2.57",45,-68532,476563,9051,77583,204
12,1,"2026-09-12T14:00:00Z",4,FALSE,76,0,0,0,2,0,0,0,0,0,0,0,2,"0.0","0.0","0.0","0.0",1,8,0,1,1,"0.00","0.06","0.06","1.13",45,212978,768978,259738,46760,204
9,0,"2026-08-22T14:00:00Z",1,FALSE,0,0,0,0,0,0,0,0,0,0,0,0,0,"0.0","0.0","0.0","0.0",0,0,0,0,0,"0.00","0.00","0.00","0.00",45,0,2785,0,0,205
15,0,"2026-08-28T19:00:00Z",2,FALSE,0,0,0,0,0,0,0,0,0,0,0,0,0,"0.0","0.0","0.0","0.0",0,0,0,0,0,"0.00","0.00","0.00","0.00",45,-226,3040,126,352,205
10,0,"2026-09-05T14:00:00Z",3,FALSE,0,0,0,0,0,0,0,0,0,0,0,0,0,"0.0","0.0","0.0","0.0",0,0,0,0,0,"0.00","0.00","0.00","0.00",45,-594,2568,110,704,205
12,0,"2026-09-12T14:00:00Z",4,FALSE,0,0,0,0,0,0,0,0,0,0,0,0,0,"0.0","0.0","0.0","0.0",0,0,0,0,0,"0.00","0.00","0.00","0.00",45,-639,1928,0,639,205
9,1,"2026-08-22T14:00:00Z",1,FALSE,72,0,0,0,2,0,0,0,0,0,0,0,7,"12.6","1.3","0.0","1.4",6,3,1,7,1,"0.00","0.01","0.01","0.98",45,0,6521,0,0,206
15,0,"2026-08-28T19:00:00Z",2,FALSE,0,0,0,0,0,0,0,0,0,0,0,0,0,"0.0","0.0","0.0","0.0",0,0,0,0,0,"0.00","0.00","0.00","0.00",45,-2523,4410,320,2843,206
10,0,"2026-09-05T14:00:00Z",3,FALSE,0,0,0,0,0,0,0,0,0,0,0,0,0,"0.0","0.0","0.0","0.0",0,0,0,0,0,"0.00","0.00","0.00","0.00",44,-1423,3064,193,1616,206
12,0,"2026-09-12T14:00:00Z",4,FALSE,0,0,0,0,0,0,0,0,0,0,0,0,0,"0.0","0.0","0.0","0.0",0,0,0,0,0,"0.00","0.00","0.00","0.00",44,-651,2510,58,709,206
9,0,"2026-08-22T14:00:00Z",1,FALSE,0,0,0,0,0,0,0,0,0,0,0,0,0,"0.0","0.0","0.0","0.0",0,0,0,0,0,"0.00","0.00","0.00","0.00",45,0,7928,0,0,207
15,1,"2026-08-28T19:00:00Z",2,FALSE,15,0,0,0,1,0,0,0,0,0,0,0,1,"2.2","0.1","0.0","0.2",0,0,1,1,0,"0.00","0.00","0.00","0.20",45,-1081,7384,199,1280,207
10,1,"2026-09-05T14:00:00Z",3,FALSE,1,0,0,0,0,0,0,0,0,0,0,0,4,"1.0","0.3","0.0","0.1",0,1,1,1,0,"0.00","0.00","0.00","0.13",44,-541,7148,770,1311,207
12,0,"2026-09-12T14:00:00Z",4,FALSE,0,0,0,0,0,0,0,0,0,0,0,0,0,"0.0","0.0","0.0","0.0",0,0,0,0,0,"0.00","0.00","0.00","0.00",44,-316,7027,691,1007,207
9,0,"2026-08-22T14:00:00Z",1,FALSE,0,0,0,0,0,0,0,0,0,0,0,0,0,"0.0","0.0","0.0","0.0",0,0,0,0,0,"0.00","0.00","0.00","0.00",65,0,424225,0,0,208
15,0,"2026-08-28T19:00:00Z",2,FALSE,0,0,0,0,0,0,0,0,0,0,0,0,0,"0.0","0.0","0.0","0.0",0,0,0,0,0,"0.00","0.00","0.00","0.00",64,-204476,227391,2102,206578,208
10,0,"2026-09-05T14:00:00Z",3,FALSE,0,0,0,0,0,0,0,0,0,0,0,0,0,"0.0","0.0","0.0","0.0",0,0,0,0,0,"0.00","0.00","0.00","0.00",63,-118099,109790,330,118429,208
12,0,"2026-09-12T14:00:00Z",4,FALSE,0,0,0,0,0,0,0,0,0,0,0,0,0,"0.0","0.0","0.0","0.0",0,0,0,0,0,"0.00","0.00","0.00","0.00",63,-36877,77747,179,37056,208
8,1,"2026-08-22T14:00:00Z",1,FALSE,6,0,0,0,0,0,0,0,0,0,0,0,3,"4.0","0.3","0.0","0.4",2,0,0,2,0,"0.00","0.00","0.00","0.29",60,0,15299,0,0,209
3,1,"2026-08-29T14:00:00Z",2,FALSE,28,0,0,0,0,0,0,0,0,0,0,0,1,"1.2","0.0","0.0","0.1",0,1,1,2,0,"0.00","0.00","0.00","1.58",60,-1848,15402,732,2580,209
16,1,"2026-09-06T13:00:00Z",3,FALSE,65,0,0,0,1,0,0,0,1,0,0,0,3,"6.6","22.9","9.0","3.9",3,4,1,8,1,"0.05","0.04","0.09","0.37",59,-2691,13119,786,3477,209
19,3,"2026-09-12T16:30:00Z",4,FALSE,74,0,0,1,0,0,0,0,0,0,0,0,13,"0.0","0.0","0.0","0.0",2,2,2,6,1,"0.16","0.18","0.34","0.43",59,-1128,12460,1069,2197,209
9,4,"2026-08-22T14:00:00Z",1,FALSE,90,0,0,0,2,0,0,0,0,0,0,0,20,"16.8","30.9","0.0","4.8",4,8,2,14,1,"0.00","0.24","0.24","1.12",55,0,75177,0,0,210
15,2,"2026-08-28T19:00:00Z",2,FALSE,90,0,0,0,4,0,0,0,0,0,0,0,21,"16.2","24.7","0.0","4.1",0,3,4,7,1,"0.00","0.07","0.07","2.21",55,-1090,88998,6710,7800,210
10,2,"2026-09-05T14:00:00Z",3,FALSE,90,0,0,0,2,0,0,0,0,0,0,0,10,"14.8","2.8","2.0","2.0",7,0,1,8,1,"0.00","0.01","0.01","3.14",55,-3644,89835,10076,13720,210
12,2,"2026-09-12T14:00:00Z",4,FALSE,76,0,0,0,2,0,0,0,0,0,0,0,13,"0.0","0.0","0.0","0.0",1,3,1,5,1,"0.08","0.04","0.12","1.13",55,-1801,91297,8794,10595,210
9,1,"2026-08-22T14:00:00Z",1,FALSE,35,0,0,0,0,0,0,0,0,0,0,0,4,"2.0","6.3","6.0","1.4",0,3,2,5,0,"0.06","0.02","0.08","0.27",55,0,18106,0,0,211
15,5,"2026-08-28T19:00:00Z",2,FALSE,67,0,1,0,3,0,0,0,0,0,0,0,27,"10.8","34.2","9.0","5.4",2,6,2,10,1,"0.05","0.07","0.12","2.01",55,-2144,18326,314,2458,211
10,5,"2026-09-05T14:00:00Z",3,FALSE,88,0,1,0,2,0,0,0,0,0,0,0,25,"8.0","42.6","6.0","5.7",1,3,1,5,1,"0.25","0.30","0.55","3.01",55,2869,22762,5451,2582,211
12,1,"2026-09-12T14:00:00Z",4,FALSE,36,0,0,0,1,0,0,0,0,0,0,0,4,"0.0","0.0","0.0","0.0",0,1,0,1,1,"0.00","0.01","0.01","0.38",55,27655,63756,36851,9196,211
9,0,"2026-08-22T14:00:00Z",1,FALSE,0,0,0,0,0,0,0,0,0,0,0,0,0,"0.0","0.0","0.0","0.0",0,0,0,0,0,"0.00","0.00","0.00","0.00",45,0,1093674,0,0,212
15,0,"2026-08-28T19:00:00Z",2,FALSE,0,0,0,0,0,0,0,0,0,0,0,0,0,"0.0","0.0","0.0","0.0",0,0,0,0,0,"0.00","0.00","0.00","0.00",45,-69998,1064673,20182,90180,212
10,1,"2026-09-05T14:00:00Z",3,FALSE,16,0,0,0,0,0,0,0,0,0,0,0,3,"2.4","0.3","0.0","0.3",2,1,0,3,0,"0.00","0.00","0.00","0.57",45,-96023,969611,37588,133611,212
12,1,"2026-09-12T14:00:00Z",4,FALSE,13,0,0,0,1,0,0,0,0,0,0,0,6,"0.0","0.0","0.0","0.0",1,2,1,4,0,"0.00","0.04","0.04","0.55",45,-87271,888879,26618,113889,212
9,0,"2026-08-22T14:00:00Z",1,FALSE,0,0,0,0,0,0,0,0,0,0,0,0,0,"0.0","0.0","0.0","0.0",0,0,0,0,0,"0.00","0.00","0.00","0.00",50,0,10665,0,0,213
15,0,"2026-08-28T19:00:00Z",2,FALSE,0,0,0,0,0,0,0,0,0,0,0,0,0,"0.0","0.0","0.0","0.0",0,0,0,0,0,"0.00","0.00","0.00","0.00",50,-1246,10302,204,1450,213
10,0,"2026-09-05T14:00:00Z",3,FALSE,0,0,0,0,0,0,0,0,0,0,0,0,0,"0.0","0.0","0.0","0.0",0,0,0,0,0,"0.00","0.00","0.00","0.00",49,-1246,9259,496,1742,213
12,1,"2026-09-12T14:00:00Z",4,FALSE,6,0,0,0,1,0,0,0,0,0,0,0,3,"0.0","0.0","0.0","0.0",1,0,0,1,0,"0.00","0.00","0.00","0.47",49,-806,8598,327,1133,213
9,3,"2026-08-22T14:00:00Z",1,FALSE,90,0,0,0,2,0,0,0,1,0,0,0,25,"20.4","29.3","0.0","5.0",3,8,3,14,1,"0.00","0.27","0.27","1.12",50,0,24728,0,0,214
15,2,"2026-08-28T19:00:00Z",2,FALSE,90,0,0,0,4,0,0,0,0,0,0,0,21,"17.6","2.8","7.0","2.7",1,2,6,9,1,"0.05","0.02","0.07","2.21",50,-1150,27191,1944,3094,214
10,5,"2026-09-05T14:00:00Z",3,FALSE,88,0,1,0,2,0,0,0,0,0,0,0,21,"19.6","23.2","6.0","4.9",0,4,0,4,1,"0.00","0.01","0.01","3.01",50,-259,28293,4293,4552,214
12,8,"2026-09-12T14:00:00Z",4,FALSE,83,0,2,0,2,0,0,0,0,0,0,0,30,"0.0","0.0","0.0","0.0",0,0,1,1,1,"0.00","0.05","0.05","1.21",50,11985,44888,18109,6124,214
9,0,"2026-08-22T14:00:00Z",1,FALSE,0,0,0,0,0,0,0,0,0,0,0,0,0,"0.0","0.0","0.0","0.0",0,0,0,0,0,"0.00","0.00","0.00","0.00",50,0,1134,0,0,215
15,0,"2026-08-28T19:00:00Z",2,FALSE,0,0,0,0,0,0,0,0,0,0,0,0,0,"0.0","0.0","0.0","0.0",0,0,0,0,0,"0.00","0.00","0.00","0.00",50,-107,1141,69,176,215
10,0,"2026-09-05T14:00:00Z",3,FALSE,0,0,0,0,0,0,0,0,0,0,0,0,0,"0.0","0.0","0.0","0.0",0,0,0,0,0,"0.00","0.00","0.00","0.00",50,-275,914,63,338,215
12,0,"2026-09-12T14:00:00Z",4,FALSE,0,0,0,0,0,0,0,0,0,0,0,0,0,"0.0","0.0","0.0","0.0",0,0,0,0,0,"0.00","0.00","0.00","0.00",50,-276,646,0,276,215
9,0,"2026-08-22T14:00:00Z",1,FALSE,0,0,0,0,0,0,0,0,0,0,0,0,0,"0.0","0.0","0.0","0.0",0,0,0,0,0,"0.00","0.00","0.00","0.00",50,0,3728,0,0,216
15,0,"2026-08-28T19:00:00Z",2,FALSE,0,0,0,0,0,0,0,0,0,0,0,0,0,"0.0","0.0","0.0","0.0",0,0,0,0,0,"0.00","0.00","0.00","0.00",50,-379,3956,211,590,216
10,0,"2026-09-05T14:00:00Z",3,FALSE,0,0,0,0,0,0,0,0,0,0,0,0,0,"0.0","0.0","0.0","0.0",0,0,0,0,0,"0.00","0.00","0.00","0.00",50,-965,3105,188,1153,216
12,0,"2026-09-12T14:00:00Z",4,FALSE,0,0,0,0,0,0,0,0,0,0,0,0,0,"0.0","0.0","0.0","0.0",0,0,0,0,0,"0.00","0.00","0.00","0.00",50,-963,2168,0,963,216
9,0,"2026-08-22T14:00:00Z",1,FALSE,0,0,0,0,0,0,0,0,0,0,0,0,0,"0.0","0.0","0.0","0.0",0,0,0,0,0,"0.00","0.00","0.00","0.00",50,0,3157,0,0,217
15,0,"2026-08-28T19:00:00Z",2,FALSE,0,0,0,0,0,0,0,0,0,0,0,0,0,"0.0","0.0","0.0","0.0",0,0,0,0,0,"0.00","0.00","0.00","0.00",50,-697,2546,17,714,217
10,0,"2026-09-05T14:00:00Z",3,FALSE,0,0,0,0,0,0,0,0,0,0,0,0,0,"0.0","0.0","0.0","0.0",0,0,0,0,0,"0.00","0.00","0.00","0.00",49,-173,2633,933,1106,217
12,0,"2026-09-12T14:00:00Z",4,FALSE,0,0,0,0,0,0,0,0,0,0,0,0,0,"0.0","0.0","0.0","0.0",0,0,0,0,0,"0.00","0.00","0.00","0.00",49,-730,1885,57,787,217
9,0,"2026-08-22T14:00:00Z",1,FALSE,0,0,0,0,0,0,0,0,0,0,0,0,0,"0.0","0.0","0.0","0.0",0,0,0,0,0,"0.00","0.00","0.00","0.00",50,0,6199,0,0,218
15,0,"2026-08-28T19:00:00Z",2,FALSE,0,0,0,0,0,0,0,0,0,0,0,0,0,"0.0","0.0","0.0","0.0",0,0,0,0,0,"0.00","0.00","0.00","0.00",50,-811,6115,248,1059,218
10,0,"2026-09-05T14:00:00Z",3,FALSE,0,0,0,0,0,0,0,0,0,0,0,0,0,"0.0","0.0","0.0","0.0",0,0,0,0,0,"0.00","0.00","0.00","0.00",49,-336,6155,984,1320,218
12,0,"2026-09-12T14:00:00Z",4,FALSE,0,0,0,0,0,0,0,0,0,0,0,0,0,"0.0","0.0","0.0","0.0",0,0,0,0,0,"0.00","0.00","0.00","0.00",49,-468,5759,470,938,218
9,0,"2026-08-22T14:00:00Z",1,FALSE,0,0,0,0,0,0,0,0,0,0,0,0,0,"0.0","0.0","0.0","0.0",0,0,0,0,0,"0.00","0.00","0.00","0.00",50,0,550,0,0,219
15,0,"2026-08-28T19:00:00Z",2,FALSE,0,0,0,0,0,0,0,0,0,0,0,0,0,"0.0","0.0","0.0","0.0",0,0,0,0,0,"0.00","0.00","0.00","0.00",50,-51,578,39,90,219
10,0,"2026-09-05T14:00:00Z",3,FALSE,0,0,0,0,0,0,0,0,0,0,0,0,0,"0.0","0.0","0.0","0.0",0,0,0,0,0,"0.00","0.00","0.00","0.00",50,-60,553,51,111,219
12,0,"2026-09-12T14:00:00Z",4,FALSE,0,0,0,0,0,0,0,0,0,0,0,0,0,"0.0","0.0","0.0","0.0",0,0,0,0,0,"0.00","0.00","0.00","0.00",49,-85,492,55,140,219
9,0,"2026-08-22T14:00:00Z",1,FALSE,0,0,0,0,0,0,0,0,0,0,0,0,0,"0.0","0.0","0.0","0.0",0,0,0,0,0,"0.00","0.00","0.00","0.00",45,0,255,0,0,220
15,0,"2026-08-28T19:00:00Z",2,FALSE,0,0,0,0,0,0,0,0,0,0,0,0,0,"0.0","0.0","0.0","0.0",0,0,0,0,0,"0.00","0.00","0.00","0.00",45,-65,187,0,65,220
10,0,"2026-09-05T14:00:00Z",3,FALSE,0,0,0,0,0,0,0,0,0,0,0,0,0,"0.0","0.0","0.0","0.0",0,0,0,0,0,"0.00","0.00","0.00","0.00",45,-39,151,0,39,220
12,0,"2026-09-12T14:00:00Z",4,FALSE,0,0,0,0,0,0,0,0,0,0,0,0,0,"0.0","0.0","0.0","0.0",0,0,0,0,0,"0.00","0.00","0.00","0.00",45,-13,138,0,13,220
9,0,"2026-08-22T14:00:00Z",1,FALSE,0,0,0,0,0,0,0,0,0,0,0,0,0,"0.0","0.0","0.0","0.0",0,0,0,0,0,"0.00","0.00","0.00","0.00",45,0,8076,0,0,221
15,0,"2026-08-28T19:00:00Z",2,FALSE,0,0,0,0,0,0,0,0,0,0,0,0,0,"0.0","0.0","0.0","0.0",0,0,0,0,0,"0.00","0.00","0.00","0.00",45,-589,8204,399,988,221
10,0,"2026-09-05T14:00:00Z",3,FALSE,0,0,0,0,0,0,0,0,0,0,0,0,0,"0.0","0.0","0.0","0.0",0,0,0,0,0,"0.00","0.00","0.00","0.00",45,-252,8457,939,1191,221
12,0,"2026-09-12T14:00:00Z",4,FALSE,0,0,0,0,0,0,0,0,0,0,0,0,0,"0.0","0.0","0.0","0.0",0,0,0,0,0,"0.00","0.00","0.00","0.00",45,-226,8428,850,1076,221
9,1,"2026-08-22T14:00:00Z",1,FALSE,27,0,0,0,0,0,0,0,0,0,0,0,3,"1.0","3.5","17.0","2.2",0,0,0,0,0,"0.25","0.01","0.26","0.14",60,0,50940,0,0,222
15,2,"2026-08-28T19:00:00Z",2,FALSE,62,0,0,0,3,0,0,0,0,0,0,0,13,"5.2","0.3","4.0","1.0",2,1,1,4,1,"0.05","0.00","0.05","2.01",60,-6261,50504,1510,7771,222
10,1,"2026-09-05T14:00:00Z",3,FALSE,45,0,0,0,0,0,0,0,0,0,0,0,4,"2.4","0.8","0.0","0.3",1,3,0,4,0,"0.00","0.00","0.00","1.54",60,-981,51335,7524,8505,222
12,8,"2026-09-12T14:00:00Z",4,FALSE,83,1,0,0,2,0,0,0,0,0,0,2,39,"0.0","0.0","0.0","0.0",0,1,1,2,1,"0.09","0.02","0.11","1.21",60,11360,71789,21000,9640,222
9,2,"2026-08-22T14:00:00Z",1,FALSE,62,0,0,0,2,0,0,0,0,0,0,0,-3,"1.4","12.3","11.0","2.5",1,2,2,5,1,"0.70","0.02","0.72","0.98",65,0,504100,0,0,223
15,0,"2026-08-28T19:00:00Z",2,FALSE,0,0,0,0,0,0,0,0,0,0,0,0,0,"0.0","0.0","0.0","0.0",0,0,0,0,0,"0.00","0.00","0.00","0.00",65,-48482,510630,23951,72433,223
10,0,"2026-09-05T14:00:00Z",3,FALSE,0,0,0,0,0,0,0,0,0,0,0,0,0,"0.0","0.0","0.0","0.0",0,0,0,0,0,"0.00","0.00","0.00","0.00",64,-269301,236661,1227,270528,223
12,0,"2026-09-12T14:00:00Z",4,FALSE,0,0,0,0,0,0,0,0,0,0,0,0,0,"0.0","0.0","0.0","0.0",0,0,0,0,0,"0.00","0.00","0.00","0.00",64,-72649,175573,343,72992,223
9,1,"2026-08-22T14:00:00Z",1,FALSE,55,0,0,0,2,0,0,0,0,0,0,0,12,"10.4","24.5","23.0","5.8",1,1,1,3,1,"0.60","0.58","1.18","0.84",55,0,43148,0,0,224
15,2,"2026-08-28T19:00:00Z",2,FALSE,67,0,0,0,3,0,0,0,0,0,0,0,8,"2.6","10.6","8.0","2.1",1,3,2,6,1,"0.36","0.00","0.36","2.01",55,-2517,47953,3263,5780,224
10,4,"2026-09-05T14:00:00Z",3,FALSE,45,0,1,0,2,0,0,0,0,0,0,0,16,"21.2","10.7","19.0","5.1",0,1,1,2,1,"0.14","0.00","0.14","1.60",55,3590,55843,11874,8284,224
12,0,"2026-09-12T14:00:00Z",4,FALSE,0,0,0,0,0,0,0,0,0,0,0,0,0,"0.0","0.0","0.0","0.0",0,0,0,0,0,"0.00","0.00","0.00","0.00",55,20214,81943,29818,9604,224
9,0,"2026-08-22T14:00:00Z",1,FALSE,0,0,0,0,0,0,0,0,0,0,0,0,0,"0.0","0.0","0.0","0.0",0,0,0,0,0,"0.00","0.00","0.00","0.00",50,0,0,0,0,225
15,0,"2026-08-28T19:00:00Z",2,FALSE,0,0,0,0,0,0,0,0,0,0,0,0,0,"0.0","0.0","0.0","0.0",0,0,0,0,0,"0.00","0.00","0.00","0.00",50,0,0,0,0,225
10,0,"2026-09-05T14:00:00Z",3,FALSE,0,0,0,0,0,0,0,0,0,0,0,0,0,"0.0","0.0","0.0","0.0",0,0,0,0,0,"0.00","0.00","0.00","0.00",50,0,0,0,0,225
12,0,"2026-09-12T14:00:00Z",4,FALSE,0,0,0,0,0,0,0,0,0,0,0,0,0,"0.0","0.0","0.0","0.0",0,0,0,0,0,"0.00","0.00","0.00","0.00",50,0,0,0,0,225
8,7,"2026-08-22T14:00:00Z",1,FALSE,90,0,0,1,0,0,0,0,0,0,4,0,34,"31.8","0.0","0.0","3.2",0,12,0,0,1,"0.00","0.02","0.02","1.96",55,0,698199,0,0,226
3,3,"2026-08-29T14:00:00Z",2,FALSE,90,0,0,0,1,0,0,0,0,0,4,0,22,"31.6","0.0","0.0","3.2",4,11,0,0,1,"0.00","0.00","0.00","2.16",55,35349,878157,63539,28190,226
16,1,"2026-09-06T13:00:00Z",3,FALSE,90,0,0,0,2,0,0,0,0,0,1,0,6,"9.2","0.0","0.0","0.9",0,12,0,0,1,"0.00","0.00","0.00","0.69",55,-25446,890933,56478,81924,226
19,6,"2026-09-12T16:30:00Z",4,FALSE,90,0,0,1,0,0,0,0,0,0,2,0,25,"0.0","0.0","0.0","0.0",2,11,0,0,1,"0.00","0.00","0.00","0.69",55,792,922558,69771,68979,226
8,0,"2026-08-22T14:00:00Z",1,FALSE,0,0,0,0,0,0,0,0,0,0,0,0,0,"0.0","0.0","0.0","0.0",0,0,0,0,0,"0.00","0.00","0.00","0.00",50,0,3019,0,0,227
3,0,"2026-08-29T14:00:00Z",2,FALSE,0,0,0,0,0,0,0,0,0,0,0,0,0,"0.0","0.0","0.0","0.0",0,0,0,0,0,"0.00","0.00","0.00","0.00",50,-113,3593,290,403,227
16,0,"2026-09-06T13:00:00Z",3,FALSE,0,0,0,0,0,0,0,0,0,0,0,0,0,"0.0","0.0","0.0","0.0",0,0,0,0,0,"0.00","0.00","0.00","0.00",50,-276,3563,282,558,227
19,0,"2026-09-12T16:30:00Z",4,FALSE,0,0,0,0,0,0,0,0,0,0,0,0,0,"0.0","0.0","0.0","0.0",0,0,0,0,0,"0.00","0.00","0.00","0.00",50,-29,3798,410,439,227
8,0,"2026-08-22T14:00:00Z",1,FALSE,0,0,0,0,0,0,0,0,0,0,0,0,0,"0.0","0.0","0.0","0.0",0,0,0,0,0,"0.00","0.00","0.00","0.00",45,0,3498,0,0,228
3,0,"2026-08-29T14:00:00Z",2,FALSE,0,0,0,0,0,0,0,0,0,0,0,0,0,"0.0","0.0","0.0","0.0",0,0,0,0,0,"0.00","0.00","0.00","0.00",45,-136,4235,243,379,228
16,0,"2026-09-06T13:00:00Z",3,FALSE,0,0,0,0,0,0,0,0,0,0,0,0,0,"0.0","0.0","0.0","0.0",0,0,0,0,0,"0.00","0.00","0.00","0.00",45,-211,4408,303,514,228
19,0,"2026-09-12T16:30:00Z",4,FALSE,0,0,0,0,0,0,0,0,0,0,0,0,0,"0.0","0.0","0.0","0.0",0,0,0,0,0,"0.00","0.00","0.00","0.00",45,-100,4562,278,378,228
8,6,"2026-08-22T14:00:00Z",1,FALSE,90,0,0,1,0,0,0,0,0,0,0,0,25,"15.2","0.8","4.0","2.0",8,4,1,9,1,"0.05","0.00","0.05","1.96",60,0,765229,0,0,229
3,12,"2026-08-29T14:00:00Z",2,FALSE,90,1,0,0,1,0,0,0,0,0,0,2,27,"54.8","11.3","19.0","8.5",9,3,1,10,1,"0.10","0.01","0.11","2.16",60,5670,861719,42736,37066,229
16,3,"2026-09-06T13:00:00Z",3,FALSE,90,0,0,0,2,0,0,0,0,0,0,0,11,"24.4","1.0","6.0","3.1",9,3,3,12,1,"0.02","0.01","0.03","0.69",60,126081,1115834,211638,85557,229
19,8,"2026-09-12T16:30:00Z",4,FALSE,90,0,0,1,0,0,0,0,0,0,0,2,32,"0.0","0.0","0.0","0.0",3,3,5,8,1,"0.00","0.01","0.01","0.69",60,71807,1237976,163569,91762,229
8,6,"2026-08-22T14:00:00Z",1,FALSE,90,0,0,1,0,0,0,0,0,0,0,0,27,"18.6","0.8","6.0","2.5",6,2,2,8,1,"0.00","0.01","0.01","1.96",55,0,141420,0,0,230
3,4,"2026-08-29T14:00:00Z",2,FALSE,90,0,0,0,1,0,0,0,0,0,0,0,6,"22.6","1.5","33.0","5.7",11,3,1,12,1,"0.09","0.01","0.10","2.16",55,10185,183710,19103,8918,230
16,3,"2026-09-06T13:00:00Z",3,FALSE,90,0,0,0,2,0,0,0,0,0,0,0,10,"41.6","0.6","34.0","7.6",10,4,1,11,1,"0.08","0.00","0.08","0.69",55,-5884,182675,15501,21385,230
19,6,"2026-09-12T16:30:00Z",4,FALSE,90,0,0,1,0,0,0,0,0,0,0,0,27,"0.0","0.0","0.0","0.0",8,2,1,9,1,"0.00","0.00","0.00","0.69",55,14503,206240,35472,20969,230
8,0,"2026-08-22T14:00:00Z",1,FALSE,0,0,0,0,0,0,0,0,0,0,0,0,0,"0.0","0.0","0.0","0.0",0,0,0,0,0,"0.00","0.00","0.00","0.00",50,0,151116,0,0,231
3,0,"2026-08-29T14:00:00Z",2,FALSE,0,0,0,0,0,0,0,0,0,0,0,0,0,"0.0","0.0","0.0","0.0",0,0,0,0,0,"0.00","0.00","0.00","0.00",50,-21625,136213,3260,24885,231
16,0,"2026-09-06T13:00:00Z",3,FALSE,0,0,0,0,0,0,0,0,0,0,0,0,0,"0.0","0.0","0.0","0.0",0,0,0,0,0,"0.00","0.00","0.00","0.00",49,-30710,105416,2294,33004,231
19,0,"2026-09-12T16:30:00Z",4,FALSE,0,0,0,0,0,0,0,0,0,0,0,0,0,"0.0","0.0","0.0","0.0",0,0,0,0,0,"0.00","0.00","0.00","0.00",49,-15433,92288,1268,16701,231
8,0,"2026-08-22T14:00:00Z",1,FALSE,0,0,0,0,0,0,0,0,0,0,0,0,0,"0.0","0.0","0.0","0.0",0,0,0,0,0,"0.00","0.00","0.00","0.00",50,0,44689,0,0,232
3,0,"2026-08-29T14:00:00Z",2,FALSE,0,0,0,0,0,0,0,0,0,0,0,0,0,"0.0","0.0","0.0","0.0",0,0,0,0,0,"0.00","0.00","0.00","0.00",50,-6326,42208,1403,7729,232
16,0,"2026-09-06T13:00:00Z",3,FALSE,0,0,0,0,0,0,0,0,0,0,0,0,0,"0.0","0.0","0.0","0.0",0,0,0,0,0,"0.00","0.00","0.00","0.00",49,-7511,35192,929,8440,232
19,1,"2026-09-12T16:30:00Z",4,FALSE,15,0,0,0,0,0,0,0,0,0,0,0,2,"0.0","0.0","0.0","0.0",1,1,0,1,0,"0.00","0.00","0.00","0.26",49,-3863,31964,666,4529,232
8,6,"2026-08-22T14:00:00Z",1,FALSE,90,0,0,1,0,0,0,0,0,0,0,0,27,"12.8","13.8","2.0","2.9",4,4,0,4,1,"0.00","0.05","0.05","1.96",45,0,134687,0,0,233
3,4,"2026-08-29T14:00:00Z",2,FALSE,90,0,0,0,1,0,0,0,0,0,0,0,7,"36.8","1.0","0.0","3.8",11,7,1,12,1,"0.00","0.01","0.01","2.16",45,12714,164056,21784,9070,233
16,1,"2026-09-06T13:00:00Z",3,FALSE,90,0,0,0,2,0,0,0,0,0,0,0,8,"12.8","2.5","0.0","1.5",3,4,3,6,1,"0.00","0.01","0.01","0.69",45,13864,178705,40120,26256,233
19,11,"2026-09-12T16:30:00Z",4,FALSE,90,0,0,1,0,0,0,0,0,0,0,3,38,"0.0","0.0","0.0","0.0",4,4,7,11,1,"0.00","0.07","0.07","0.69",45,33677,216365,70682,37005,233
8,0,"2026-08-22T14:00:00Z",1,FALSE,0,0,0,0,0,0,0,0,0,0,0,0,0,"0.0","0.0","0.0","0.0",0,0,0,0,0,"0.00","0.00","0.00","0.00",45,0,2948,0,0,234
3,0,"2026-08-29T14:00:00Z",2,FALSE,0,0,0,0,0,0,0,0,0,0,0,0,0,"0.0","0.0","0.0","0.0",0,0,0,0,0,"0.00","0.00","0.00","0.00",45,-162,3302,207,369,234
16,0,"2026-09-06T13:00:00Z",3,FALSE,0,0,0,0,0,0,0,0,0,0,0,0,0,"0.0","0.0","0.0","0.0",0,0,0,0,0,"0.00","0.00","0.00","0.00",45,-715,2692,164,879,234
19,0,"2026-09-12T16:30:00Z",4,FALSE,0,0,0,0,0,0,0,0,0,0,0,0,0,"0.0","0.0","0.0","0.0",0,0,0,0,0,"0.00","0.00","0.00","0.00",45,-744,1949,0,744,234
8,0,"2026-08-22T14:00:00Z",1,FALSE,0,0,0,0,0,0,0,0,0,0,0,0,0,"0.0","0.0","0.0","0.0",0,0,0,0,0,"0.00","0.00","0.00","0.00",40,0,16732,0,0,235
3,0,"2026-08-29T14:00:00Z",2,FALSE,0,0,0,0,0,0,0,0,0,0,0,0,0,"0.0","0.0","0.0","0.0",0,0,0,0,0,"0.00","0.00","0.00","0.00",40,-679,18113,1009,1688,235
16,0,"2026-09-06T13:00:00Z",3,FALSE,0,0,0,0,0,0,0,0,0,0,0,0,0,"0.0","0.0","0.0","0.0",0,0,0,0,0,"0.00","0.00","0.00","0.00",40,-3462,14764,719,4181,235
19,0,"2026-09-12T16:30:00Z",4,FALSE,0,0,0,0,0,0,0,0,0,0,0,0,0,"0.0","0.0","0.0","0.0",0,0,0,0,0,"0.00","0.00","0.00","0.00",40,-3078,11804,0,3078,235
8,11,"2026-08-22T14:00:00Z",1,FALSE,90,1,0,1,0,0,0,0,0,0,0,3,40,"42.8","28.3","27.0","9.8",1,5,2,8,1,"0.12","0.17","0.29","1.92",65,0,288693,0,0,236
3,2,"2026-08-29T14:00:00Z",2,FALSE,90,0,0,0,1,0,0,0,0,0,0,0,24,"19.4","52.3","9.0","8.1",0,7,3,10,1,"0.06","0.16","0.22","2.16",65,105696,473030,132647,26951,236
16,2,"2026-09-06T13:00:00Z",3,FALSE,90,0,0,0,2,0,0,0,0,0,0,0,20,"24.0","30.0","33.0","8.7",2,5,4,11,1,"0.27","0.07","0.34","0.69",65,-32072,440536,60861,92933,236
19,2,"2026-09-12T16:30:00Z",4,FALSE,90,0,0,1,0,0,0,0,1,0,0,0,16,"0.0","0.0","0.0","0.0",2,4,0,6,1,"0.17","0.09","0.26","0.69",65,41220,497656,141140,99920,236
8,9,"2026-08-22T14:00:00Z",1,FALSE,90,0,1,1,0,0,0,0,0,0,0,1,36,"40.8","39.8","48.0","12.9",0,8,4,12,1,"0.24","0.32","0.56","1.96",60,0,1434152,0,0,237
3,4,"2026-08-29T14:00:00Z",2,FALSE,90,0,0,0,1,0,0,0,0,0,0,0,16,"12.6","14.5","10.0","3.7",5,7,1,13,1,"0.02","0.07","0.09","2.16",60,62668,1595715,122688,60020,237
7,3,"2026-09-05T14:00:00Z",3,FALSE,86,0,0,1,0,0,0,0,0,0,0,0,12,"7.0","17.9","10.0","3.5",1,2,2,5,1,"0.02","0.04","0.06","1.35",60,-391471,1152171,81681,473152,237
16,0,"2026-09-13T15:30:00Z",4,FALSE,0,0,0,0,0,0,0,0,0,0,0,0,0,"0.0","0.0","0.0","0.0",0,0,0,0,0,"0.00","0.00","0.00","0.00",59,-300679,900785,43012,343691,237
3,1,"2026-08-23T13:00:00Z",1,FALSE,8,0,0,0,0,0,0,0,0,0,0,0,2,"1.0","0.6","0.0","0.2",0,0,1,1,0,"0.00","0.00","0.00","0.00",65,0,16005,0,0,238
8,0,"2026-08-28T19:00:00Z",2,FALSE,0,0,0,0,0,0,0,0,0,0,0,0,0,"0.0","0.0","0.0","0.0",0,0,0,0,0,"0.00","0.00","0.00","0.00",65,-1201,21085,1202,2403,238
16,1,"2026-09-06T13:00:00Z",3,FALSE,24,0,0,0,1,0,0,0,0,0,0,0,8,"6.0","12.3","10.0","2.8",0,0,1,1,0,"0.02","0.13","0.15","0.31",65,3989,28839,9521,5532,238
19,1,"2026-09-12T16:30:00Z",4,FALSE,25,0,0,0,0,0,0,0,0,0,0,0,4,"0.0","0.0","0.0","0.0",2,1,1,4,0,"0.00","0.01","0.01","0.30",65,9697,42527,16008,6311,238
8,1,"2026-08-22T14:00:00Z",1,FALSE,11,0,0,0,0,0,0,0,0,0,0,0,6,"4.8","11.8","2.0","1.9",0,0,1,1,0,"0.00","0.03","0.03","0.34",60,0,11659,0,0,239
3,1,"2026-08-29T14:00:00Z",2,FALSE,61,0,0,0,1,0,0,0,1,0,0,0,9,"3.4","1.1","0.0","0.5",0,7,3,10,1,"0.00","0.00","0.00","0.58",60,-116,13621,1533,1649,239
16,2,"2026-09-06T13:00:00Z",3,FALSE,76,0,0,0,1,0,0,0,0,0,0,0,19,"9.6","31.1","0.0","4.1",2,5,1,8,1,"0.00","0.08","0.08","0.40",60,-336,14095,2988,3324,239
19,4,"2026-09-12T16:30:00Z",4,FALSE,90,0,0,1,0,0,0,0,1,0,0,0,23,"0.0","0.0","0.0","0.0",3,8,6,17,1,"0.04","0.02","0.06","0.69",60,-1024,13037,2679,3703,239
8,0,"2026-08-22T14:00:00Z",1,FALSE,0,0,0,0,0,0,0,0,0,0,0,0,0,"0.0","0.0","0.0","0.0",0,0,0,0,0,"0.00","0.00","0.00","0.00",50,0,1417,0,0,240
3,1,"2026-08-29T14:00:00Z",2,FALSE,4,0,0,0,0,0,0,0,0,0,0,0,2,"0.0","0.0","0.0","0.0",0,0,0,0,0,"0.00","0.00","0.00","0.00",50,-327,1093,21,348,240
2,0,"2026-09-05T16:30:00Z",3,FALSE,0,0,0,0,0,0,0,0,0,0,0,0,0,"0.0","0.0","0.0","0.0",0,0,0,0,0,"0.00","0.00","0.00","0.00",50,122,1385,309,187,240
6,0,"2026-09-12T14:00:00Z",4,FALSE,21,0,0,0,0,0,0,0,1,0,0,0,2,"0.0","0.0","0.0","0.0",1,0,1,2,0,"0.00","0.00","0.00","0.35",50,128,1598,334,206,240
9,2,"2026-08-22T14:00:00Z",1,FALSE,62,0,0,0,2,0,0,0,0,0,0,0,11,"9.6","4.7","2.0","1.6",3,2,0,5,1,"0.05","0.02","0.07","0.98",55,0,15735,0,0,241
15,1,"2026-08-28T19:00:00Z",2,FALSE,22,0,0,0,1,0,0,0,0,0,0,0,2,"0.4","0.3","0.0","0.1",1,1,0,2,0,"0.00","0.00","0.00","0.20",55,-1356,16698,472,1828,241
10,0,"2026-09-05T14:00:00Z",3,FALSE,0,0,0,0,0,0,0,0,0,0,0,0,0,"0.0","0.0","0.0","0.0",0,0,0,0,0,"0.00","0.00","0.00","0.00",55,-1942,14863,540,2482,241
12,0,"2026-09-12T14:00:00Z",4,FALSE,0,0,0,0,0,0,0,0,0,0,0,0,0,"0.0","0.0","0.0","0.0",0,0,0,0,0,"0.00","0.00","0.00","0.00",54,-1350,13782,510,1860,241
8,3,"2026-08-22T14:00:00Z",1,FALSE,83,0,0,1,0,0,0,0,0,0,0,0,13,"7.0","23.4","25.0","5.5",3,4,0,7,1,"0.18","0.08","0.26","1.67",55,0,24527,0,0,242
3,2,"2026-08-29T14:00:00Z",2,FALSE,61,0,0,0,1,0,0,0,0,0,0,0,12,"6.0","12.2","16.0","3.4",0,1,1,2,1,"0.05","0.01","0.06","0.58",55,-209,28043,2273,2482,242
16,10,"2026-09-06T13:00:00Z",3,FALSE,90,1,0,0,2,0,0,0,0,0,0,3,35,"44.2","34.4","25.0","10.4",1,3,0,4,1,"0.04","0.07","0.11","0.69",55,-3040,25310,1760,4800,242
19,3,"2026-09-12T16:30:00Z",4,FALSE,64,0,0,1,0,0,0,0,0,0,0,0,13,"0.0","0.0","0.0","0.0",1,2,0,3,1,"0.05","0.15","0.20","0.39",55,36647,67366,50072,13425,242
8,1,"2026-08-22T14:00:00Z",1,FALSE,1,0,0,0,0,0,0,0,0,0,0,0,7,"5.0","0.3","17.0","2.2",0,2,1,3,0,"0.02","0.00","0.02","0.04",50,0,8329,0,0,243
3,0,"2026-08-29T14:00:00Z",2,FALSE,4,0,0,0,0,0,0,0,1,0,0,0,-2,"0.0","0.5","8.0","0.5",0,0,0,0,0,"0.03","0.02","0.05","0.00",50,-385,9333,753,1138,243
16,0,"2026-09-06T13:00:00Z",3,FALSE,0,0,0,0,0,0,0,0,0,0,0,0,0,"0.0","0.0","0.0","0.0",0,0,0,0,0,"0.00","0.00","0.00","0.00",50,-1124,8638,815,1939,243
19,0,"2026-09-12T16:30:00Z",4,FALSE,0,0,0,0,0,0,0,0,0,0,0,0,0,"0.0","0.0","0.0","0.0",0,0,0,0,0,"0.00","0.00","0.00","0.00",49,-731,8215,594,1325,243
8,8,"2026-08-22T14:00:00Z",1,FALSE,90,0,1,1,0,0,0,0,0,0,0,0,25,"28.8","14.7","4.0","4.8",3,11,2,16,1,"0.00","0.04","0.04","1.96",50,0,6793,0,0,244
3,2,"2026-08-29T14:00:00Z",2,FALSE,86,0,0,0,1,0,0,0,0,0,0,0,12,"11.2","12.3","0.0","2.4",3,3,3,9,1,"0.00","0.03","0.03","2.16",50,10319,24656,12786,2467,244
16,1,"2026-09-06T13:00:00Z",3,FALSE,90,0,0,0,2,0,0,0,1,0,0,0,5,"5.2","6.7","9.0","2.1",3,1,1,5,1,"0.09","0.03","0.12","0.69",50,12190,41659,21368,9178,244
19,3,"2026-09-12T16:30:00Z",4,FALSE,90,0,0,1,0,0,0,0,0,0,0,0,6,"0.0","0.0","0.0","0.0",3,2,0,5,1,"0.00","0.02","0.02","0.69",50,4105,46365,12956,8851,244
8,0,"2026-08-22T14:00:00Z",1,FALSE,0,0,0,0,0,0,0,0,0,0,0,0,0,"0.0","0.0","0.0","0.0",0,0,0,0,0,"0.00","0.00","0.00","0.00",55,0,3592,0,0,245
3,0,"2026-08-29T14:00:00Z",2,FALSE,0,0,0,0,0,0,0,0,0,0,0,0,0,"0.0","0.0","0.0","0.0",0,0,0,0,0,"0.00","0.00","0.00","0.00",55,-550,3529,201,751,245
16,0,"2026-09-06T13:00:00Z",3,FALSE,0,0,0,0,0,0,0,0,0,0,0,0,0,"0.0","0.0","0.0","0.0",0,0,0,0,0,"0.00","0.00","0.00","0.00",54,-512,3219,356,868,245
19,0,"2026-09-12T16:30:00Z",4,FALSE,0,0,0,0,0,0,0,0,0,0,0,0,0,"0.0","0.0","0.0","0.0",0,0,0,0,0,"0.00","0.00","0.00","0.00",54,-295,3002,210,505,245
8,3,"2026-08-22T14:00:00Z",1,FALSE,90,0,0,1,0,0,0,0,0,0,0,0,12,"13.8","13.0","2.0","2.9",2,5,2,9,1,"0.00","0.06","0.06","1.96",50,0,5179,0,0,246
3,2,"2026-08-29T14:00:00Z",2,FALSE,85,0,0,0,1,0,0,0,0,0,0,0,13,"8.4","2.3","0.0","1.1",2,4,3,9,1,"0.00","0.01","0.01","2.16",50,-118,5759,518,636,246
16,1,"2026-09-06T13:00:00Z",3,FALSE,74,0,0,0,1,0,0,0,1,0,0,0,10,"4.4","16.8","0.0","2.1",2,4,0,6,1,"0.00","0.13","0.13","0.40",50,-587,5345,580,1167,246
19,0,"2026-09-12T16:30:00Z",4,FALSE,0,0,0,0,0,0,0,0,0,0,0,0,0,"0.0","0.0","0.0","0.0",0,0,0,0,0,"0.00","0.00","0.00","0.00",50,-469,5016,572,1041,246
8,3,"2026-08-22T14:00:00Z",1,FALSE,78,0,0,1,0,0,0,0,0,0,0,0,16,"8.6","12.2","5.0","2.6",1,4,2,7,1,"0.01","0.01","0.02","1.62",55,0,24410,0,0,247
3,1,"2026-08-29T14:00:00Z",2,FALSE,28,0,0,0,0,0,0,0,0,0,0,0,3,"7.8","1.4","2.0","1.1",2,1,0,3,0,"0.00","0.01","0.01","1.58",55,-2358,24628,844,3202,247
16,4,"2026-09-06T13:00:00Z",3,FALSE,15,0,1,0,1,0,0,0,0,0,0,0,14,"20.6","25.5","10.0","5.6",0,0,1,1,0,"0.04","0.09","0.13","0.29",55,-3215,21598,499,3714,247
19,1,"2026-09-12T16:30:00Z",4,FALSE,15,0,0,0,0,0,0,0,0,0,0,0,3,"0.0","0.0","0.0","0.0",1,0,0,1,0,"0.00","0.02","0.02","0.26",55,-480,21723,1482,1962,247
8,1,"2026-08-22T14:00:00Z",1,FALSE,11,0,0,0,0,0,0,0,0,0,0,0,3,"0.0","0.0","2.0","0.2",0,0,0,0,0,"0.05","0.00","0.05","0.34",55,0,249740,0,0,248
3,1,"2026-08-29T14:00:00Z",2,FALSE,20,0,0,0,0,0,0,0,0,0,0,0,2,"3.0","0.3","3.0","0.6",1,0,0,1,0,"0.04","0.00","0.04","1.58",55,-35102,227543,7709,42811,248
16,0,"2026-09-06T13:00:00Z",3,FALSE,0,0,0,0,0,0,0,0,0,0,0,0,0,"0.0","0.0","0.0","0.0",0,0,0,0,0,"0.00","0.00","0.00","0.00",54,-73618,153951,8513,82131,248
19,0,"2026-09-12T16:30:00Z",4,FALSE,0,0,0,0,0,0,0,0,0,0,0,0,0,"0.0","0.0","0.0","0.0",0,0,0,0,0,"0.00","0.00","0.00","0.00",54,-62064,94922,0,62064,248
8,8,"2026-08-22T14:00:00Z",1,FALSE,78,1,0,1,0,0,0,0,0,0,0,2,37,"38.0","19.0","41.0","9.8",0,2,1,3,1,"0.45","0.09","0.54","1.62",55,0,117327,0,0,249
3,2,"2026-08-29T14:00:00Z",2,FALSE,69,0,0,0,1,0,0,0,0,0,0,0,6,"10.0","11.7","58.0","8.0",2,1,0,3,1,"1.48","0.00","1.48","0.58",55,127837,352239,150265,22428,249
16,2,"2026-09-06T13:00:00Z",3,FALSE,90,0,0,0,2,0,0,0,0,0,0,0,7,"0.2","15.0","24.0","3.9",0,4,0,4,1,"0.38","0.02","0.40","0.69",55,104566,501671,195909,91343,249
19,2,"2026-09-12T16:30:00Z",4,FALSE,90,0,0,1,0,0,0,0,0,0,0,0,5,"0.0","0.0","0.0","0.0",1,1,0,2,1,"0.67","0.03","0.70","0.69",56,153695,666569,273770,120075,249
6,2,"2026-08-24T19:00:00Z",1,FALSE,90,0,0,0,3,0,0,0,0,0,3,0,11,"29.6","0.0","0.0","3.0",1,9,0,0,1,"0.00","0.00","0.00","2.24",45,0,272035,0,0,250
20,3,"2026-08-30T13:00:00Z",2,FALSE,90,0,0,0,1,0,0,0,0,0,3,0,11,"19.2","0.0","0.0","1.9",2,8,0,0,1,"0.00","0.00","0.00","2.02",45,645,300981,12174,11529,250
8,1,"2026-09-05T14:00:00Z",3,FALSE,90,0,0,0,3,0,0,0,0,0,2,0,8,"18.8","0.0","0.0","1.9",0,8,0,0,1,"0.00","0.00","0.00","1.97",45,14483,339301,41560,27077,250
14,9,"2026-09-12T14:00:00Z",4,FALSE,90,0,0,1,0,0,0,0,0,0,3,2,29,"0.0","0.0","0.0","0.0",1,8,0,0,1,"0.00","0.00","0.00","1.28",45,-15234,308412,19790,35024,250
6,0,"2026-08-24T19:00:00Z",1,FALSE,0,0,0,0,0,0,0,0,0,0,0,0,0,"0.0","0.0","0.0","0.0",0,0,0,0,0,"0.00","0.00","0.00","0.00",40,0,107540,0,0,251
20,0,"2026-08-30T13:00:00Z",2,FALSE,0,0,0,0,0,0,0,0,0,0,0,0,0,"0.0","0.0","0.0","0.0",0,0,0,0,0,"0.00","0.00","0.00","0.00",40,-2636,117798,1492,4128,251
8,0,"2026-09-05T14:00:00Z",3,FALSE,0,0,0,0,0,0,0,0,0,0,0,0,0,"0.0","0.0","0.0","0.0",0,0,0,0,0,"0.00","0.00","0.00","0.00",40,1599,123475,9450,7851,251
14,0,"2026-09-12T14:00:00Z",4,FALSE,0,0,0,0,0,0,0,0,0,0,0,0,0,"0.0","0.0","0.0","0.0",0,0,0,0,0,"0.00","0.00","0.00","0.00",40,981,123844,8151,7170,251
6,0,"2026-08-24T19:00:00Z",1,FALSE,0,0,0,0,0,0,0,0,0,0,0,0,0,"0.0","0.0","0.0","0.0",0,0,0,0,0,"0.00","0.00","0.00","0.00",40,0,13569,0,0,252
20,0,"2026-08-30T13:00:00Z",2,FALSE,0,0,0,0,0,0,0,0,0,0,0,0,0,"0.0","0.0","0.0","0.0",0,0,0,0,0,"0.00","0.00","0.00","0.00",40,185,15794,805,620,252
8,0,"2026-09-05T14:00:00Z",3,FALSE,0,0,0,0,0,0,0,0,0,0,0,0,0,"0.0","0.0","0.0","0.0",0,0,0,0,0,"0.00","0.00","0.00","0.00",40,-805,15288,1784,2589,252
14,0,"2026-09-12T14:00:00Z",4,FALSE,0,0,0,0,0,0,0,0,0,0,0,0,0,"0.0","0.0","0.0","0.0",0,0,0,0,0,"0.00","0.00","0.00","0.00",40,-1879,13370,0,1879,252
6,0,"2026-08-24T19:00:00Z",1,FALSE,0,0,0,0,0,0,0,0,0,0,0,0,0,"0.0","0.0","0.0","0.0",0,0,0,0,0,"0.00","0.00","0.00","0.00",50,0,3342,0,0,253
20,1,"2026-08-30T13:00:00Z",2,FALSE,90,0,0,0,1,0,0,0,1,0,0,0,4,"17.8","12.9","2.0","3.3",8,2,0,8,1,"0.00","0.04","0.04","2.02",50,1684,7735,2314,630,253
8,1,"2026-09-05T14:00:00Z",3,FALSE,90,0,0,0,3,0,0,0,0,0,0,0,8,"24.4","22.9","6.0","5.3",5,7,2,7,1,"0.00","0.06","0.06","1.97",50,3704,15474,5842,2138,253
14,0,"2026-09-12T14:00:00Z",4,FALSE,0,0,0,0,0,0,0,0,0,0,0,0,0,"0.0","0.0","0.0","0.0",0,0,0,0,0,"0.00","0.00","0.00","0.00",50,-1378,13284,1887,3265,253
6,1,"2026-08-24T19:00:00Z",1,FALSE,81,0,0,0,3,0,0,0,0,0,0,0,4,"21.6","25.2","3.0","5.0",4,5,3,7,1,"0.13","0.04","0.17","2.21",45,0,148513,0,0,254
20,2,"2026-08-30T13:00:00Z",2,FALSE,90,0,0,0,1,0,0,0,0,0,0,0,10,"9.8","4.6","0.0","1.4",0,2,3,3,1,"0.00","0.02","0.02","2.02",45,1752,165662,11181,9429,254
8,1,"2026-09-05T14:00:00Z",3,FALSE,78,0,0,0,3,0,0,0,0,0,0,0,7,"14.6","24.8","9.0","4.8",3,5,2,5,1,"0.08","0.10","0.18","1.97",45,-2176,173615,15006,17182,254
14,6,"2026-09-12T14:00:00Z",4,FALSE,90,0,0,1,0,0,0,0,0,0,0,0,25,"0.0","0.0","0.0","0.0",7,4,2,9,1,"0.05","0.05","0.10","1.28",45,-21356,143996,4729,26085,254
6,3,"2026-08-24T19:00:00Z",1,FALSE,90,0,0,0,3,0,0,0,0,0,0,0,7,"32.8","21.3","0.0","5.4",9,3,1,10,1,"0.00","0.03","0.03","2.24",45,0,1787,0,0,255
20,0,"2026-08-30T13:00:00Z",2,FALSE,0,0,0,0,0,0,0,0,0,0,0,0,0,"0.0","0.0","0.0","0.0",0,0,0,0,0,"0.00","0.00","0.00","0.00",45,522,3423,781,259,255
8,0,"2026-09-05T14:00:00Z",3,FALSE,0,0,0,0,0,0,0,0,0,0,0,0,0,"0.0","0.0","0.0","0.0",0,0,0,0,0,"0.00","0.00","0.00","0.00",45,-183,3459,506,689,255
14,0,"2026-09-12T14:00:00Z",4,FALSE,0,0,0,0,0,0,0,0,0,0,0,0,0,"0.0","0.0","0.0","0.0",0,0,0,0,0,"0.00","0.00","0.00","0.00",45,-509,3009,104,613,255
6,0,"2026-08-24T19:00:00Z",1,FALSE,0,0,0,0,0,0,0,0,0,0,0,0,0,"0.0","0.0","0.0","0.0",0,0,0,0,0,"0.00","0.00","0.00","0.00",45,0,24681,0,0,256
20,0,"2026-08-30T13:00:00Z",2,FALSE,0,0,0,0,0,0,0,0,0,0,0,0,0,"0.0","0.0","0.0","0.0",0,0,0,0,0,"0.00","0.00","0.00","0.00",45,-1723,25956,338,2061,256
8,0,"2026-09-05T14:00:00Z",3,FALSE,0,0,0,0,0,0,0,0,0,0,0,0,0,"0.0","0.0","0.0","0.0",0,0,0,0,0,"0.00","0.00","0.00","0.00",45,-2586,23617,430,3016,256
14,0,"2026-09-12T14:00:00Z",4,FALSE,27,0,0,0,0,0,0,0,1,0,0,0,-1,"0.0","0.0","0.0","0.0",3,0,0,3,0,"0.00","0.00","0.00","0.65",44,-2058,21818,237,2295,256
6,0,"2026-08-24T19:00:00Z",1,FALSE,90,0,0,0,3,0,0,0,1,0,0,0,1,"13.8","3.8","2.0","2.0",3,4,1,4,1,"0.02","0.02","0.04","2.24",45,0,64737,0,0,257
20,2,"2026-08-30T13:00:00Z",2,FALSE,90,0,0,0,1,0,0,0,0,0,0,0,13,"19.4","2.6","0.0","2.2",6,6,1,7,1,"0.00","0.01","0.01","2.02",45,821,75885,6863,6042,257
8,1,"2026-09-05T14:00:00Z",3,FALSE,90,0,0,0,3,0,0,0,0,0,0,0,2,"13.8","6.4","0.0","2.0",1,2,1,2,1,"0.00","0.04","0.04","1.97",45,224,79648,8199,7975,257
14,6,"2026-09-12T14:00:00Z",4,FALSE,90,0,0,1,0,0,0,0,0,0,0,0,27,"0.0","0.0","0.0","0.0",7,3,1,8,1,"0.05","0.00","0.05","1.28",45,-7922,71722,2294,10216,257
6,6,"2026-08-24T19:00:00Z",1,FALSE,90,0,2,0,3,0,0,0,1,0,0,0,21,"38.0","27.8","23.0","8.9",5,4,1,6,1,"0.09","0.18","0.27","2.24",45,0,26346,0,0,258
20,6,"2026-08-30T13:00:00Z",2,FALSE,67,0,0,1,0,0,0,0,0,0,0,0,18,"0.0","0.7","0.0","0.0",1,2,1,2,1,"0.00","0.00","0.00","0.26",45,9481,45933,12096,2615,258
8,1,"2026-09-05T14:00:00Z",3,FALSE,90,0,0,0,3,0,0,0,0,0,0,0,-1,"20.6","24.1","30.0","7.5",5,5,2,7,1,"0.58","0.19","0.77","1.97",45,33375,105919,44214,10839,258
14,6,"2026-09-12T14:00:00Z",4,FALSE,71,0,0,1,0,0,0,0,0,0,0,0,23,"0.0","0.0","0.0","0.0",3,3,2,5,1,"0.00","0.01","0.01","0.74",45,-11458,83333,6203,17661,258
20,2,"2026-08-22T14:00:00Z",1,FALSE,90,0,0,0,1,0,0,0,0,0,0,0,7,"7.2","0.8","2.0","1.0",4,6,1,5,1,"0.00","0.01","0.01","0.66",40,0,1668644,0,0,259
16,2,"2026-08-30T15:30:00Z",2,FALSE,90,0,0,0,5,0,0,0,0,0,0,0,7,"40.8","0.3","0.0","4.1",12,4,0,12,1,"0.00","0.00","0.00","4.77",40,-44411,1683238,26513,70924,259
14,3,"2026-09-04T19:00:00Z",3,FALSE,90,0,0,0,2,0,0,0,0,0,0,0,10,"27.2","10.8","0.0","3.8",9,2,2,11,1,"0.00","0.01","0.01","0.69",40,-81636,1603991,43514,125150,259
8,1,"2026-09-12T14:00:00Z",4,FALSE,90,0,0,0,2,0,0,0,0,0,0,0,8,"0.0","0.0","0.0","0.0",6,5,1,7,1,"0.00","0.13","0.13","0.62",40,-104266,1519556,39336,143602,259
18,3,"2026-08-22T14:00:00Z",1,FALSE,65,0,0,1,0,0,0,0,0,0,0,0,8,"6.2","15.3","4.0","2.6",0,0,2,2,1,"0.00","0.02","0.02","0.53",65,0,577649,0,0,260
4,1,"2026-08-30T13:00:00Z",2,FALSE,45,0,0,0,0,0,0,0,0,0,0,0,7,"8.4","12.1","6.0","2.7",2,3,1,6,0,"0.01","0.04","0.05","1.13",65,-42839,557212,14929,57768,260
5,0,"2026-09-05T14:00:00Z",3,FALSE,17,0,0,0,0,0,0,0,1,0,0,0,0,"1.4","20.3","2.0","2.4",0,1,0,1,0,"0.00","0.00","0.00","1.32",64,-148278,401861,7327,155605,260
17,0,"2026-09-14T19:00:00Z",4,FALSE,0,0,0,0,0,0,0,0,0,0,0,0,0,"0.0","0.0","0.0","0.0",0,0,0,0,0,"0.00","0.00","0.00","0.00",63,-121524,291023,3258,124782,260
6,2,"2026-08-24T19:00:00Z",1,FALSE,90,0,0,0,3,0,0,0,0,0,0,0,17,"12.4","11.3","0.0","2.4",3,6,1,10,1,"0.00","0.04","0.04","2.24",55,0,88413,0,0,261
20,2,"2026-08-30T13:00:00Z",2,FALSE,90,0,0,0,1,0,0,0,0,0,0,0,20,"12.0","35.5","2.0","5.0",1,2,1,4,1,"0.01","0.40","0.41","2.02",55,-3301,95898,6095,9396,261
8,2,"2026-09-05T14:00:00Z",3,FALSE,82,0,0,0,3,0,0,0,0,0,0,0,15,"7.6","23.7","11.0","4.2",0,3,1,4,1,"0.04","0.26","0.30","1.97",55,-9517,88922,7354,16871,261
14,3,"2026-09-12T14:00:00Z",4,FALSE,76,0,0,1,0,0,0,0,0,0,0,0,15,"0.0","0.0","0.0","0.0",0,3,1,4,1,"0.15","0.11","0.26","0.81",54,-14119,75540,2396,16515,261
6,0,"2026-08-24T19:00:00Z",1,FALSE,0,0,0,0,0,0,0,0,0,0,0,0,0,"0.0","0.0","0.0","0.0",0,0,0,0,0,"0.00","0.00","0.00","0.00",55,0,35036,0,0,262
20,1,"2026-08-30T13:00:00Z",2,FALSE,14,0,0,0,0,0,0,0,0,0,0,0,5,"5.2","22.8","7.0","3.5",0,1,0,1,0,"0.06","0.02","0.08","0.41",55,-3334,36765,1414,4748,262
8,1,"2026-09-05T14:00:00Z",3,FALSE,11,0,0,0,0,0,0,0,0,0,0,0,3,"0.2","0.5","2.0","0.3",0,0,0,0,0,"0.00","0.00","0.00","0.00",55,-5101,32334,1425,6526,262
14,1,"2026-09-12T14:00:00Z",4,FALSE,13,0,0,0,0,0,0,0,0,0,0,0,3,"0.0","0.0","0.0","0.0",1,1,0,2,0,"0.00","0.00","0.00","0.46",54,-4117,28676,777,4894,262
6,1,"2026-08-24T19:00:00Z",1,FALSE,17,0,0,0,0,0,0,0,0,0,0,0,2,"5.2","1.9","0.0","0.7",0,1,2,3,0,"0.00","0.01","0.01","0.03",55,0,5144,0,0,263
20,1,"2026-08-30T13:00:00Z",2,FALSE,7,0,0,0,0,0,0,0,0,0,0,0,2,"0.0","1.5","0.0","0.1",0,0,0,0,0,"0.00","0.04","0.04","0.17",55,-443,5495,419,862,263
8,0,"2026-09-05T14:00:00Z",3,FALSE,0,0,0,0,0,0,0,0,0,0,0,0,0,"0.0","0.0","0.0","0.0",0,0,0,0,0,"0.00","0.00","0.00","0.00",54,-789,4945,553,1342,263
14,1,"2026-09-12T14:00:00Z",4,FALSE,18,0,0,0,0,0,0,0,0,0,0,0,4,"0.0","0.0","0.0","0.0",0,2,1,3,0,"0.03","0.07","0.10","0.54",54,-826,4241,236,1062,263
6,2,"2026-08-24T19:00:00Z",1,FALSE,66,0,0,0,3,0,0,0,0,0,0,0,10,"9.8","13.8","6.0","3.0",1,2,3,6,1,"0.00","0.26","0.26","2.21",55,0,26829,0,0,264
20,3,"2026-08-30T13:00:00Z",2,FALSE,67,0,0,1,0,0,0,0,0,0,0,0,8,"7.0","12.4","6.0","2.5",1,2,2,5,1,"0.00","0.01","0.01","0.26",55,1523,33606,4520,2997,264
8,2,"2026-09-05T14:00:00Z",3,FALSE,78,0,0,0,3,0,0,0,0,0,0,0,17,"11.2","58.8","53.0","12.3",0,4,0,4,1,"0.32","0.65","0.97","1.97",55,-1360,34364,4635,5995,264
14,3,"2026-09-12T14:00:00Z",4,FALSE,62,0,0,1,0,0,0,0,0,0,0,0,12,"0.0","0.0","0.0","0.0",2,4,1,7,1,"0.00","0.13","0.13","0.63",55,-4132,30794,2106,6238,264
6,2,"2026-08-24T19:00:00Z",1,FALSE,72,0,0,0,3,0,0,0,0,0,0,0,14,"13.6","23.1","7.0","4.4",1,2,1,4,1,"0.03","0.03","0.06","2.21",50,0,38470,0,0,265
20,2,"2026-08-30T13:00:00Z",2,FALSE,82,0,0,0,1,0,0,0,0,0,0,0,14,"6.0","27.9","2.0","3.6",0,2,0,2,1,"0.00","0.20","0.20","1.85",50,-1868,38868,1465,3333,265
8,1,"2026-09-05T14:00:00Z",3,FALSE,29,0,0,0,1,0,0,0,0,0,0,0,9,"3.2","2.9","0.0","0.6",0,2,0,2,0,"0.00","0.10","0.10","0.84",50,-3309,36133,1875,5184,265
14,3,"2026-09-12T14:00:00Z",4,FALSE,90,0,0,1,0,0,0,0,0,0,0,0,14,"0.0","0.0","0.0","0.0",4,2,3,9,1,"0.00","0.01","0.01","1.28",49,-4295,32007,748,5043,265
6,0,"2026-08-24T19:00:00Z",1,FALSE,0,0,0,0,0,0,0,0,0,0,0,0,0,"0.0","0.0","0.0","0.0",0,0,0,0,0,"0.00","0.00","0.00","0.00",50,0,464,0,0,266
20,0,"2026-08-30T13:00:00Z",2,FALSE,0,0,0,0,0,0,0,0,0,0,0,0,0,"0.0","0.0","0.0","0.0",0,0,0,0,0,"0.00","0.00","0.00","0.00",50,-103,379,12,115,266
8,0,"2026-09-05T14:00:00Z",3,FALSE,0,0,0,0,0,0,0,0,0,0,0,0,0,"0.0","0.0","0.0","0.0",0,0,0,0,0,"0.00","0.00","0.00","0.00",50,-58,335,24,82,266
14,0,"2026-09-12T14:00:00Z",4,FALSE,0,0,0,0,0,0,0,0,0,0,0,0,0,"0.0","0.0","0.0","0.0",0,0,0,0,0,"0.00","0.00","0.00","0.00",50,-3,348,50,53,266
20,5,"2026-08-22T14:00:00Z",1,FALSE,90,0,1,0,1,0,0,0,0,0,0,0,22,"23.4","14.8","2.0","4.0",2,3,1,6,1,"0.00","0.02","0.02","0.66",50,0,10816,0,0,267
16,1,"2026-08-30T15:30:00Z",2,FALSE,72,0,0,0,4,0,0,0,1,0,0,0,11,"17.4","11.9","2.0","3.1",7,1,3,11,1,"0.02","0.02","0.04","3.91",50,-167,12592,1178,1345,267
14,2,"2026-09-04T19:00:00Z",3,FALSE,90,0,0,0,2,0,0,0,0,0,0,0,13,"10.4","14.2","0.0","2.5",1,2,1,4,1,"0.00","0.02","0.02","0.69",50,-997,11933,809,1806,267
8,1,"2026-09-12T14:00:00Z",4,FALSE,76,0,0,0,2,0,0,0,1,0,0,0,8,"0.0","0.0","0.0","0.0",5,4,1,10,1,"0.00","0.10","0.10","0.35",50,-645,11520,772,1417,267
6,7,"2026-08-24T19:00:00Z",1,FALSE,90,1,0,0,3,0,0,0,0,0,0,0,34,"41.6","15.6","41.0","9.8",2,4,2,8,1,"0.17","0.04","0.21","2.24",55,0,14215,0,0,268
20,2,"2026-08-30T13:00:00Z",2,FALSE,90,0,0,0,1,0,0,0,0,0,0,0,8,"10.6","4.5","21.0","3.6",1,1,2,4,1,"0.47","0.03","0.50","2.02",55,30519,59498,34683,4164,268
8,10,"2026-09-05T14:00:00Z",3,FALSE,90,1,0,0,3,0,0,0,0,0,0,3,38,"44.6","26.0","34.0","10.5",1,5,1,7,1,"0.31","0.27","0.58","1.97",55,9662,76528,23134,13472,268
14,3,"2026-09-12T14:00:00Z",4,FALSE,76,0,0,1,0,0,0,0,0,0,0,0,19,"0.0","0.0","0.0","0.0",0,2,2,4,1,"0.21","0.09","0.30","0.81",55,47115,130602,81597,34482,268
6,1,"2026-08-24T19:00:00Z",1,FALSE,17,0,0,0,0,0,0,0,0,0,0,0,7,"6.6","0.5","19.0","2.6",1,1,0,1,0,"0.03","0.00","0.03","0.03",45,0,39784,0,0,269
20,1,"2026-08-30T13:00:00Z",2,FALSE,22,0,0,0,1,0,0,0,0,0,0,0,3,"8.6","11.0","8.0","2.8",0,1,1,1,0,"0.02","0.12","0.14","1.77",45,-2055,41879,959,3014,269
8,1,"2026-09-05T14:00:00Z",3,FALSE,11,0,0,0,0,0,0,0,0,0,0,0,3,"2.0","14.8","4.0","2.1",1,1,0,1,0,"0.08","0.32","0.40","0.00",45,-3956,37980,887,4843,269
14,0,"2026-09-12T14:00:00Z",4,FALSE,0,0,0,0,0,0,0,0,0,0,0,0,0,"0.0","0.0","0.0","0.0",0,0,0,0,0,"0.00","0.00","0.00","0.00",44,-4182,34199,369,4551,269
6,0,"2026-08-24T19:00:00Z",1,FALSE,0,0,0,0,0,0,0,0,0,0,0,0,0,"0.0","0.0","0.0","0.0",0,0,0,0,0,"0.00","0.00","0.00","0.00",45,0,139875,0,0,270
20,0,"2026-08-30T13:00:00Z",2,FALSE,0,0,0,0,0,0,0,0,0,0,0,0,0,"0.0","0.0","0.0","0.0",0,0,0,0,0,"0.00","0.00","0.00","0.00",45,-8921,141446,5582,14503,270
8,0,"2026-09-05T14:00:00Z",3,FALSE,0,0,0,0,0,0,0,0,0,0,0,0,0,"0.0","0.0","0.0","0.0",0,0,0,0,0,"0.00","0.00","0.00","0.00",45,-11001,132811,8075,19076,270
14,0,"2026-09-12T14:00:00Z",4,FALSE,0,0,0,0,0,0,0,0,0,0,0,0,0,"0.0","0.0","0.0","0.0",0,0,0,0,0,"0.00","0.00","0.00","0.00",45,-12381,121271,3620,16001,270
6,1,"2026-08-24T19:00:00Z",1,FALSE,8,0,0,0,0,0,0,0,0,0,0,0,6,"6.0","11.5","7.0","2.5",1,0,0,1,0,"0.02","0.00","0.02","0.03",55,0,52452,0,0,271
20,0,"2026-08-30T13:00:00Z",2,FALSE,0,0,0,0,0,0,0,0,0,0,0,0,0,"0.0","0.0","0.0","0.0",0,0,0,0,0,"0.00","0.00","0.00","0.00",55,-4078,54718,2812,6890,271
8,1,"2026-09-05T14:00:00Z",3,FALSE,7,0,0,0,0,0,0,0,0,0,0,0,5,"3.2","10.1","27.0","4.0",0,0,0,0,0,"0.38","0.00","0.38","0.00",55,-6919,49384,4409,11328,271
14,1,"2026-09-12T14:00:00Z",4,FALSE,13,0,0,0,0,0,0,0,0,0,0,0,4,"0.0","0.0","0.0","0.0",1,0,0,1,0,"0.00","0.00","0.00","0.46",54,-4272,46371,3624,7896,271
6,0,"2026-08-24T19:00:00Z",1,FALSE,0,0,0,0,0,0,0,0,0,0,0,0,0,"0.0","0.0","0.0","0.0",0,0,0,0,0,"0.00","0.00","0.00","0.00",45,0,669004,0,0,272
20,0,"2026-08-30T13:00:00Z",2,FALSE,0,0,0,0,0,0,0,0,0,0,0,0,0,"0.0","0.0","0.0","0.0",0,0,0,0,0,"0.00","0.00","0.00","0.00",45,-20589,685336,23688,44277,272
8,0,"2026-09-05T14:00:00Z",3,FALSE,0,0,0,0,0,0,0,0,0,0,0,0,0,"0.0","0.0","0.0","0.0",0,0,0,0,0,"0.00","0.00","0.00","0.00",45,-11359,689011,60586,71945,272
14,0,"2026-09-12T14:00:00Z",4,FALSE,0,0,0,0,0,0,0,0,0,0,0,0,0,"0.0","0.0","0.0","0.0",0,0,0,0,0,"0.00","0.00","0.00","0.00",45,-45728,635399,35011,80739,272
16,0,"2026-08-22T11:30:00Z",1,FALSE,0,0,0,0,0,0,0,0,0,0,0,0,0,"0.0","0.0","0.0","0.0",0,0,0,0,0,"0.00","0.00","0.00","0.00",40,0,138196,0,0,273
7,0,"2026-08-29T14:00:00Z",2,FALSE,0,0,0,0,0,0,0,0,0,0,0,0,0,"0.0","0.0","0.0","0.0",0,0,0,0,0,"0.00","0.00","0.00","0.00",40,-3979,150763,3115,7094,273
2,0,"2026-09-05T16:30:00Z",3,FALSE,0,0,0,0,0,0,0,0,0,0,0,0,0,"0.0","0.0","0.0","0.0",0,0,0,0,0,"0.00","0.00","0.00","0.00",40,-1922,154754,9318,11240,273
6,0,"2026-09-12T14:00:00Z",4,FALSE,0,0,0,0,0,0,0,0,0,0,0,0,0,"0.0","0.0","0.0","0.0",0,0,0,0,0,"0.00","0.00","0.00","0.00",40,-1217,154407,8596,9813,273
16,0,"2026-08-22T11:30:00Z",1,FALSE,0,0,0,0,0,0,0,0,0,0,0,0,0,"0.0","0.0","0.0","0.0",0,0,0,0,0,"0.00","0.00","0.00","0.00",45,0,11096,0,0,274
7,0,"2026-08-29T14:00:00Z",2,FALSE,0,0,0,0,0,0,0,0,0,0,0,0,0,"0.0","0.0","0.0","0.0",0,0,0,0,0,"0.00","0.00","0.00","0.00",45,-1614,9646,124,1738,274
2,0,"2026-09-05T16:30:00Z",3,FALSE,0,0,0,0,0,0,0,0,0,0,0,0,0,"0.0","0.0","0.0","0.0",0,0,0,0,0,"0.00","0.00","0.00","0.00",45,-1301,8463,166,1467,274
6,0,"2026-09-12T14:00:00Z",4,FALSE,0,0,0,0,0,0,0,0,0,0,0,0,0,"0.0","0.0","0.0","0.0",0,0,0,0,0,"0.00","0.00","0.00","0.00",45,-669,7924,170,839,274
16,0,"2026-08-22T11:30:00Z",1,FALSE,0,0,0,0,0,0,0,0,0,0,0,0,0,"0.0","0.0","0.0","0.0",0,0,0,0,0,"0.00","0.00","0.00","0.00",40,0,1022,0,0,275
7,0,"2026-08-29T14:00:00Z",2,FALSE,0,0,0,0,0,0,0,0,0,0,0,0,0,"0.0","0.0","0.0","0.0",0,0,0,0,0,"0.00","0.00","0.00","0.00",40,-111,909,0,111,275
2,0,"2026-09-05T16:30:00Z",3,FALSE,0,0,0,0,0,0,0,0,0,0,0,0,0,"0.0","0.0","0.0","0.0",0,0,0,0,0,"0.00","0.00","0.00","0.00",40,-83,816,0,83,275
6,0,"2026-09-12T14:00:00Z",4,FALSE,0,0,0,0,0,0,0,0,0,0,0,0,0,"0.0","0.0","0.0","0.0",0,0,0,0,0,"0.00","0.00","0.00","0.00",40,-67,751,0,67,275
16,0,"2026-08-22T11:30:00Z",1,FALSE,0,0,0,0,0,0,0,0,0,0,0,0,0,"0.0","0.0","0.0","0.0",0,0,0,0,0,"0.00","0.00","0.00","0.00",40,0,3519,0,0,276
7,0,"2026-08-29T14:00:00Z",2,FALSE,0,0,0,0,0,0,0,0,0,0,0,0,0,"0.0","0.0","0.0","0.0",0,0,0,0,0,"0.00","0.00","0.00","0.00",40,-383,3116,0,383,276
2,0,"2026-09-05T16:30:00Z",3,FALSE,0,0,0,0,0,0,0,0,0,0,0,0,0,"0.0","0.0","0.0","0.0",0,0,0,0,0,"0.00","0.00","0.00","0.00",40,-272,2831,0,272,276
6,0,"2026-09-12T14:00:00Z",4,FALSE,0,0,0,0,0,0,0,0,0,0,0,0,0,"0.0","0.0","0.0","0.0",0,0,0,0,0,"0.00","0.00","0.00","0.00",40,-204,2640,0,204,276
16,8,"2026-08-22T11:30:00Z",1,FALSE,90,0,0,1,0,0,0,0,0,0,0,0,27,"43.4","0.1","2.0","4.6",20,3,1,21,1,"0.00","0.00","0.00","1.83",40,0,134746,0,0,277
7,9,"2026-08-29T14:00:00Z",2,FALSE,90,0,0,1,0,0,0,0,0,0,0,1,25,"23.8","0.4","0.0","2.4",12,1,1,13,1,"0.00","0.00","0.00","1.29",40,31730,197783,42937,11207,277
2,6,"2026-09-05T16:30:00Z",3,FALSE,90,0,0,1,0,0,0,0,0,0,0,0,18,"15.4","0.1","0.0","1.6",4,1,3,7,1,"0.00","0.00","0.00","1.93",40,278040,623541,335706,57666,277
6,2,"2026-09-12T14:00:00Z",4,FALSE,90,0,0,0,2,0,0,0,1,0,0,0,-1,"0.0","0.0","0.0","0.0",12,6,2,14,1,"0.04","0.00","0.04","0.91",41,150184,688208,223735,73551,277
16,0,"2026-08-22T11:30:00Z",1,FALSE,0,0,0,0,0,0,0,0,0,0,0,0,0,"0.0","0.0","0.0","0.0",0,0,0,0,0,"0.00","0.00","0.00","0.00",40,0,12660,0,0,278
7,0,"2026-08-29T14:00:00Z",2,FALSE,0,0,0,0,0,0,0,0,0,0,0,0,0,"0.0","0.0","0.0","0.0",0,0,0,0,0,"0.00","0.00","0.00","0.00",40,-2221,10606,99,2320,278
2,0,"2026-09-05T16:30:00Z",3,FALSE,0,0,0,0,0,0,0,0,0,0,0,0,0,"0.0","0.0","0.0","0.0",0,0,0,0,0,"0.00","0.00","0.00","0.00",40,-1682,9038,138,1820,278
6,0,"2026-09-12T14:00:00Z",4,FALSE,0,0,0,0,0,0,0,0,0,0,0,0,0,"0.0","0.0","0.0","0.0",0,0,0,0,0,"0.00","0.00","0.00","0.00",40,-1016,8103,174,1190,278
16,14,"2026-08-22T11:30:00Z",1,FALSE,63,1,0,1,0,0,0,0,0,0,0,2,39,"44.2","0.2","35.0","7.9",7,3,0,7,1,"0.52","0.00","0.52","0.86",40,0,83256,0,0,279
7,6,"2026-08-29T14:00:00Z",2,FALSE,90,0,0,1,0,0,0,0,0,0,0,0,24,"15.6","0.8","0.0","1.6",5,5,2,7,1,"0.00","0.00","0.00","1.29",40,63813,200860,79406,15593,279
2,5,"2026-09-05T16:30:00Z",3,FALSE,90,0,0,1,0,0,0,0,1,0,0,0,17,"11.0","0.7","0.0","1.2",5,1,1,6,1,"0.00","0.00","0.00","1.93",41,562671,1055220,631920,69249,279
6,1,"2026-09-12T14:00:00Z",4,FALSE,90,0,0,0,2,0,0,0,0,0,0,0,-6,"0.0","0.0","0.0","0.0",2,2,1,3,1,"0.13","0.00","0.13","0.91",42,271450,1350778,349993,78543,279
16,6,"2026-08-22T11:30:00Z",1,FALSE,69,0,0,1,0,0,0,0,0,0,0,0,23,"5.8","11.3","0.0","1.7",1,3,1,2,1,"0.00","0.01","0.01","1.16",40,0,59278,0,0,280
7,0,"2026-08-29T14:00:00Z",2,FALSE,45,0,0,0,0,0,0,0,1,0,0,0,2,"4.6","0.3","0.0","0.5",4,1,0,4,1,"0.00","0.00","0.00","1.09",40,-2458,62770,2623,5081,280
2,6,"2026-09-05T16:30:00Z",3,FALSE,63,0,0,1,0,0,0,0,0,0,0,0,19,"1.4","4.6","0.0","0.6",0,0,0,0,1,"0.00","0.01","0.01","1.81",40,-8654,54378,1532,10186,280
6,1,"2026-09-12T14:00:00Z",4,FALSE,81,0,0,0,2,0,0,0,0,0,0,0,2,"0.0","0.0","0.0","0.0",2,4,1,3,1,"0.13","0.01","0.14","0.72",40,5360,65983,9488,4128,280
16,1,"2026-08-22T11:30:00Z",1,FALSE,20,0,0,0,0,0,0,0,0,0,0,0,4,"2.2","0.0","1.0","0.3",2,2,1,3,0,"0.05","0.00","0.05","0.67",40,0,1668,0,0,281
7,1,"2026-08-29T14:00:00Z",2,FALSE,45,0,0,0,0,0,0,0,0,0,0,0,4,"4.2","0.4","0.0","0.5",3,2,0,3,0,"0.00","0.00","0.00","0.20",40,695,7175,1108,413,281
2,0,"2026-09-05T16:30:00Z",3,FALSE,0,0,0,0,0,0,0,0,0,0,0,0,0,"0.0","0.0","0.0","0.0",0,0,0,0,0,"0.00","0.00","0.00","0.00",40,-663,6824,1010,1673,281
6,0,"2026-09-12T14:00:00Z",4,FALSE,0,0,0,0,0,0,0,0,0,0,0,0,0,"0.0","0.0","0.0","0.0",0,0,0,0,0,"0.00","0.00","0.00","0.00",40,-1503,5246,0,1503,281
16,6,"2026-08-22T11:30:00Z",1,FALSE,84,0,0,1,0,0,0,0,0,0,0,0,24,"13.8","18.8","4.0","3.7",5,1,1,6,1,"0.02","0.07","0.09","1.76",40,0,67208,0,0,282
7,6,"2026-08-29T14:00:00Z",2,FALSE,90,0,0,1,0,0,0,0,0,0,0,0,21,"9.6","15.0","2.0","2.7",1,4,1,2,1,"0.00","0.07","0.07","1.29",40,8701,90479,12892,4191,282
2,8,"2026-09-05T16:30:00Z",3,FALSE,90,0,0,1,0,0,0,0,0,0,0,2,30,"14.8","26.4","0.0","4.1",3,5,1,4,1,"0.00","0.04","0.04","1.93",40,18469,123114,26812,8343,282
6,4,"2026-09-12T14:00:00Z",4,FALSE,90,0,1,0,2,0,0,0,0,0,0,0,20,"0.0","0.0","0.0","0.0",6,2,1,7,1,"0.00","0.17","0.17","0.91",40,58990,195043,75912,16922,282
16,0,"2026-08-22T11:30:00Z",1,FALSE,0,0,0,0,0,0,0,0,0,0,0,0,0,"0.0","0.0","0.0","0.0",0,0,0,0,0,"0.00","0.00","0.00","0.00",40,0,1251,0,0,283
7,0,"2026-08-29T14:00:00Z",2,FALSE,0,0,0,0,0,0,0,0,0,0,0,0,0,"0.0","0.0","0.0","0.0",0,0,0,0,0,"0.00","0.00","0.00","0.00",40,-171,1177,57,228,283
2,0,"2026-09-05T16:30:00Z",3,FALSE,0,0,0,0,0,0,0,0,0,0,0,0,0,"0.0","0.0","0.0","0.0",0,0,0,0,0,"0.00","0.00","0.00","0.00",40,-153,1068,57,210,283
6,0,"2026-09-12T14:00:00Z",4,FALSE,0,0,0,0,0,0,0,0,0,0,0,0,0,"0.0","0.0","0.0","0.0",0,0,0,0,0,"0.00","0.00","0.00","0.00",40,-125,927,0,125,283
16,0,"2026-08-22T11:30:00Z",1,FALSE,0,0,0,0,0,0,0,0,0,0,0,0,0,"0.0","0.0","0.0","0.0",0,0,0,0,0,"0.00","0.00","0.00","0.00",40,0,7616,0,0,284
7,0,"2026-08-29T14:00:00Z",2,FALSE,0,0,0,0,0,0,0,0,0,0,0,0,0,"0.0","0.0","0.0","0.0",0,0,0,0,0,"0.00","0.00","0.00","0.00",40,-284,8232,675,959,284
2,0,"2026-09-05T16:30:00Z",3,FALSE,0,0,0,0,0,0,0,0,0,0,0,0,0,"0.0","0.0","0.0","0.0",0,0,0,0,0,"0.00","0.00","0.00","0.00",40,295,9409,1507,1212,284
6,0,"2026-09-12T14:00:00Z",4,FALSE,0,0,0,0,0,0,0,0,0,0,0,0,0,"0.0","0.0","0.0","0.0",0,0,0,0,0,"0.00","0.00","0.00","0.00",40,-54,9522,986,1040,284
16,1,"2026-08-22T11:30:00Z",1,FALSE,26,0,0,0,0,0,0,0,0,0,0,0,3,"4.2","0.0","0.0","0.4",2,1,0,2,0,"0.00","0.00","0.00","0.96",40,0,8697,0,0,285
7,0,"2026-08-29T14:00:00Z",2,FALSE,0,0,0,0,0,0,0,0,0,0,0,0,0,"0.0","0.0","0.0","0.0",0,0,0,0,0,"0.00","0.00","0.00","0.00",40,-44,13083,646,690,285
2,0,"2026-09-05T16:30:00Z",3,FALSE,0,0,0,0,0,0,0,0,0,0,0,0,0,"0.0","0.0","0.0","0.0",0,0,0,0,0,"0.00","0.00","0.00","0.00",40,-491,13231,1008,1499,285
6,0,"2026-09-12T14:00:00Z",4,FALSE,0,0,0,0,0,0,0,0,0,0,0,0,0,"0.0","0.0","0.0","0.0",0,0,0,0,0,"0.00","0.00","0.00","0.00",40,-629,12640,574,1203,285
16,3,"2026-08-22T11:30:00Z",1,FALSE,90,0,0,1,0,0,0,0,0,0,0,0,8,"10.6","2.2","7.0","2.0",3,3,4,10,1,"0.05","0.03","0.08","1.83",50,0,40446,0,0,286
7,6,"2026-08-29T14:00:00Z",2,FALSE,82,0,1,1,0,0,0,0,0,0,0,0,23,"23.2","12.1","11.0","4.6",3,5,2,10,1,"0.12","0.02","0.14","1.11",50,9859,63814,13890,4031,286
2,5,"2026-09-05T16:30:00Z",3,FALSE,81,0,0,1,0,0,0,0,0,0,0,0,15,"22.8","12.4","10.0","4.5",8,1,3,12,1,"0.03","0.01","0.04","1.93",50,16123,88726,26562,10439,286
6,13,"2026-09-12T14:00:00Z",4,FALSE,59,2,0,0,1,0,0,0,0,0,0,2,43,"0.0","0.0","0.0","0.0",0,0,1,1,1,"0.17","0.06","0.23","0.26",50,14908,107667,26566,11658,286
16,0,"2026-08-22T11:30:00Z",1,FALSE,19,0,0,0,0,0,0,0,1,0,0,0,2,"2.0","0.3","2.0","0.4",1,1,1,3,0,"0.00","0.00","0.00","0.67",50,0,6086,0,0,287
7,6,"2026-08-29T14:00:00Z",2,FALSE,31,1,0,0,0,0,0,0,0,0,0,0,24,"34.0","0.8","13.0","4.8",1,0,0,1,0,"0.58","0.00","0.58","0.20",50,-682,6233,305,987,287
2,0,"2026-09-05T16:30:00Z",3,FALSE,0,0,0,0,0,0,0,0,0,0,0,0,0,"0.0","0.0","0.0","0.0",0,0,0,0,0,"0.00","0.00","0.00","0.00",50,140,6931,2873,2733,287
6,0,"2026-09-12T14:00:00Z",4,FALSE,0,0,0,0,0,0,0,0,0,0,0,0,0,"0.0","0.0","0.0","0.0",0,0,0,0,0,"0.00","0.00","0.00","0.00",50,-2492,4292,0,2492,287
16,0,"2026-08-22T11:30:00Z",1,FALSE,0,0,0,0,0,0,0,0,0,0,0,0,0,"0.0","0.0","0.0","0.0",0,0,0,0,0,"0.00","0.00","0.00","0.00",45,0,35457,0,0,288
7,0,"2026-08-29T14:00:00Z",2,FALSE,0,0,0,0,0,0,0,0,0,0,0,0,0,"0.0","0.0","0.0","0.0",0,0,0,0,0,"0.00","0.00","0.00","0.00",45,-2542,35966,1716,4258,288
2,0,"2026-09-05T16:30:00Z",3,FALSE,0,0,0,0,0,0,0,0,0,0,0,0,0,"0.0","0.0","0.0","0.0",0,0,0,0,0,"0.00","0.00","0.00","0.00",45,-165,37923,5767,5932,288
6,0,"2026-09-12T14:00:00Z",4,FALSE,0,0,0,0,0,0,0,0,0,0,0,0,0,"0.0","0.0","0.0","0.0",0,0,0,0,0,"0.00","0.00","0.00","0.00",45,-2198,35795,2721,4919,288
16,2,"2026-08-22T11:30:00Z",1,FALSE,90,0,0,1,0,0,0,0,1,0,0,0,9,"19.0","2.4","0.0","2.1",4,1,4,9,1,"0.00","0.00","0.00","1.83",45,0,57929,0,0,289
7,0,"2026-08-29T14:00:00Z",2,FALSE,0,0,0,0,0,0,0,0,0,0,0,0,0,"0.0","0.0","0.0","0.0",0,0,0,0,0,"0.00","0.00","0.00","0.00",45,4451,71261,10141,5690,289
2,0,"2026-09-05T16:30:00Z",3,FALSE,0,0,0,0,0,0,0,0,0,0,0,0,0,"0.0","0.0","0.0","0.0",0,0,0,0,0,"0.00","0.00","0.00","0.00",45,-12365,57596,2885,15250,289
6,1,"2026-09-12T14:00:00Z",4,FALSE,68,0,0,0,2,0,0,0,1,0,0,0,2,"0.0","0.0","0.0","0.0",5,3,2,10,1,"0.00","0.00","0.00","0.55",45,-6726,52575,2257,8983,289
16,6,"2026-08-22T11:30:00Z",1,FALSE,90,0,1,1,0,0,0,0,0,0,0,0,20,"18.4","19.3","0.0","3.8",0,2,1,3,1,"0.00","0.44","0.44","1.83",45,0,272889,0,0,290
7,2,"2026-08-29T14:00:00Z",2,FALSE,90,0,0,1,0,0,0,0,1,0,0,0,6,"9.8","2.8","2.0","1.5",2,4,4,10,1,"0.00","0.01","0.01","1.29",45,69997,391444,92371,22374,290
2,3,"2026-09-05T16:30:00Z",3,FALSE,90,0,0,1,0,0,0,0,0,0,0,0,10,"10.6","12.3","8.0","3.1",3,2,1,6,1,"0.04","0.01","0.05","1.93",45,91326,523606,157568,66242,290
6,2,"2026-09-12T14:00:00Z",4,FALSE,90,0,0,0,2,0,0,0,0,0,0,0,22,"0.0","0.0","0.0","0.0",3,5,3,11,1,"0.04","0.10","0.14","0.91",45,81497,601956,170308,88811,290
16,0,"2026-08-22T11:30:00Z",1,FALSE,0,0,0,0,0,0,0,0,0,0,0,0,0,"0.0","0.0","0.0","0.0",0,0,0,0,0,"0.00","0.00","0.00","0.00",45,0,600,0,0,291
7,0,"2026-08-29T14:00:00Z",2,FALSE,0,0,0,0,0,0,0,0,0,0,0,0,0,"0.0","0.0","0.0","0.0",0,0,0,0,0,"0.00","0.00","0.00","0.00",45,-32,625,64,96,291
2,0,"2026-09-05T16:30:00Z",3,FALSE,0,0,0,0,0,0,0,0,0,0,0,0,0,"0.0","0.0","0.0","0.0",0,0,0,0,0,"0.00","0.00","0.00","0.00",45,-33,637,103,136,291
6,0,"2026-09-12T14:00:00Z",4,FALSE,0,0,0,0,0,0,0,0,0,0,0,0,0,"0.0","0.0","0.0","0.0",0,0,0,0,0,"0.00","0.00","0.00","0.00",45,1,664,117,116,291
16,0,"2026-08-22T11:30:00Z",1,FALSE,0,0,0,0,0,0,0,0,0,0,0,0,0,"0.0","0.0","0.0","0.0",0,0,0,0,0,"0.00","0.00","0.00","0.00",50,0,1546,0,0,292
7,0,"2026-08-29T14:00:00Z",2,FALSE,0,0,0,0,0,0,0,0,0,0,0,0,0,"0.0","0.0","0.0","0.0",0,0,0,0,0,"0.00","0.00","0.00","0.00",50,-178,1668,209,387,292
2,0,"2026-09-05T16:30:00Z",3,FALSE,0,0,0,0,0,0,0,0,0,0,0,0,0,"0.0","0.0","0.0","0.0",0,0,0,0,0,"0.00","0.00","0.00","0.00",49,-131,1697,323,454,292
6,0,"2026-09-12T14:00:00Z",4,FALSE,0,0,0,0,0,0,0,0,0,0,0,0,0,"0.0","0.0","0.0","0.0",0,0,0,0,0,"0.00","0.00","0.00","0.00",49,-30,1763,298,328,292
16,0,"2026-08-22T11:30:00Z",1,FALSE,0,0,0,0,0,0,0,0,0,0,0,0,0,"0.0","0.0","0.0","0.0",0,0,0,0,0,"0.00","0.00","0.00","0.00",50,0,555,0,0,293
7,0,"2026-08-29T14:00:00Z",2,FALSE,0,0,0,0,0,0,0,0,0,0,0,0,0,"0.0","0.0","0.0","0.0",0,0,0,0,0,"0.00","0.00","0.00","0.00",50,-197,353,0,197,293
2,0,"2026-09-05T16:30:00Z",3,FALSE,0,0,0,0,0,0,0,0,0,0,0,0,0,"0.0","0.0","0.0","0.0",0,0,0,0,0,"0.00","0.00","0.00","0.00",50,-96,258,0,96,293
6,0,"2026-09-12T14:00:00Z",4,FALSE,0,0,0,0,0,0,0,0,0,0,0,0,0,"0.0","0.0","0.0","0.0",0,0,0,0,0,"0.00","0.00","0.00","0.00",50,-47,215,0,47,293
16,0,"2026-08-22T11:30:00Z",1,FALSE,0,0,0,0,0,0,0,0,0,0,0,0,0,"0.0","0.0","0.0","0.0",0,0,0,0,0,"0.00","0.00","0.00","0.00",45,0,10995,0,0,294
7,0,"2026-08-29T14:00:00Z",2,FALSE,0,0,0,0,0,0,0,0,0,0,0,0,0,"0.0","0.0","0.0","0.0",0,0,0,0,0,"0.00","0.00","0.00","0.00",45,-1658,10090,491,2149,294
2,0,"2026-09-05T16:30:00Z",3,FALSE,0,0,0,0,0,0,0,0,0,0,0,0,0,"0.0","0.0","0.0","0.0",0,0,0,0,0,"0.00","0.00","0.00","0.00",45,-1263,9216,645,1908,294
6,0,"2026-09-12T14:00:00Z",4,FALSE,0,0,0,0,0,0,0,0,0,0,0,0,0,"0.0","0.0","0.0","0.0",0,0,0,0,0,"0.00","0.00","0.00","0.00",45,258,10293,1379,1121,294
16,5,"2026-08-22T11:30:00Z",1,FALSE,90,0,1,1,0,0,0,0,0,0,0,0,21,"17.2","21.1","52.0","9.0",3,2,0,5,1,"0.16","0.01","0.17","1.83",55,0,113765,0,0,295
7,1,"2026-08-29T14:00:00Z",2,FALSE,90,0,0,1,0,0,0,0,1,0,0,0,7,"0.8","13.3","8.0","2.2",0,4,0,4,1,"0.00","0.01","0.01","1.29",55,66700,219548,82641,15941,295
2,2,"2026-09-05T16:30:00Z",3,FALSE,90,0,0,1,0,0,0,0,0,0,0,0,2,"2.6","11.3","15.0","2.9",1,0,2,3,1,"0.38","0.05","0.43","1.93",55,-9368,211366,40632,50000,295
6,4,"2026-09-12T14:00:00Z",4,FALSE,81,0,1,0,2,0,0,0,1,0,0,0,17,"0.0","0.0","0.0","0.0",2,0,1,3,1,"0.33","0.04","0.37","0.72",55,-18516,198314,22215,40731,295
16,0,"2026-08-22T11:30:00Z",1,FALSE,0,0,0,0,0,0,0,0,0,0,0,0,0,"0.0","0.0","0.0","0.0",0,0,0,0,0,"0.00","0.00","0.00","0.00",50,0,3400,0,0,296
7,0,"2026-08-29T14:00:00Z",2,FALSE,0,0,0,0,0,0,0,0,0,0,0,0,0,"0.0","0.0","0.0","0.0",0,0,0,0,0,"0.00","0.00","0.00","0.00",50,-26,4113,914,940,296
2,0,"2026-09-05T16:30:00Z",3,FALSE,0,0,0,0,0,0,0,0,0,0,0,0,0,"0.0","0.0","0.0","0.0",0,0,0,0,0,"0.00","0.00","0.00","0.00",50,-67,4439,1268,1335,296
6,0,"2026-09-12T14:00:00Z",4,FALSE,0,0,0,0,0,0,0,0,0,0,0,0,0,"0.0","0.0","0.0","0.0",0,0,0,0,0,"0.00","0.00","0.00","0.00",50,-603,3894,522,1125,296
16,0,"2026-08-22T11:30:00Z",1,FALSE,0,0,0,0,0,0,0,0,0,0,0,0,0,"0.0","0.0","0.0","0.0",0,0,0,0,0,"0.00","0.00","0.00","0.00",45,0,2774,0,0,297
7,0,"2026-08-29T14:00:00Z",2,FALSE,0,0,0,0,0,0,0,0,0,0,0,0,0,"0.0","0.0","0.0","0.0",0,0,0,0,0,"0.00","0.00","0.00","0.00",45,-462,2377,64,526,297
2,0,"2026-09-05T16:30:00Z",3,FALSE,0,0,0,0,0,0,0,0,0,0,0,0,0,"0.0","0.0","0.0","0.0",0,0,0,0,0,"0.00","0.00","0.00","0.00",45,-302,2158,141,443,297
6,0,"2026-09-12T14:00:00Z",4,FALSE,0,0,0,0,0,0,0,0,0,0,0,0,0,"0.0","0.0","0.0","0.0",0,0,0,0,0,"0.00","0.00","0.00","0.00",45,-159,2036,123,282,297
16,0,"2026-08-22T11:30:00Z",1,FALSE,0,0,0,0,0,0,0,0,0,0,0,0,0,"0.0","0.0","0.0","0.0",0,0,0,0,0,"0.00","0.00","0.00","0.00",45,0,40958,0,0,298
7,0,"2026-08-29T14:00:00Z",2,FALSE,0,0,0,0,0,0,0,0,0,0,0,0,0,"0.0","0.0","0.0","0.0",0,0,0,0,0,"0.00","0.00","0.00","0.00",45,-8866,31698,0,8866,298
2,0,"2026-09-05T16:30:00Z",3,FALSE,0,0,0,0,0,0,0,0,0,0,0,0,0,"0.0","0.0","0.0","0.0",0,0,0,0,0,"0.00","0.00","0.00","0.00",45,-5574,26020,0,5574,298
6,0,"2026-09-12T14:00:00Z",4,FALSE,0,0,0,0,0,0,0,0,0,0,0,0,0,"0.0","0.0","0.0","0.0",0,0,0,0,0,"0.00","0.00","0.00","0.00",45,-3752,22427,0,3752,298
16,0,"2026-08-22T11:30:00Z",1,FALSE,0,0,0,0,0,0,0,0,0,0,0,0,0,"0.0","0.0","0.0","0.0",0,0,0,0,0,"0.00","0.00","0.00","0.00",45,0,6401,0,0,299
7,0,"2026-08-29T14:00:00Z",2,FALSE,0,0,0,0,0,0,0,0,0,0,0,0,0,"0.0","0.0","0.0","0.0",0,0,0,0,0,"0.00","0.00","0.00","0.00",45,-1210,5122,0,1210,299
2,0,"2026-09-05T16:30:00Z",3,FALSE,0,0,0,0,0,0,0,0,0,0,0,0,0,"0.0","0.0","0.0","0.0",0,0,0,0,0,"0.00","0.00","0.00","0.00",45,-778,4321,0,778,299
6,0,"2026-09-12T14:00:00Z",4,FALSE,0,0,0,0,0,0,0,0,0,0,0,0,0,"0.0","0.0","0.0","0.0",0,0,0,0,0,"0.00","0.00","0.00","0.00",45,-497,3872,0,497,299
20,0,"2026-08-22T14:00:00Z",1,FALSE,0,0,0,0,0,0,0,0,0,0,0,0,0,"0.0","0.0","0.0","0.0",0,0,0,0,0,"0.00","0.00","0.00","0.00",45,0,47085,0,0,300
16,0,"2026-08-30T15:30:00Z",2,FALSE,0,0,0,0,0,0,0,0,0,0,0,0,0,"0.0","0.0","0.0","0.0",0,0,0,0,0,"0.00","0.00","0.00","0.00",45,-4363,48759,209,4572,300
14,0,"2026-09-04T19:00:00Z",3,FALSE,0,0,0,0,0,0,0,0,0,0,0,0,0,"0.0","0.0","0.0","0.0",0,0,0,0,0,"0.00","0.00","0.00","0.00",45,-4114,44862,350,4464,300
8,0,"2026-09-12T14:00:00Z",4,FALSE,0,0,0,0,0,0,0,0,0,0,0,0,0,"0.0","0.0","0.0","0.0",0,0,0,0,0,"0.00","0.00","0.00","0.00",44,-2408,42889,363,2771,300
20,0,"2026-08-22T14:00:00Z",1,FALSE,0,0,0,0,0,0,0,0,0,0,0,0,0,"0.0","0.0","0.0","0.0",0,0,0,0,0,"0.00","0.00","0.00","0.00",40,0,426453,0,0,301
16,0,"2026-08-30T15:30:00Z",2,FALSE,0,0,0,0,0,0,0,0,0,0,0,0,0,"0.0","0.0","0.0","0.0",0,0,0,0,0,"0.00","0.00","0.00","0.00",40,-9662,442454,7686,17348,301
14,0,"2026-09-04T19:00:00Z",3,FALSE,0,0,0,0,0,0,0,0,0,0,0,0,0,"0.0","0.0","0.0","0.0",0,0,0,0,0,"0.00","0.00","0.00","0.00",40,-1187,452044,29680,30867,301
8,0,"2026-09-12T14:00:00Z",4,FALSE,0,0,0,0,0,0,0,0,0,0,0,0,0,"0.0","0.0","0.0","0.0",0,0,0,0,0,"0.00","0.00","0.00","0.00",40,-8837,443746,24047,32884,301
20,0,"2026-08-22T14:00:00Z",1,FALSE,0,0,0,0,0,0,0,0,0,0,0,0,0,"0.0","0.0","0.0","0.0",0,0,0,0,0,"0.00","0.00","0.00","0.00",40,0,40566,0,0,302
16,0,"2026-08-30T15:30:00Z",2,FALSE,0,0,0,0,0,0,0,0,0,0,0,0,0,"0.0","0.0","0.0","0.0",0,0,0,0,0,"0.00","0.00","0.00","0.00",40,140,44640,1959,1819,302
14,0,"2026-09-04T19:00:00Z",3,FALSE,0,0,0,0,0,0,0,0,0,0,0,0,0,"0.0","0.0","0.0","0.0",0,0,0,0,0,"0.00","0.00","0.00","0.00",40,3716,51311,7597,3881,302
8,0,"2026-09-12T14:00:00Z",4,FALSE,0,0,0,0,0,0,0,0,0,0,0,0,0,"0.0","0.0","0.0","0.0",0,0,0,0,0,"0.00","0.00","0.00","0.00",40,11691,63364,17503,5812,302
20,0,"2026-08-22T14:00:00Z",1,FALSE,0,0,0,0,0,0,0,0,0,0,0,0,0,"0.0","0.0","0.0","0.0",0,0,0,0,0,"0.00","0.00","0.00","0.00",40,0,57775,0,0,303
16,0,"2026-08-30T15:30:00Z",2,FALSE,0,0,0,0,0,0,0,0,0,0,0,0,0,"0.0","0.0","0.0","0.0",0,0,0,0,0,"0.00","0.00","0.00","0.00",40,-4615,60443,332,4947,303
14,0,"2026-09-04T19:00:00Z",3,FALSE,0,0,0,0,0,0,0,0,0,0,0,0,0,"0.0","0.0","0.0","0.0",0,0,0,0,0,"0.00","0.00","0.00","0.00",40,-4792,56159,632,5424,303
8,0,"2026-09-12T14:00:00Z",4,FALSE,0,0,0,0,0,0,0,0,0,0,0,0,0,"0.0","0.0","0.0","0.0",0,0,0,0,0,"0.00","0.00","0.00","0.00",40,-3541,52847,589,4130,303
20,4,"2026-08-22T14:00:00Z",1,FALSE,90,0,0,0,1,0,0,0,0,0,0,0,16,"48.0","24.5","2.0","7.5",16,6,2,18,1,"0.00","0.16","0.16","0.66",40,0,313565,0,0,304
16,0,"2026-08-30T15:30:00Z",2,FALSE,90,0,0,0,5,0,0,0,0,0,0,0,-14,"0.0","0.8","9.0","0.9",1,2,0,1,1,"0.07","0.01","0.08","4.77",40,1655,338381,15639,13984,304
14,3,"2026-09-04T19:00:00Z",3,FALSE,90,0,0,0,2,0,0,0,0,0,0,0,5,"23.8","4.4","4.0","3.2",8,3,3,11,1,"0.00","0.01","0.01","0.69",40,-15021,330000,22172,37193,304
8,1,"2026-09-12T14:00:00Z",4,FALSE,90,0,0,0,2,0,0,0,0,0,0,0,5,"0.0","0.0","0.0","0.0",7,2,2,9,1,"0.00","0.08","0.08","0.62",40,-22365,317758,18186,40551,304
20,2,"2026-08-22T14:00:00Z",1,FALSE,90,0,0,0,1,0,0,0,0,0,0,0,10,"15.2","2.3","0.0","1.8",7,4,0,7,1,"0.00","0.01","0.01","0.66",40,0,479363,0,0,305
16,6,"2026-08-30T15:30:00Z",2,FALSE,90,1,0,0,5,0,0,0,0,0,0,0,1,"47.0","14.7","50.0","11.2",4,1,0,4,1,"0.54","0.12","0.66","4.77",40,-13968,482824,7322,21290,305
14,1,"2026-09-04T19:00:00Z",3,FALSE,90,0,0,0,2,0,0,0,0,0,0,0,4,"17.4","21.5","19.0","5.8",4,3,2,6,1,"0.11","0.12","0.23","0.69",40,22917,540194,62873,39956,305
8,14,"2026-09-12T14:00:00Z",4,FALSE,90,1,2,0,2,0,0,0,0,0,0,1,35,"0.0","0.0","0.0","0.0",2,0,0,2,1,"0.52","0.19","0.71","0.62",40,-14896,543743,45631,60527,305
20,2,"2026-08-22T14:00:00Z",1,FALSE,90,0,0,0,1,0,0,0,0,0,0,0,12,"16.4","1.3","0.0","1.8",4,1,3,7,1,"0.00","0.00","0.00","0.66",40,0,134129,0,0,306
16,-1,"2026-08-30T15:30:00Z",2,FALSE,90,0,0,0,5,1,0,0,1,0,0,0,-13,"18.4","1.3","0.0","2.0",9,4,1,10,1,"0.00","0.01","0.01","4.77",40,-4475,141835,1636,6111,306
14,1,"2026-09-04T19:00:00Z",3,FALSE,90,0,0,0,2,0,0,0,0,0,0,0,6,"15.0","12.3","4.0","3.1",6,3,1,7,1,"0.00","0.04","0.04","0.69",40,-8595,134162,2678,11273,306
8,1,"2026-09-12T14:00:00Z",4,FALSE,87,0,0,0,2,0,0,0,0,0,0,0,7,"0.0","0.0","0.0","0.0",6,4,0,6,1,"0.00","0.01","0.01","0.62",40,-7666,127747,1996,9662,306
20,0,"2026-08-22T14:00:00Z",1,FALSE,0,0,0,0,0,0,0,0,0,0,0,0,0,"0.0","0.0","0.0","0.0",0,0,0,0,0,"0.00","0.00","0.00","0.00",40,0,10016,0,0,307
16,0,"2026-08-30T15:30:00Z",2,FALSE,0,0,0,0,0,0,0,0,0,0,0,0,0,"0.0","0.0","0.0","0.0",0,0,0,0,0,"0.00","0.00","0.00","0.00",40,-595,10501,427,1022,307
14,0,"2026-09-04T19:00:00Z",3,FALSE,0,0,0,0,0,0,0,0,0,0,0,0,0,"0.0","0.0","0.0","0.0",0,0,0,0,0,"0.00","0.00","0.00","0.00",40,-658,10397,710,1368,307
8,0,"2026-09-12T14:00:00Z",4,FALSE,0,0,0,0,0,0,0,0,0,0,0,0,0,"0.0","0.0","0.0","0.0",0,0,0,0,0,"0.00","0.00","0.00","0.00",40,-2380,7782,0,2380,307
20,0,"2026-08-22T14:00:00Z",1,FALSE,0,0,0,0,0,0,0,0,0,0,0,0,0,"0.0","0.0","0.0","0.0",0,0,0,0,0,"0.00","0.00","0.00","0.00",40,0,56130,0,0,308
16,1,"2026-08-30T15:30:00Z",2,FALSE,17,0,0,0,1,0,0,0,0,0,0,0,-1,"5.0","0.5","0.0","0.6",2,0,1,3,0,"0.00","0.00","0.00","0.86",40,-4147,59266,269,4416,308
14,0,"2026-09-04T19:00:00Z",3,FALSE,0,0,0,0,0,0,0,0,0,0,0,0,0,"0.0","0.0","0.0","0.0",0,0,0,0,0,"0.00","0.00","0.00","0.00",40,-3936,55806,612,4548,308
8,0,"2026-09-12T14:00:00Z",4,FALSE,0,0,0,0,0,0,0,0,0,0,0,0,0,"0.0","0.0","0.0","0.0",0,0,0,0,0,"0.00","0.00","0.00","0.00",40,-3285,52748,431,3716,308
20,4,"2026-08-22T14:00:00Z",1,FALSE,79,0,0,0,1,0,0,0,0,0,0,0,26,"13.0","7.3","4.0","2.4",4,6,2,12,1,"0.03","0.03","0.06","0.63",50,0,11544,0,0,309
16,2,"2026-08-30T15:30:00Z",2,FALSE,61,0,0,0,3,0,0,0,0,0,0,0,6,"11.6","12.1","2.0","2.6",4,4,1,9,1,"0.00","0.02","0.02","2.85",50,-196,14039,1197,1393,309
14,0,"2026-09-04T19:00:00Z",3,FALSE,0,0,0,0,0,0,0,0,0,0,0,0,0,"0.0","0.0","0.0","0.0",0,0,0,0,0,"0.00","0.00","0.00","0.00",50,-879,13914,1106,1985,309
8,0,"2026-09-12T14:00:00Z",4,FALSE,0,0,0,0,0,0,0,0,0,0,0,0,0,"0.0","0.0","0.0","0.0",0,0,0,0,0,"0.00","0.00","0.00","0.00",50,-1485,12735,377,1862,309
20,0,"2026-08-22T14:00:00Z",1,FALSE,0,0,0,0,0,0,0,0,0,0,0,0,0,"0.0","0.0","0.0","0.0",0,0,0,0,0,"0.00","0.00","0.00","0.00",50,0,430,0,0,310
16,0,"2026-08-30T15:30:00Z",2,FALSE,0,0,0,0,0,0,0,0,0,0,0,0,0,"0.0","0.0","0.0","0.0",0,0,0,0,0,"0.00","0.00","0.00","0.00",50,-104,328,8,112,310
14,0,"2026-09-04T19:00:00Z",3,FALSE,0,0,0,0,0,0,0,0,0,0,0,0,0,"0.0","0.0","0.0","0.0",0,0,0,0,0,"0.00","0.00","0.00","0.00",50,-55,278,12,67,310
8,0,"2026-09-12T14:00:00Z",4,FALSE,0,0,0,0,0,0,0,0,0,0,0,0,0,"0.0","0.0","0.0","0.0",0,0,0,0,0,"0.00","0.00","0.00","0.00",49,-6,288,40,46,310
20,0,"2026-08-22T14:00:00Z",1,FALSE,0,0,0,0,0,0,0,0,0,0,0,0,0,"0.0","0.0","0.0","0.0",0,0,0,0,0,"0.00","0.00","0.00","0.00",50,0,562,0,0,311
16,0,"2026-08-30T15:30:00Z",2,FALSE,0,0,0,0,0,0,0,0,0,0,0,0,0,"0.0","0.0","0.0","0.0",0,0,0,0,0,"0.00","0.00","0.00","0.00",50,-191,366,0,191,311
14,0,"2026-09-04T19:00:00Z",3,FALSE,0,0,0,0,0,0,0,0,0,0,0,0,0,"0.0","0.0","0.0","0.0",0,0,0,0,0,"0.00","0.00","0.00","0.00",50,-88,278,0,88,311
8,0,"2026-09-12T14:00:00Z",4,FALSE,0,0,0,0,0,0,0,0,0,0,0,0,0,"0.0","0.0","0.0","0.0",0,0,0,0,0,"0.00","0.00","0.00","0.00",50,-39,242,0,39,311
20,0,"2026-08-22T14:00:00Z",1,FALSE,0,0,0,0,0,0,0,0,0,0,0,0,0,"0.0","0.0","0.0","0.0",0,0,0,0,0,"0.00","0.00","0.00","0.00",45,0,4505,0,0,312
16,0,"2026-08-30T15:30:00Z",2,FALSE,0,0,0,0,0,0,0,0,0,0,0,0,0,"0.0","0.0","0.0","0.0",0,0,0,0,0,"0.00","0.00","0.00","0.00",45,-772,3887,111,883,312
14,0,"2026-09-04T19:00:00Z",3,FALSE,0,0,0,0,0,0,0,0,0,0,0,0,0,"0.0","0.0","0.0","0.0",0,0,0,0,0,"0.00","0.00","0.00","0.00",45,-505,3500,190,695,312
8,0,"2026-09-12T14:00:00Z",4,FALSE,0,0,0,0,0,0,0,0,0,0,0,0,0,"0.0","0.0","0.0","0.0",0,0,0,0,0,"0.00","0.00","0.00","0.00",45,-278,3274,176,454,312
20,7,"2026-08-22T14:00:00Z",1,FALSE,19,1,0,0,0,0,0,0,0,0,0,1,27,"33.6","0.6","18.0","5.2",0,1,1,2,0,"0.10","0.00","0.10","0.03",55,0,24135,0,0,313
16,0,"2026-08-30T15:30:00Z",2,FALSE,0,0,0,0,0,0,0,0,0,0,0,0,0,"0.0","0.0","0.0","0.0",0,0,0,0,0,"0.00","0.00","0.00","0.00",55,759,29170,3202,2443,313
14,1,"2026-09-04T19:00:00Z",3,FALSE,24,0,0,0,0,0,0,0,0,0,0,0,3,"3.4","11.7","4.0","1.9",1,1,0,2,0,"0.05","0.02","0.07","0.06",55,-4559,24744,1167,5726,313
8,1,"2026-09-12T14:00:00Z",4,FALSE,62,0,0,0,1,0,0,0,1,0,0,0,8,"0.0","0.0","0.0","0.0",0,1,1,2,1,"0.15","0.02","0.17","0.20",54,-3254,22006,468,3722,313
20,0,"2026-08-22T14:00:00Z",1,FALSE,0,0,0,0,0,0,0,0,0,0,0,0,0,"0.0","0.0","0.0","0.0",0,0,0,0,0,"0.00","0.00","0.00","0.00",50,0,1539,0,0,314
16,0,"2026-08-30T15:30:00Z",2,FALSE,0,0,0,0,0,0,0,0,0,0,0,0,0,"0.0","0.0","0.0","0.0",0,0,0,0,0,"0.00","0.00","0.00","0.00",50,-206,1468,37,243,314
14,0,"2026-09-04T19:00:00Z",3,FALSE,0,0,0,0,0,0,0,0,0,0,0,0,0,"0.0","0.0","0.0","0.0",0,0,0,0,0,"0.00","0.00","0.00","0.00",49,-351,1159,67,418,314
8,0,"2026-09-12T14:00:00Z",4,FALSE,0,0,0,0,0,0,0,0,0,0,0,0,0,"0.0","0.0","0.0","0.0",0,0,0,0,0,"0.00","0.00","0.00","0.00",49,-326,837,0,326,314
20,2,"2026-08-22T14:00:00Z",1,FALSE,65,0,0,0,1,0,0,0,0,0,0,0,22,"18.6","28.4","8.0","5.5",1,2,4,7,1,"0.00","0.41","0.41","0.63",55,0,21235,0,0,315
16,4,"2026-08-30T15:30:00Z",2,FALSE,82,0,1,0,5,0,0,0,1,0,0,0,25,"26.6","42.3","2.0","7.1",1,2,1,4,1,"0.00","0.22","0.22","4.59",55,-2198,21573,570,2768,315
14,2,"2026-09-04T19:00:00Z",3,FALSE,78,0,0,0,2,0,0,0,0,0,0,0,14,"10.2","32.9","4.0","4.7",2,2,2,6,1,"0.03","0.15","0.18","0.69",55,-849,21660,2126,2975,315
8,1,"2026-09-12T14:00:00Z",4,FALSE,61,0,0,0,1,0,0,0,1,0,0,0,4,"0.0","0.0","0.0","0.0",2,3,2,7,1,"0.00","0.05","0.05","0.20",55,-464,21628,1970,2434,315
20,9,"2026-08-22T14:00:00Z",1,FALSE,65,1,0,0,1,0,0,0,0,0,0,3,41,"45.6","26.3","40.0","11.2",1,1,1,3,1,"0.82","0.06","0.88","0.63",55,0,33590,0,0,316
16,1,"2026-08-30T15:30:00Z",2,FALSE,45,0,0,0,1,0,0,0,0,0,0,0,7,"1.0","11.1","2.0","1.4",1,0,0,1,1,"0.00","0.00","0.00","0.77",55,59997,182058,76807,16810,316
14,2,"2026-09-04T19:00:00Z",3,FALSE,65,0,0,0,2,0,0,0,0,0,0,0,8,"3.2","0.0","8.0","1.1",1,1,1,3,1,"0.22","0.00","0.22","0.62",55,-30504,167319,20740,51244,316
8,12,"2026-09-12T14:00:00Z",4,FALSE,62,1,1,0,1,0,0,0,0,0,0,3,45,"0.0","0.0","0.0","0.0",0,2,0,2,1,"0.44","0.05","0.49","0.20",55,1738,178755,26091,24353,316
20,0,"2026-08-22T14:00:00Z",1,FALSE,0,0,0,0,0,0,0,0,0,0,0,0,0,"0.0","0.0","0.0","0.0",0,0,0,0,0,"0.00","0.00","0.00","0.00",50,0,25160,0,0,317
16,0,"2026-08-30T15:30:00Z",2,FALSE,0,0,0,0,0,0,0,0,0,0,0,0,0,"0.0","0.0","0.0","0.0",0,0,0,0,0,"0.00","0.00","0.00","0.00",50,-8695,16241,0,8695,317
14,0,"2026-09-04T19:00:00Z",3,FALSE,0,0,0,0,0,0,0,0,0,0,0,0,0,"0.0","0.0","0.0","0.0",0,0,0,0,0,"0.00","0.00","0.00","0.00",50,-4365,11907,0,4365,317
8,0,"2026-09-12T14:00:00Z",4,FALSE,0,0,0,0,0,0,0,0,0,0,0,0,0,"0.0","0.0","0.0","0.0",0,0,0,0,0,"0.00","0.00","0.00","0.00",50,-2172,9936,0,2172,317
20,0,"2026-08-22T14:00:00Z",1,FALSE,0,0,0,0,0,0,0,0,0,0,0,0,0,"0.0","0.0","0.0","0.0",0,0,0,0,0,"0.00","0.00","0.00","0.00",55,0,14821,0,0,318
16,0,"2026-08-30T15:30:00Z",2,FALSE,0,0,0,0,0,0,0,0,0,0,0,0,0,"0.0","0.0","0.0","0.0",0,0,0,0,0,"0.00","0.00","0.00","0.00",55,-3822,12592,106,3928,318
14,0,"2026-09-04T19:00:00Z",3,FALSE,0,0,0,0,0,0,0,0,0,0,0,0,0,"0.0","0.0","0.0","0.0",0,0,0,0,0,"0.00","0.00","0.00","0.00",54,-3409,9209,41,3450,318
8,1,"2026-09-12T14:00:00Z",4,FALSE,28,0,0,0,1,0,0,0,0,0,0,0,6,"0.0","0.0","0.0","0.0",0,3,0,3,0,"0.02","0.00","0.01","0.41",54,-1303,8038,38,1341,318
20,0,"2026-08-22T14:00:00Z",1,FALSE,0,0,0,0,0,0,0,0,0,0,0,0,0,"0.0","0.0","0.0","0.0",0,0,0,0,0,"0.00","0.00","0.00","0.00",50,0,1030,0,0,319
16,0,"2026-08-30T15:30:00Z",2,FALSE,0,0,0,0,0,0,0,0,0,0,0,0,0,"0.0","0.0","0.0","0.0",0,0,0,0,0,"0.00","0.00","0.00","0.00",50,-409,615,0,409,319
14,0,"2026-09-04T19:00:00Z",3,FALSE,0,0,0,0,0,0,0,0,0,0,0,0,0,"0.0","0.0","0.0","0.0",0,0,0,0,0,"0.00","0.00","0.00","0.00",50,-191,427,0,191,319
8,0,"2026-09-12T14:00:00Z",4,FALSE,0,0,0,0,0,0,0,0,0,0,0,0,0,"0.0","0.0","0.0","0.0",0,0,0,0,0,"0.00","0.00","0.00","0.00",50,-87,350,0,87,319
20,1,"2026-08-22T14:00:00Z",1,FALSE,24,0,0,0,0,0,0,0,0,0,0,0,3,"1.4","0.0","2.0","0.3",0,2,1,3,0,"0.00","0.00","0.00","0.03",50,0,47871,0,0,320
16,5,"2026-08-30T15:30:00Z",2,FALSE,45,1,0,0,4,0,0,0,0,0,0,0,30,"33.2","1.7","17.0","5.2",0,0,0,0,0,"0.97","0.00","0.97","4.01",50,-1625,52422,4625,6250,320
14,0,"2026-09-04T19:00:00Z",3,FALSE,0,0,0,0,0,0,0,0,0,0,0,0,0,"0.0","0.0","0.0","0.0",0,0,0,0,0,"0.00","0.00","0.00","0.00",50,45434,114005,62654,17220,320
8,0,"2026-09-12T14:00:00Z",4,FALSE,0,0,0,0,0,0,0,0,0,0,0,0,0,"0.0","0.0","0.0","0.0",0,0,0,0,0,"0.00","0.00","0.00","0.00",50,17117,129479,36471,19354,320
20,1,"2026-08-22T14:00:00Z",1,FALSE,10,0,0,0,0,0,0,0,0,0,0,0,3,"0.0","0.1","0.0","0.0",0,0,0,0,0,"0.00","0.00","0.00","0.03",45,0,199675,0,0,321
16,0,"2026-08-30T15:30:00Z",2,FALSE,0,0,0,0,0,0,0,0,0,0,0,0,0,"0.0","0.0","0.0","0.0",0,0,0,0,0,"0.00","0.00","0.00","0.00",45,17271,247770,40712,23441,321
14,0,"2026-09-04T19:00:00Z",3,FALSE,0,0,0,0,0,0,0,0,0,0,0,0,0,"0.0","0.0","0.0","0.0",0,0,0,0,0,"0.00","0.00","0.00","0.00",45,73544,367243,127698,54154,321
8,0,"2026-09-12T14:00:00Z",4,FALSE,0,0,0,0,0,0,0,0,0,0,0,0,0,"0.0","0.0","0.0","0.0",0,0,0,0,0,"0.00","0.00","0.00","0.00",45,24582,372683,82088,57506,321
20,0,"2026-08-22T14:00:00Z",1,FALSE,0,0,0,0,0,0,0,0,0,0,0,0,0,"0.0","0.0","0.0","0.0",0,0,0,0,0,"0.00","0.00","0.00","0.00",50,0,13332,0,0,322
16,0,"2026-08-30T15:30:00Z",2,FALSE,0,0,0,0,0,0,0,0,0,0,0,0,0,"0.0","0.0","0.0","0.0",0,0,0,0,0,"0.00","0.00","0.00","0.00",50,-2247,12213,755,3002,322
14,0,"2026-09-04T19:00:00Z",3,FALSE,0,0,0,0,0,0,0,0,0,0,0,0,0,"0.0","0.0","0.0","0.0",0,0,0,0,0,"0.00","0.00","0.00","0.00",50,-3877,8170,0,3877,322
8,0,"2026-09-12T14:00:00Z",4,FALSE,0,0,0,0,0,0,0,0,0,0,0,0,0,"0.0","0.0","0.0","0.0",0,0,0,0,0,"0.00","0.00","0.00","0.00",50,-1678,6747,0,1678,322
20,1,"2026-08-22T14:00:00Z",1,FALSE,24,0,0,0,0,0,0,0,0,0,0,0,4,"1.2","1.3","0.0","0.3",0,2,1,3,0,"0.00","0.00","0.00","0.03",45,0,130440,0,0,323
16,1,"2026-08-30T15:30:00Z",2,FALSE,7,0,0,0,0,0,0,0,0,0,0,0,3,"0.2","0.0","0.0","0.0",0,1,0,1,0,"0.00","0.00","0.00","0.18",45,-5950,133761,5615,11565,323
14,1,"2026-09-04T19:00:00Z",3,FALSE,11,0,0,0,0,0,0,0,0,0,0,0,5,"3.2","0.5","7.0","1.1",0,1,0,1,0,"0.05","0.00","0.05","0.00",45,-4340,133131,11626,15966,323
8,0,"2026-09-12T14:00:00Z",4,FALSE,0,0,0,0,0,0,0,0,0,0,0,0,0,"0.0","0.0","0.0","0.0",0,0,0,0,0,"0.00","0.00","0.00","0.00",45,-7171,126703,7120,14291,323
20,0,"2026-08-22T14:00:00Z",1,FALSE,0,0,0,0,0,0,0,0,0,0,0,0,0,"0.0","0.0","0.0","0.0",0,0,0,0,0,"0.00","0.00","0.00","0.00",50,0,4850,0,0,324
16,0,"2026-08-30T15:30:00Z",2,FALSE,0,0,0,0,0,0,0,0,0,0,0,0,0,"0.0","0.0","0.0","0.0",0,0,0,0,0,"0.00","0.00","0.00","0.00",50,-639,4692,47,686,324
14,0,"2026-09-04T19:00:00Z",3,FALSE,0,0,0,0,0,0,0,0,0,0,0,0,0,"0.0","0.0","0.0","0.0",0,0,0,0,0,"0.00","0.00","0.00","0.00",49,-648,4120,109,757,324
8,0,"2026-09-12T14:00:00Z",4,FALSE,0,0,0,0,0,0,0,0,0,0,0,0,0,"0.0","0.0","0.0","0.0",0,0,0,0,0,"0.00","0.00","0.00","0.00",49,-456,3735,90,546,324
11,0,"2026-08-22T11:30:00Z",1,FALSE,0,0,0,0,0,0,0,0,0,0,0,0,0,"0.0","0.0","0.0","0.0",0,0,0,0,0,"0.00","0.00","0.00","0.00",45,0,3043,0,0,325
12,0,"2026-08-30T15:30:00Z",2,FALSE,0,0,0,0,0,0,0,0,0,0,0,0,0,"0.0","0.0","0.0","0.0",0,0,0,0,0,"0.00","0.00","0.00","0.00",45,-15,3863,242,257,325
9,0,"2026-09-06T13:00:00Z",3,FALSE,0,0,0,0,0,0,0,0,0,0,0,0,0,"0.0","0.0","0.0","0.0",0,0,0,0,0,"0.00","0.00","0.00","0.00",45,-122,4184,340,462,325
15,0,"2026-09-13T15:30:00Z",4,FALSE,0,0,0,0,0,0,0,0,0,0,0,0,0,"0.0","0.0","0.0","0.0",0,0,0,0,0,"0.00","0.00","0.00","0.00",45,-89,4302,256,345,325
18,0,"2026-08-22T14:00:00Z",1,FALSE,0,0,0,0,0,0,0,0,0,0,0,0,0,"0.0","0.0","0.0","0.0",0,0,0,0,0,"0.00","0.00","0.00","0.00",45,0,52897,0,0,326
4,0,"2026-08-30T13:00:00Z",2,FALSE,0,0,0,0,0,0,0,0,0,0,0,0,0,"0.0","0.0","0.0","0.0",0,0,0,0,0,"0.00","0.00","0.00","0.00",45,-5031,54468,328,5359,326
5,0,"2026-09-05T14:00:00Z",3,FALSE,0,0,0,0,0,0,0,0,0,0,0,0,0,"0.0","0.0","0.0","0.0",0,0,0,0,0,"0.00","0.00","0.00","0.00",45,-9253,45033,204,9457,326
17,0,"2026-09-14T19:00:00Z",4,FALSE,0,0,0,0,0,0,0,0,0,0,0,0,0,"0.0","0.0","0.0","0.0",0,0,0,0,0,"0.00","0.00","0.00","0.00",45,-6925,38525,0,6925,326
18,10,"2026-08-22T14:00:00Z",1,FALSE,90,0,0,1,0,0,0,0,0,0,0,2,28,"23.6","0.4","15.0","3.9",11,5,1,12,1,"0.11","0.00","0.11","0.66",50,0,27043,0,0,327
4,1,"2026-08-30T13:00:00Z",2,FALSE,45,0,0,0,1,0,0,0,0,0,0,0,0,"8.4","0.2","0.0","0.9",5,2,0,5,1,"0.00","0.00","0.00","0.55",50,37035,96315,45219,8184,327
5,1,"2026-09-05T14:00:00Z",3,FALSE,29,0,0,0,1,0,0,0,0,0,0,0,1,"6.2","0.0","0.0","0.6",2,0,2,4,0,"0.00","0.00","0.00","1.95",50,-2619,95603,14908,17527,327
17,0,"2026-09-14T19:00:00Z",4,FALSE,0,0,0,0,0,0,0,0,0,0,0,0,0,"0.0","0.0","0.0","0.0",0,0,0,0,0,"0.00","0.00","0.00","0.00",50,-10468,87595,4371,14839,327
2,0,"2026-08-23T13:00:00Z",1,FALSE,0,0,0,0,0,0,0,0,0,0,0,0,0,"0.0","0.0","0.0","0.0",0,0,0,0,0,"0.00","0.00","0.00","0.00",50,0,19933,0,0,328
6,0,"2026-08-30T13:00:00Z",2,FALSE,0,0,0,0,0,0,0,0,0,0,0,0,0,"0.0","0.0","0.0","0.0",0,0,0,0,0,"0.00","0.00","0.00","0.00",50,-1138,22519,1416,2554,328
13,1,"2026-09-05T14:00:00Z",3,FALSE,1,0,0,0,0,0,0,0,0,0,0,0,3,"0.2","0.1","0.0","0.0",0,0,0,0,0,"0.00","0.00","0.00","0.00",50,-2128,21218,1548,3676,328
7,0,"2026-09-13T13:00:00Z",4,FALSE,0,0,0,0,0,0,0,0,0,0,0,0,0,"0.0","0.0","0.0","0.0",0,0,0,0,0,"0.00","0.00","0.00","0.00",50,-1007,20832,1494,2501,328
18,6,"2026-08-22T14:00:00Z",1,FALSE,90,0,0,1,0,0,0,0,0,0,0,0,21,"14.4","14.4","5.0","3.4",6,1,1,7,1,"0.03","0.06","0.09","0.66",45,0,330772,0,0,329
4,1,"2026-08-30T13:00:00Z",2,FALSE,33,0,0,0,0,0,0,0,0,0,0,0,4,"8.6","0.3","2.0","1.1",4,1,0,4,1,"0.00","0.00","0.00","0.35",45,9026,358288,21600,12574,329
5,0,"2026-09-05T14:00:00Z",3,FALSE,0,0,0,0,0,0,0,0,0,0,0,0,0,"0.0","0.0","0.0","0.0",0,0,0,0,0,"0.00","0.00","0.00","0.00",45,-122557,220934,5070,127627,329
17,0,"2026-09-14T19:00:00Z",4,FALSE,0,0,0,0,0,0,0,0,0,0,0,0,0,"0.0","0.0","0.0","0.0",0,0,0,0,0,"0.00","0.00","0.00","0.00",44,-112676,118013,168,112844,329
18,6,"2026-08-22T14:00:00Z",1,FALSE,90,0,0,1,0,0,0,0,0,0,0,0,24,"7.0","1.1","0.0","0.8",2,3,1,3,1,"0.00","0.00","0.00","0.66",45,0,45674,0,0,330
4,2,"2026-08-30T13:00:00Z",2,FALSE,67,0,0,0,1,0,0,0,0,0,0,0,9,"18.6","11.3","4.0","3.4",5,5,2,7,1,"0.00","0.01","0.01","0.74",45,2801,54809,5925,3124,330
5,14,"2026-09-05T14:00:00Z",3,FALSE,60,1,0,1,0,0,0,0,1,0,0,3,30,"35.4","1.7","33.0","7.0",2,0,0,2,1,"0.90","0.02","0.92","0.24",45,-432,54984,5089,5521,330
17,0,"2026-09-14T19:00:00Z",4,FALSE,0,0,0,0,0,0,0,0,0,0,0,0,0,"0.0","0.0","0.0","0.0",0,0,0,0,0,"0.00","0.00","0.00","0.00",45,98023,232034,121956,23933,330
18,0,"2026-08-22T14:00:00Z",1,FALSE,0,0,0,0,0,0,0,0,0,0,0,0,0,"0.0","0.0","0.0","0.0",0,0,0,0,0,"0.00","0.00","0.00","0.00",45,0,5099,0,0,331
4,0,"2026-08-30T13:00:00Z",2,FALSE,0,0,0,0,0,0,0,0,0,0,0,0,0,"0.0","0.0","0.0","0.0",0,0,0,0,0,"0.00","0.00","0.00","0.00",45,-926,4329,66,992,331
5,2,"2026-09-05T14:00:00Z",3,FALSE,90,0,0,0,1,0,0,0,0,0,0,0,9,"12.6","1.2","2.0","1.6",2,9,3,5,1,"0.00","0.00","0.00","2.19",45,253,4932,644,391,331
17,0,"2026-09-14T19:00:00Z",4,FALSE,0,0,0,0,0,0,0,0,0,0,0,0,0,"0.0","0.0","0.0","0.0",0,0,0,0,0,"0.00","0.00","0.00","0.00",45,621,5954,1148,527,331
18,10,"2026-08-22T14:00:00Z",1,FALSE,90,0,0,1,0,0,0,0,0,0,0,2,28,"24.6","2.3","2.0","2.9",6,4,6,12,1,"0.00","0.01","0.01","0.66",45,0,52732,0,0,332
4,2,"2026-08-30T13:00:00Z",2,FALSE,90,0,0,0,1,0,0,0,0,0,0,0,12,"24.6","11.8","9.0","4.5",6,3,2,8,1,"0.03","0.01","0.04","1.67",45,34143,121554,43534,9391,332
5,4,"2026-09-05T14:00:00Z",3,FALSE,90,0,0,0,1,0,0,0,0,0,0,0,9,"16.8","1.5","21.0","3.9",7,4,3,10,1,"0.14","0.00","0.14","2.19",45,14204,150950,35632,21428,332
17,0,"2026-09-14T19:00:00Z",4,FALSE,0,0,0,0,0,0,0,0,0,0,0,0,0,"0.0","0.0","0.0","0.0",0,0,0,0,0,"0.00","0.00","0.00","0.00",45,5626,160487,27752,22126,332
18,0,"2026-08-22T14:00:00Z",1,FALSE,0,0,0,0,0,0,0,0,0,0,0,0,0,"0.0","0.0","0.0","0.0",0,0,0,0,0,"0.00","0.00","0.00","0.00",45,0,512,0,0,333
4,0,"2026-08-30T13:00:00Z",2,FALSE,0,0,0,0,0,0,0,0,0,0,0,0,0,"0.0","0.0","0.0","0.0",0,0,0,0,0,"0.00","0.00","0.00","0.00",45,-170,335,0,170,333
5,0,"2026-09-05T14:00:00Z",3,FALSE,0,0,0,0,0,0,0,0,0,0,0,0,0,"0.0","0.0","0.0","0.0",0,0,0,0,0,"0.00","0.00","0.00","0.00",45,-63,276,0,63,333
17,0,"2026-09-14T19:00:00Z",4,FALSE,0,0,0,0,0,0,0,0,0,0,0,0,0,"0.0","0.0","0.0","0.0",0,0,0,0,0,"0.00","0.00","0.00","0.00",45,-39,239,0,39,333
18,6,"2026-08-22T14:00:00Z",1,FALSE,90,0,0,1,0,0,0,0,0,0,0,0,25,"15.6","0.6","17.0","3.3",7,1,0,7,1,"0.09","0.00","0.09","0.66",50,0,306283,0,0,334
4,4,"2026-08-30T13:00:00Z",2,FALSE,90,0,0,0,1,0,0,0,0,0,0,0,17,"51.6","0.8","2.0","5.4",17,3,2,19,1,"0.00","0.01","0.01","1.67",50,9697,336009,21539,11842,334
5,4,"2026-09-05T14:00:00Z",3,FALSE,90,0,0,0,1,0,0,0,0,0,0,0,10,"29.2","0.8","2.0","3.2",12,2,1,13,1,"0.00","0.01","0.01","2.19",50,-2089,326555,40504,42593,334
17,0,"2026-09-14T19:00:00Z",4,FALSE,0,0,0,0,0,0,0,0,0,0,0,0,0,"0.0","0.0","0.0","0.0",0,0,0,0,0,"0.00","0.00","0.00","0.00",50,66646,410571,135153,68507,334
18,13,"2026-08-22T14:00:00Z",1,FALSE,90,1,0,1,0,0,0,0,0,0,0,3,37,"47.8","2.3","16.0","6.6",8,5,3,16,1,"0.10","0.05","0.15","0.66",60,0,80326,0,0,335
4,4,"2026-08-30T13:00:00Z",2,FALSE,90,0,0,0,1,0,0,0,0,0,0,0,13,"24.6","17.0","4.0","4.6",8,4,4,16,1,"0.07","0.01","0.08","1.67",60,67665,255319,81344,13679,335
5,2,"2026-09-05T14:00:00Z",3,FALSE,90,0,0,0,1,0,0,0,0,0,0,0,7,"15.4","16.5","19.0","5.1",2,2,2,6,1,"0.32","0.10","0.42","2.19",60,12619,303711,62176,49557,335
17,0,"2026-09-14T19:00:00Z",4,FALSE,0,0,0,0,0,0,0,0,0,0,0,0,0,"0.0","0.0","0.0","0.0",0,0,0,0,0,"0.00","0.00","0.00","0.00",60,-19365,291170,29721,49086,335
18,1,"2026-08-22T14:00:00Z",1,FALSE,24,0,0,0,0,0,0,0,0,0,0,0,10,"10.0","14.0","4.0","2.8",1,2,2,5,0,"0.00","0.16","0.16","0.13",60,0,45369,0,0,336
4,2,"2026-08-30T13:00:00Z",2,FALSE,68,0,0,0,1,0,0,0,0,0,0,0,11,"6.4","7.5","10.0","2.4",1,0,1,2,1,"0.08","0.01","0.09","0.74",60,-7813,40559,1355,9168,336
5,3,"2026-09-05T14:00:00Z",3,FALSE,61,0,0,1,0,0,0,0,0,0,0,0,9,"1.4","0.6","2.0","0.4",0,0,0,0,1,"0.00","0.01","0.01","0.24",59,-8372,32691,2519,10891,336
17,0,"2026-09-14T19:00:00Z",4,FALSE,0,0,0,0,0,0,0,0,0,0,0,0,0,"0.0","0.0","0.0","0.0",0,0,0,0,0,"0.00","0.00","0.00","0.00",59,-4605,29116,2061,6666,336
18,3,"2026-08-22T14:00:00Z",1,FALSE,81,0,0,1,0,0,0,0,0,0,0,0,16,"8.0","1.1","7.0","1.6",0,6,1,7,1,"0.01","0.01","0.02","0.58",55,0,87156,0,0,337
4,1,"2026-08-30T13:00:00Z",2,FALSE,45,0,0,0,1,0,0,0,0,0,0,0,6,"2.2","0.6","0.0","0.3",1,1,1,3,1,"0.00","0.01","0.01","0.55",55,-5840,85405,2593,8433,337
5,1,"2026-09-05T14:00:00Z",3,FALSE,28,0,0,0,1,0,0,0,0,0,0,0,5,"0.0","1.0","0.0","0.1",0,0,0,0,0,"0.00","0.00","0.00","1.95",55,-14068,70876,2026,16094,337
17,0,"2026-09-14T19:00:00Z",4,FALSE,0,0,0,0,0,0,0,0,0,0,0,0,0,"0.0","0.0","0.0","0.0",0,0,0,0,0,"0.00","0.00","0.00","0.00",54,-10317,61613,1095,11412,337
18,5,"2026-08-22T14:00:00Z",1,FALSE,90,0,0,1,0,0,0,0,0,0,0,0,18,"18.6","23.3","0.0","4.2",6,5,2,13,1,"0.00","0.04","0.04","0.66",55,0,132659,0,0,338
4,2,"2026-08-30T13:00:00Z",2,FALSE,90,0,0,0,1,0,0,0,0,0,0,0,12,"19.6","16.6","1.0","3.7",5,3,2,10,1,"0.01","0.09","0.10","1.67",55,-4850,133624,4591,9441,338
5,2,"2026-09-05T14:00:00Z",3,FALSE,90,0,0,0,1,0,0,0,0,0,0,0,13,"23.6","1.3","0.0","2.5",6,1,4,11,1,"0.00","0.01","0.01","2.19",55,-15707,117203,3562,19269,338
17,0,"2026-09-14T19:00:00Z",4,FALSE,0,0,0,0,0,0,0,0,0,0,0,0,0,"0.0","0.0","0.0","0.0",0,0,0,0,0,"0.00","0.00","0.00","0.00",54,-14489,103938,2529,17018,338
18,1,"2026-08-22T14:00:00Z",1,FALSE,8,0,0,0,0,0,0,0,0,0,0,0,3,"0.0","0.2","0.0","0.0",0,0,0,0,0,"0.00","0.00","0.00","0.07",50,0,12582,0,0,339
4,0,"2026-08-30T13:00:00Z",2,FALSE,0,0,0,0,0,0,0,0,0,0,0,0,0,"0.0","0.0","0.0","0.0",0,0,0,0,0,"0.00","0.00","0.00","0.00",50,-1056,12723,575,1631,339
5,0,"2026-09-05T14:00:00Z",3,FALSE,0,0,0,0,0,0,0,0,0,0,0,0,0,"0.0","0.0","0.0","0.0",0,0,0,0,0,"0.00","0.00","0.00","0.00",50,-1965,10952,639,2604,339
17,0,"2026-09-14T19:00:00Z",4,FALSE,0,0,0,0,0,0,0,0,0,0,0,0,0,"0.0","0.0","0.0","0.0",0,0,0,0,0,"0.00","0.00","0.00","0.00",49,-1113,10180,693,1806,339
16,0,"2026-08-22T11:30:00Z",1,FALSE,0,0,0,0,0,0,0,0,0,0,0,0,0,"0.0","0.0","0.0","0.0",0,0,0,0,0,"0.00","0.00","0.00","0.00",50,0,1365,0,0,340
7,0,"2026-08-29T14:00:00Z",2,FALSE,0,0,0,0,0,0,0,0,0,0,0,0,0,"0.0","0.0","0.0","0.0",0,0,0,0,0,"0.00","0.00","0.00","0.00",50,-243,1160,45,288,340
2,0,"2026-09-05T16:30:00Z",3,FALSE,0,0,0,0,0,0,0,0,0,0,0,0,0,"0.0","0.0","0.0","0.0",0,0,0,0,0,"0.00","0.00","0.00","0.00",50,-124,1068,99,223,340
6,0,"2026-09-12T14:00:00Z",4,FALSE,0,0,0,0,0,0,0,0,0,0,0,0,0,"0.0","0.0","0.0","0.0",0,0,0,0,0,"0.00","0.00","0.00","0.00",50,22,1173,185,163,340
18,0,"2026-08-22T14:00:00Z",1,FALSE,0,0,0,0,0,0,0,0,0,0,0,0,0,"0.0","0.0","0.0","0.0",0,0,0,0,0,"0.00","0.00","0.00","0.00",50,0,2172,0,0,341
4,0,"2026-08-30T13:00:00Z",2,FALSE,0,0,0,0,0,0,0,0,0,0,0,0,0,"0.0","0.0","0.0","0.0",0,0,0,0,0,"0.00","0.00","0.00","0.00",50,-678,1522,18,696,341
5,0,"2026-09-05T14:00:00Z",3,FALSE,0,0,0,0,0,0,0,0,0,0,0,0,0,"0.0","0.0","0.0","0.0",0,0,0,0,0,"0.00","0.00","0.00","0.00",50,-222,1395,226,448,341
17,0,"2026-09-14T19:00:00Z",4,FALSE,0,0,0,0,0,0,0,0,0,0,0,0,0,"0.0","0.0","0.0","0.0",0,0,0,0,0,"0.00","0.00","0.00","0.00",50,-435,947,0,435,341
18,0,"2026-08-22T14:00:00Z",1,FALSE,0,0,0,0,0,0,0,0,0,0,0,0,0,"0.0","0.0","0.0","0.0",0,0,0,0,0,"0.00","0.00","0.00","0.00",50,0,135,0,0,342
4,0,"2026-08-30T13:00:00Z",2,FALSE,0,0,0,0,0,0,0,0,0,0,0,0,0,"0.0","0.0","0.0","0.0",0,0,0,0,0,"0.00","0.00","0.00","0.00",50,-36,98,0,36,342
5,0,"2026-09-05T14:00:00Z",3,FALSE,0,0,0,0,0,0,0,0,0,0,0,0,0,"0.0","0.0","0.0","0.0",0,0,0,0,0,"0.00","0.00","0.00","0.00",50,-17,81,0,17,342
17,0,"2026-09-14T19:00:00Z",4,FALSE,0,0,0,0,0,0,0,0,0,0,0,0,0,"0.0","0.0","0.0","0.0",0,0,0,0,0,"0.00","0.00","0.00","0.00",50,-11,71,0,11,342
18,0,"2026-08-22T14:00:00Z",1,FALSE,0,0,0,0,0,0,0,0,0,0,0,0,0,"0.0","0.0","0.0","0.0",0,0,0,0,0,"0.00","0.00","0.00","0.00",50,0,11272,0,0,343
4,1,"2026-08-30T13:00:00Z",2,FALSE,22,0,0,0,0,0,0,0,0,0,0,0,2,"0.0","1.1","12.0","1.1",0,2,0,2,0,"0.24","0.01","0.25","0.93",50,-873,11703,863,1736,343
5,0,"2026-09-05T14:00:00Z",3,FALSE,0,0,0,0,0,0,0,0,0,0,0,0,0,"0.0","0.0","0.0","0.0",0,0,0,0,0,"0.00","0.00","0.00","0.00",50,-692,11657,1599,2291,343
17,0,"2026-09-14T19:00:00Z",4,FALSE,0,0,0,0,0,0,0,0,0,0,0,0,0,"0.0","0.0","0.0","0.0",0,0,0,0,0,"0.00","0.00","0.00","0.00",50,-1207,10690,786,1993,343
18,0,"2026-08-22T14:00:00Z",1,FALSE,0,0,0,0,0,0,0,0,0,0,0,0,0,"0.0","0.0","0.0","0.0",0,0,0,0,0,"0.00","0.00","0.00","0.00",50,0,461,0,0,344
4,0,"2026-08-30T13:00:00Z",2,FALSE,0,0,0,0,0,0,0,0,0,0,0,0,0,"0.0","0.0","0.0","0.0",0,0,0,0,0,"0.00","0.00","0.00","0.00",50,-120,362,9,129,344
5,0,"2026-09-05T14:00:00Z",3,FALSE,0,0,0,0,0,0,0,0,0,0,0,0,0,"0.0","0.0","0.0","0.0",0,0,0,0,0,"0.00","0.00","0.00","0.00",50,-38,350,33,71,344
17,0,"2026-09-14T19:00:00Z",4,FALSE,0,0,0,0,0,0,0,0,0,0,0,0,0,"0.0","0.0","0.0","0.0",0,0,0,0,0,"0.00","0.00","0.00","0.00",50,-45,317,13,58,344
18,0,"2026-08-22T14:00:00Z",1,FALSE,0,0,0,0,0,0,0,0,0,0,0,0,0,"0.0","0.0","0.0","0.0",0,0,0,0,0,"0.00","0.00","0.00","0.00",50,0,23052,0,0,345
4,1,"2026-08-30T13:00:00Z",2,FALSE,45,0,0,0,0,0,0,0,0,0,0,0,6,"20.0","1.8","0.0","2.2",5,3,3,11,0,"0.00","0.01","0.01","1.13",50,-3334,21386,899,4233,345
5,5,"2026-09-05T14:00:00Z",3,FALSE,72,0,1,0,1,0,0,0,0,0,0,0,18,"20.8","12.2","13.0","4.6",3,3,2,8,1,"0.53","0.01","0.54","0.87",49,-1035,21765,3466,4501,345
17,0,"2026-09-14T19:00:00Z",4,FALSE,0,0,0,0,0,0,0,0,0,0,0,0,0,"0.0","0.0","0.0","0.0",0,0,0,0,0,"0.00","0.00","0.00","0.00",49,2579,25771,5747,3168,345
18,1,"2026-08-22T14:00:00Z",1,FALSE,90,0,0,1,0,0,0,0,1,0,0,0,-2,"0.0","0.8","11.0","0.7",0,2,0,2,1,"0.13","0.00","0.13","0.66",60,0,2823371,0,0,346
4,8,"2026-08-30T13:00:00Z",2,FALSE,90,1,0,0,1,0,0,0,0,0,0,2,31,"38.4","4.0","35.0","7.7",3,1,0,4,1,"0.92","0.02","0.94","1.67",60,-104622,2823193,84314,188936,346
5,1,"2026-09-05T14:00:00Z",3,FALSE,72,0,0,0,1,0,0,0,1,0,0,0,0,"4.4","11.3","21.0","3.7",1,2,0,3,1,"0.56","0.06","0.62","0.87",60,-144642,2612462,198586,343228,346
17,0,"2026-09-14T19:00:00Z",4,FALSE,0,0,0,0,0,0,0,0,0,0,0,0,0,"0.0","0.0","0.0","0.0",0,0,0,0,0,"0.00","0.00","0.00","0.00",60,-377508,2292933,100296,477804,346
18,0,"2026-08-22T14:00:00Z",1,FALSE,0,0,0,0,0,0,0,0,0,0,0,0,0,"0.0","0.0","0.0","0.0",0,0,0,0,0,"0.00","0.00","0.00","0.00",55,0,53564,0,0,347
4,4,"2026-08-30T13:00:00Z",2,FALSE,21,0,1,0,0,0,0,0,0,0,0,0,18,"18.2","20.3","6.0","4.5",0,1,0,1,0,"0.10","0.00","0.10","0.93",55,-7627,51231,1917,9544,347
5,1,"2026-09-05T14:00:00Z",3,FALSE,17,0,0,0,0,0,0,0,0,0,0,0,2,"0.0","1.8","9.0","0.9",0,0,0,0,0,"0.17","0.14","0.31","1.32",55,-3112,50649,5427,8539,347
17,0,"2026-09-14T19:00:00Z",4,FALSE,0,0,0,0,0,0,0,0,0,0,0,0,0,"0.0","0.0","0.0","0.0",0,0,0,0,0,"0.00","0.00","0.00","0.00",54,-1054,51359,6623,7677,347
18,0,"2026-08-22T14:00:00Z",1,FALSE,0,0,0,0,0,0,0,0,0,0,0,0,0,"0.0","0.0","0.0","0.0",0,0,0,0,0,"0.00","0.00","0.00","0.00",50,0,17239,0,0,348
4,0,"2026-08-30T13:00:00Z",2,FALSE,0,0,0,0,0,0,0,0,0,0,0,0,0,"0.0","0.0","0.0","0.0",0,0,0,0,0,"0.00","0.00","0.00","0.00",50,-5351,11733,0,5351,348
5,0,"2026-09-05T14:00:00Z",3,FALSE,0,0,0,0,0,0,0,0,0,0,0,0,0,"0.0","0.0","0.0","0.0",0,0,0,0,0,"0.00","0.00","0.00","0.00",50,-2945,8831,0,2945,348
17,0,"2026-09-14T19:00:00Z",4,FALSE,0,0,0,0,0,0,0,0,0,0,0,0,0,"0.0","0.0","0.0","0.0",0,0,0,0,0,"0.00","0.00","0.00","0.00",50,-1516,7440,0,1516,348
18,0,"2026-08-22T14:00:00Z",1,FALSE,0,0,0,0,0,0,0,0,0,0,0,0,0,"0.0","0.0","0.0","0.0",0,0,0,0,0,"0.00","0.00","0.00","0.00",45,0,5936,0,0,349
4,0,"2026-08-30T13:00:00Z",2,FALSE,0,0,0,0,0,0,0,0,0,0,0,0,0,"0.0","0.0","0.0","0.0",0,0,0,0,0,"0.00","0.00","0.00","0.00",45,-726,5489,325,1051,349
5,0,"2026-09-05T14:00:00Z",3,FALSE,0,0,0,0,0,0,0,0,0,0,0,0,0,"0.0","0.0","0.0","0.0",0,0,0,0,0,"0.00","0.00","0.00","0.00",45,-135,5679,947,1082,349
17,0,"2026-09-14T19:00:00Z",4,FALSE,0,0,0,0,0,0,0,0,0,0,0,0,0,"0.0","0.0","0.0","0.0",0,0,0,0,0,"0.00","0.00","0.00","0.00",45,-257,5498,775,1032,349
17,2,"2026-08-23T15:30:00Z",1,FALSE,90,0,0,0,2,0,0,0,0,0,3,0,7,"17.8","0.0","0.0","1.8",2,6,0,0,1,"0.00","0.00","0.00","1.58",55,0,302846,0,0,350
18,0,"2026-08-29T11:30:00Z",2,FALSE,90,0,0,0,2,0,0,0,1,0,1,0,-5,"7.6","0.0","0.0","0.8",2,4,0,0,1,"0.00","0.00","0.00","2.30",55,4084,377543,25307,21223,350
12,8,"2026-09-04T19:00:00Z",3,FALSE,90,0,0,1,0,0,0,0,0,0,5,1,35,"30.4","0.0","0.0","3.0",2,14,0,0,1,"0.00","0.00","0.00","0.75",55,-15469,402518,42521,57990,350
10,9,"2026-09-12T14:00:00Z",4,FALSE,90,0,0,1,0,0,0,0,0,0,3,2,29,"0.0","0.0","0.0","0.0",0,14,0,0,1,"0.00","0.00","0.00","0.70",55,15592,438381,45421,29829,350
17,0,"2026-08-23T15:30:00Z",1,FALSE,0,0,0,0,0,0,0,0,0,0,0,0,0,"0.0","0.0","0.0","0.0",0,0,0,0,0,"0.00","0.00","0.00","0.00",50,0,13503,0,0,351
18,0,"2026-08-29T11:30:00Z",2,FALSE,0,0,0,0,0,0,0,0,0,0,0,0,0,"0.0","0.0","0.0","0.0",0,0,0,0,0,"0.00","0.00","0.00","0.00",50,-1380,15032,658,2038,351
12,0,"2026-09-04T19:00:00Z",3,FALSE,0,0,0,0,0,0,0,0,0,0,0,0,0,"0.0","0.0","0.0","0.0",0,0,0,0,0,"0.00","0.00","0.00","0.00",49,-1838,14432,1002,2840,351
10,0,"2026-09-12T14:00:00Z",4,FALSE,0,0,0,0,0,0,0,0,0,0,0,0,0,"0.0","0.0","0.0","0.0",0,0,0,0,0,"0.00","0.00","0.00","0.00",49,-1342,13938,513,1855,351
17,0,"2026-08-23T15:30:00Z",1,FALSE,0,0,0,0,0,0,0,0,0,0,0,0,0,"0.0","0.0","0.0","0.0",0,0,0,0,0,"0.00","0.00","0.00","0.00",40,0,97477,0,0,352
18,0,"2026-08-29T11:30:00Z",2,FALSE,0,0,0,0,0,0,0,0,0,0,0,0,0,"0.0","0.0","0.0","0.0",0,0,0,0,0,"0.00","0.00","0.00","0.00",40,-2260,107195,3263,5523,352
12,0,"2026-09-04T19:00:00Z",3,FALSE,0,0,0,0,0,0,0,0,0,0,0,0,0,"0.0","0.0","0.0","0.0",0,0,0,0,0,"0.00","0.00","0.00","0.00",40,280,114962,8227,7947,352
10,0,"2026-09-12T14:00:00Z",4,FALSE,0,0,0,0,0,0,0,0,0,0,0,0,0,"0.0","0.0","0.0","0.0",0,0,0,0,0,"0.00","0.00","0.00","0.00",40,-3423,111999,3509,6932,352
17,0,"2026-08-23T15:30:00Z",1,FALSE,0,0,0,0,0,0,0,0,0,0,0,0,0,"0.0","0.0","0.0","0.0",0,0,0,0,0,"0.00","0.00","0.00","0.00",40,0,2936,0,0,353
18,0,"2026-08-29T11:30:00Z",2,FALSE,0,0,0,0,0,0,0,0,0,0,0,0,0,"0.0","0.0","0.0","0.0",0,0,0,0,0,"0.00","0.00","0.00","0.00",40,-448,2467,0,448,353
12,0,"2026-09-04T19:00:00Z",3,FALSE,0,0,0,0,0,0,0,0,0,0,0,0,0,"0.0","0.0","0.0","0.0",0,0,0,0,0,"0.00","0.00","0.00","0.00",40,-284,2180,0,284,353
10,0,"2026-09-12T14:00:00Z",4,FALSE,0,0,0,0,0,0,0,0,0,0,0,0,0,"0.0","0.0","0.0","0.0",0,0,0,0,0,"0.00","0.00","0.00","0.00",40,-186,2007,0,186,353
17,0,"2026-08-23T15:30:00Z",1,FALSE,0,0,0,0,0,0,0,0,0,0,0,0,0,"0.0","0.0","0.0","0.0",0,0,0,0,0,"0.00","0.00","0.00","0.00",40,0,1351,0,0,354
18,0,"2026-08-29T11:30:00Z",2,FALSE,0,0,0,0,0,0,0,0,0,0,0,0,0,"0.0","0.0","0.0","0.0",0,0,0,0,0,"0.00","0.00","0.00","0.00",40,-16,1453,163,179,354
12,0,"2026-09-04T19:00:00Z",3,FALSE,0,0,0,0,0,0,0,0,0,0,0,0,0,"0.0","0.0","0.0","0.0",0,0,0,0,0,"0.00","0.00","0.00","0.00",40,213,1744,549,336,354
10,0,"2026-09-12T14:00:00Z",4,FALSE,0,0,0,0,0,0,0,0,0,0,0,0,0,"0.0","0.0","0.0","0.0",0,0,0,0,0,"0.00","0.00","0.00","0.00",40,157,1961,567,410,354
17,0,"2026-08-23T15:30:00Z",1,FALSE,0,0,0,0,0,0,0,0,0,0,0,0,0,"0.0","0.0","0.0","0.0",0,0,0,0,0,"0.00","0.00","0.00","0.00",40,0,11845,0,0,355
18,0,"2026-08-29T11:30:00Z",2,FALSE,0,0,0,0,0,0,0,0,0,0,0,0,0,"0.0","0.0","0.0","0.0",0,0,0,0,0,"0.00","0.00","0.00","0.00",40,-69,13945,644,713,355
12,0,"2026-09-04T19:00:00Z",3,FALSE,0,0,0,0,0,0,0,0,0,0,0,0,0,"0.0","0.0","0.0","0.0",0,0,0,0,0,"0.00","0.00","0.00","0.00",40,578,16191,1717,1139,355
10,0,"2026-09-12T14:00:00Z",4,FALSE,0,0,0,0,0,0,0,0,0,0,0,0,0,"0.0","0.0","0.0","0.0",0,0,0,0,0,"0.00","0.00","0.00","0.00",40,67,16844,1195,1128,355
17,2,"2026-08-23T15:30:00Z",1,FALSE,90,0,0,0,2,0,0,0,1,0,0,0,8,"25.6","1.6","24.0","5.1",9,6,2,11,1,"0.25","0.01","0.26","1.58",65,0,1670280,0,0,356
18,1,"2026-08-29T11:30:00Z",2,FALSE,90,0,0,0,2,0,0,0,0,0,0,0,5,"24.6","4.3","2.0","3.1",7,5,0,7,1,"0.00","0.03","0.03","2.30",65,-4506,1939518,74614,79120,356
12,6,"2026-09-04T19:00:00Z",3,FALSE,90,0,0,1,0,0,0,0,0,0,0,0,32,"23.2","1.8","0.0","2.5",4,4,3,7,1,"0.00","0.02","0.02","0.75",65,-205785,1837428,67650,273435,356
10,8,"2026-09-12T14:00:00Z",4,FALSE,90,0,0,1,0,0,0,0,0,0,0,0,25,"0.0","0.0","0.0","0.0",10,1,0,10,1,"0.00","0.01","0.01","0.70",65,-48305,1832589,79775,128080,356
17,0,"2026-08-23T15:30:00Z",1,FALSE,90,0,0,0,2,0,0,0,1,0,0,0,3,"13.6","37.8","10.0","6.1",1,3,1,2,1,"0.01","0.09","0.10","1.58",55,0,302241,0,0,357
18,1,"2026-08-29T11:30:00Z",2,FALSE,70,0,0,0,2,0,0,0,0,0,0,0,9,"12.8","13.8","4.0","3.1",4,3,2,6,1,"0.00","0.02","0.02","2.23",55,-9049,339802,24520,33569,357
12,0,"2026-09-04T19:00:00Z",3,FALSE,0,0,0,0,0,0,0,0,0,0,0,0,0,"0.0","0.0","0.0","0.0",0,0,0,0,0,"0.00","0.00","0.00","0.00",55,-45306,309643,25094,70400,357
10,1,"2026-09-12T14:00:00Z",4,FALSE,18,0,0,0,0,0,0,0,0,0,0,0,12,"0.0","0.0","0.0","0.0",3,1,1,4,0,"0.00","0.12","0.12","0.10",54,-81882,231759,4729,86611,357
17,0,"2026-08-23T15:30:00Z",1,FALSE,90,0,0,0,2,0,0,0,1,0,0,0,3,"18.0","13.8","12.0","4.4",4,3,3,7,1,"0.02","0.02","0.04","1.58",55,0,332539,0,0,358
18,1,"2026-08-29T11:30:00Z",2,FALSE,70,0,0,0,2,0,0,0,0,0,0,0,9,"24.0","12.8","0.0","3.7",7,4,1,8,1,"0.00","0.01","0.01","2.23",55,-18742,347978,15645,34387,358
12,5,"2026-09-04T19:00:00Z",3,FALSE,90,0,0,1,0,0,0,0,1,0,0,0,23,"13.8","11.3","0.0","2.5",3,1,2,5,1,"0.00","0.03","0.03","0.75",55,-51052,302995,13999,65051,358
10,1,"2026-09-12T14:00:00Z",4,FALSE,45,0,0,0,0,0,0,0,0,0,0,0,6,"0.0","0.0","0.0","0.0",2,0,1,3,0,"0.00","0.01","0.01","0.30",54,-22124,288013,12338,34462,358
17,0,"2026-08-23T15:30:00Z",1,FALSE,0,0,0,0,0,0,0,0,0,0,0,0,0,"0.0","0.0","0.0","0.0",0,0,0,0,0,"0.00","0.00","0.00","0.00",50,0,1714,0,0,359
18,0,"2026-08-29T11:30:00Z",2,FALSE,0,0,0,0,0,0,0,0,0,0,0,0,0,"0.0","0.0","0.0","0.0",0,0,0,0,0,"0.00","0.00","0.00","0.00",50,-330,1606,79,409,359
12,0,"2026-09-04T19:00:00Z",3,FALSE,0,0,0,0,0,0,0,0,0,0,0,0,0,"0.0","0.0","0.0","0.0",0,0,0,0,0,"0.00","0.00","0.00","0.00",50,-255,1465,70,325,359
10,0,"2026-09-12T14:00:00Z",4,FALSE,0,0,0,0,0,0,0,0,0,0,0,0,0,"0.0","0.0","0.0","0.0",0,0,0,0,0,"0.00","0.00","0.00","0.00",50,-137,1392,74,211,359
17,0,"2026-08-23T15:30:00Z",1,FALSE,0,0,0,0,0,0,0,0,0,0,0,0,0,"0.0","0.0","0.0","0.0",0,0,0,0,0,"0.00","0.00","0.00","0.00",50,0,957,0,0,360
18,0,"2026-08-29T11:30:00Z",2,FALSE,0,0,0,0,0,0,0,0,0,0,0,0,0,"0.0","0.0","0.0","0.0",0,0,0,0,0,"0.00","0.00","0.00","0.00",50,-140,1023,79,219,360
12,0,"2026-09-04T19:00:00Z",3,FALSE,0,0,0,0,0,0,0,0,0,0,0,0,0,"0.0","0.0","0.0","0.0",0,0,0,0,0,"0.00","0.00","0.00","0.00",50,-104,1036,114,218,360
10,0,"2026-09-12T14:00:00Z",4,FALSE,0,0,0,0,0,0,0,0,0,0,0,0,0,"0.0","0.0","0.0","0.0",0,0,0,0,0,"0.00","0.00","0.00","0.00",50,-94,1010,67,161,360
17,0,"2026-08-23T15:30:00Z",1,FALSE,0,0,0,0,0,0,0,0,0,0,0,0,0,"0.0","0.0","0.0","0.0",0,0,0,0,0,"0.00","0.00","0.00","0.00",40,0,10838,0,0,361
18,0,"2026-08-29T11:30:00Z",2,FALSE,0,0,0,0,0,0,0,0,0,0,0,0,0,"0.0","0.0","0.0","0.0",0,0,0,0,0,"0.00","0.00","0.00","0.00",40,-529,11947,608,1137,361
12,0,"2026-09-04T19:00:00Z",3,FALSE,0,0,0,0,0,0,0,0,0,0,0,0,0,"0.0","0.0","0.0","0.0",0,0,0,0,0,"0.00","0.00","0.00","0.00",40,-8,13766,1420,1428,361
10,0,"2026-09-12T14:00:00Z",4,FALSE,0,0,0,0,0,0,0,0,0,0,0,0,0,"0.0","0.0","0.0","0.0",0,0,0,0,0,"0.00","0.00","0.00","0.00",40,-645,13224,832,1477,361
17,1,"2026-08-23T15:30:00Z",1,FALSE,69,0,0,0,2,0,0,0,0,0,0,0,9,"12.4","11.9","0.0","2.4",2,3,1,3,1,"0.00","0.02","0.02","1.04",50,0,205604,0,0,362
18,3,"2026-08-29T11:30:00Z",2,FALSE,76,0,0,0,2,0,0,0,0,0,0,0,13,"30.8","15.1","2.0","4.8",8,4,3,11,1,"0.00","0.05","0.05","2.23",50,4556,235410,22712,18156,362
12,5,"2026-09-04T19:00:00Z",3,FALSE,90,0,0,1,0,0,0,0,1,0,0,0,28,"22.8","12.5","2.0","3.7",6,3,3,9,1,"0.00","0.03","0.03","0.75",50,16306,277052,56823,40517,362
10,9,"2026-09-12T14:00:00Z",4,FALSE,90,0,0,1,0,0,0,0,0,0,0,3,36,"0.0","0.0","0.0","0.0",4,5,1,5,1,"0.00","0.02","0.02","0.70",50,16244,298463,48593,32349,362
17,0,"2026-08-23T15:30:00Z",1,FALSE,0,0,0,0,0,0,0,0,0,0,0,0,0,"0.0","0.0","0.0","0.0",0,0,0,0,0,"0.00","0.00","0.00","0.00",40,0,4082,0,0,363
18,0,"2026-08-29T11:30:00Z",2,FALSE,0,0,0,0,0,0,0,0,0,0,0,0,0,"0.0","0.0","0.0","0.0",0,0,0,0,0,"0.00","0.00","0.00","0.00",40,-337,4039,182,519,363
12,0,"2026-09-04T19:00:00Z",3,FALSE,0,0,0,0,0,0,0,0,0,0,0,0,0,"0.0","0.0","0.0","0.0",0,0,0,0,0,"0.00","0.00","0.00","0.00",40,-285,3887,332,617,363
10,0,"2026-09-12T14:00:00Z",4,FALSE,0,0,0,0,0,0,0,0,0,0,0,0,0,"0.0","0.0","0.0","0.0",0,0,0,0,0,"0.00","0.00","0.00","0.00",40,-297,3654,161,458,363
17,0,"2026-08-23T15:30:00Z",1,FALSE,0,0,0,0,0,0,0,0,0,0,0,0,0,"0.0","0.0","0.0","0.0",0,0,0,0,0,"0.00","0.00","0.00","0.00",50,0,6683,0,0,364
18,1,"2026-08-29T11:30:00Z",2,FALSE,19,0,0,0,0,0,0,0,0,0,0,0,4,"3.6","1.3","9.0","1.4",0,0,0,0,0,"0.04","0.01","0.05","0.07",50,-643,7352,339,982,364
12,0,"2026-09-04T19:00:00Z",3,FALSE,0,0,0,0,0,0,0,0,0,0,0,0,0,"0.0","0.0","0.0","0.0",0,0,0,0,0,"0.00","0.00","0.00","0.00",50,-600,7858,487,1087,364
10,1,"2026-09-12T14:00:00Z",4,FALSE,45,0,0,0,0,0,0,0,0,0,0,0,2,"0.0","0.0","0.0","0.0",2,3,1,3,1,"0.00","0.01","0.01","0.40",49,-934,7588,362,1296,364
17,0,"2026-08-23T15:30:00Z",1,FALSE,0,0,0,0,0,0,0,0,0,0,0,0,0,"0.0","0.0","0.0","0.0",0,0,0,0,0,"0.00","0.00","0.00","0.00",40,0,19328,0,0,365
18,0,"2026-08-29T11:30:00Z",2,FALSE,0,0,0,0,0,0,0,0,0,0,0,0,0,"0.0","0.0","0.0","0.0",0,0,0,0,0,"0.00","0.00","0.00","0.00",40,-3114,18344,638,3752,365
12,0,"2026-09-04T19:00:00Z",3,FALSE,0,0,0,0,0,0,0,0,0,0,0,0,0,"0.0","0.0","0.0","0.0",0,0,0,0,0,"0.00","0.00","0.00","0.00",40,-5215,12989,0,5215,365
10,0,"2026-09-12T14:00:00Z",4,FALSE,0,0,0,0,0,0,0,0,0,0,0,0,0,"0.0","0.0","0.0","0.0",0,0,0,0,0,"0.00","0.00","0.00","0.00",40,-2067,11136,0,2067,365
17,2,"2026-08-23T15:30:00Z",1,FALSE,62,0,0,0,2,0,0,0,0,0,0,0,16,"9.8","17.9","29.0","5.7",0,4,1,5,1,"0.26","0.04","0.30","0.51",75,0,1122658,0,0,366
18,4,"2026-08-29T11:30:00Z",2,FALSE,90,0,1,0,2,0,0,0,1,0,0,0,23,"27.8","24.3","22.0","7.4",0,7,3,10,1,"0.23","0.20","0.43","2.30",75,-98339,1118328,24923,123262,366
12,3,"2026-09-04T19:00:00Z",3,FALSE,90,0,0,1,0,0,0,0,0,0,0,0,14,"6.6","34.0","22.0","6.3",0,4,0,4,1,"0.18","0.05","0.23","0.65",75,-121349,1044657,69030,190379,366
10,3,"2026-09-12T14:00:00Z",4,FALSE,90,0,0,1,0,0,0,0,0,0,0,0,14,"0.0","0.0","0.0","0.0",2,6,1,9,1,"0.11","0.06","0.17","0.70",74,-199592,837754,30578,230170,366
17,12,"2026-08-23T15:30:00Z",1,FALSE,90,1,0,0,2,0,0,0,0,0,0,3,33,"44.0","34.0","37.0","11.5",4,5,3,12,1,"0.30","0.15","0.45","1.58",70,0,310403,0,0,367
18,5,"2026-08-29T11:30:00Z",2,FALSE,70,0,1,0,2,0,0,0,0,0,0,0,21,"23.2","27.8","6.0","5.7",1,2,0,3,1,"0.00","0.65","0.65","2.23",70,177953,653797,205704,27751,367
12,11,"2026-09-04T19:00:00Z",3,FALSE,90,0,2,1,0,0,0,0,0,0,0,2,43,"49.6","42.7","13.0","10.5",2,5,3,10,1,"0.06","0.40","0.46","0.75",71,103812,933667,234993,131181,367
10,1,"2026-09-12T14:00:00Z",4,FALSE,30,0,0,0,0,0,0,0,0,0,0,0,3,"0.0","0.0","0.0","0.0",0,2,0,2,0,"0.08","0.02","0.10","0.16",72,357507,1328735,670039,312532,367
17,8,"2026-08-23T15:30:00Z",1,FALSE,90,1,0,0,2,0,0,0,0,0,0,1,29,"50.4","47.1","21.0","11.9",2,4,1,7,1,"0.85","0.27","1.12","1.58",70,0,3733259,0,0,368
18,4,"2026-08-29T11:30:00Z",2,FALSE,90,0,0,0,2,0,0,0,0,0,0,0,24,"21.4","40.7","4.0","6.6",3,7,3,13,1,"0.16","0.17","0.33","2.30",70,177598,4309636,245003,67405,368
12,3,"2026-09-04T19:00:00Z",3,FALSE,90,0,0,1,0,0,0,0,0,0,0,0,20,"19.4","29.9","21.0","7.0",3,6,0,9,1,"0.16","0.08","0.24","0.75",70,-105407,4313411,281021,386428,368
10,3,"2026-09-12T14:00:00Z",4,FALSE,90,0,0,1,0,0,0,0,0,0,0,0,25,"0.0","0.0","0.0","0.0",3,3,0,6,1,"0.12","0.28","0.40","0.70",70,-242164,4135360,274640,516804,368
17,2,"2026-08-23T15:30:00Z",1,FALSE,62,0,0,0,2,0,0,0,0,0,0,0,9,"2.4","6.0","5.0","1.3",0,2,1,3,1,"0.04","0.02","0.06","0.51",60,0,104767,0,0,369
18,1,"2026-08-29T11:30:00Z",2,FALSE,19,0,0,0,0,0,0,0,0,0,0,0,5,"2.0","1.3","2.0","0.5",0,0,0,0,0,"0.00","0.03","0.03","0.07",60,-9330,106917,5547,14877,369
12,0,"2026-09-04T19:00:00Z",3,FALSE,0,0,0,0,0,0,0,0,0,0,0,0,0,"0.0","0.0","0.0","0.0",0,0,0,0,0,"0.00","0.00","0.00","0.00",59,-31936,77015,3473,35409,369
10,1,"2026-09-12T14:00:00Z",4,FALSE,18,0,0,0,0,0,0,0,0,0,0,0,-1,"0.0","0.0","0.0","0.0",1,0,0,1,0,"0.11","0.00","0.11","0.10",58,-20391,60213,3022,23413,369
17,0,"2026-08-23T15:30:00Z",1,FALSE,0,0,0,0,0,0,0,0,0,0,0,0,0,"0.0","0.0","0.0","0.0",0,0,0,0,0,"0.00","0.00","0.00","0.00",55,0,11756,0,0,370
18,0,"2026-08-29T11:30:00Z",2,FALSE,0,0,0,0,0,0,0,0,0,0,0,0,0,"0.0","0.0","0.0","0.0",0,0,0,0,0,"0.00","0.00","0.00","0.00",55,-2965,10863,585,3550,370
12,0,"2026-09-04T19:00:00Z",3,FALSE,0,0,0,0,0,0,0,0,0,0,0,0,0,"0.0","0.0","0.0","0.0",0,0,0,0,0,"0.00","0.00","0.00","0.00",54,-4196,6728,50,4246,370
10,0,"2026-09-12T14:00:00Z",4,FALSE,0,0,0,0,0,0,0,0,0,0,0,0,0,"0.0","0.0","0.0","0.0",0,0,0,0,0,"0.00","0.00","0.00","0.00",54,-1366,5591,14,1380,370
17,5,"2026-08-23T15:30:00Z",1,FALSE,77,0,1,0,2,0,0,0,0,0,0,0,26,"24.4","16.0","4.0","4.4",2,8,1,11,1,"0.06","0.05","0.11","1.10",60,0,172067,0,0,371
18,1,"2026-08-29T11:30:00Z",2,FALSE,19,0,0,0,0,0,0,0,0,0,0,0,7,"4.4","12.1","0.0","1.7",0,0,1,1,0,"0.00","0.01","0.01","0.07",60,-178,196536,15005,15183,371
12,1,"2026-09-04T19:00:00Z",3,FALSE,26,0,0,0,0,0,0,0,0,0,0,0,2,"2.2","1.7","0.0","0.4",1,1,0,2,0,"0.00","0.00","0.00","0.17",60,-34196,168420,10774,44970,371
10,1,"2026-09-12T14:00:00Z",4,FALSE,59,0,0,0,0,0,0,0,0,0,0,0,13,"0.0","0.0","0.0","0.0",7,1,2,10,1,"0.04","0.01","0.05","0.54",59,-33117,140580,5155,38272,371
17,1,"2026-08-23T15:30:00Z",1,FALSE,27,0,0,0,0,0,0,0,0,0,0,0,9,"5.8","1.4","0.0","0.7",0,1,2,3,0,"0.00","0.01","0.01","1.07",55,0,151941,0,0,372
18,2,"2026-08-29T11:30:00Z",2,FALSE,76,0,0,0,2,0,0,0,0,0,0,0,10,"12.6","7.7","0.0","2.0",2,5,3,10,1,"0.00","0.39","0.39","2.23",55,-14941,156781,6567,21508,372
12,2,"2026-09-04T19:00:00Z",3,FALSE,83,0,0,1,0,0,0,0,1,0,0,0,14,"16.6","12.8","18.0","4.7",3,5,3,11,1,"0.08","0.02","0.10","0.60",55,-17436,147584,10622,28058,372
10,1,"2026-09-12T14:00:00Z",4,FALSE,30,0,0,0,0,0,0,0,0,0,0,0,7,"0.0","0.0","0.0","0.0",2,1,1,4,0,"0.02","0.02","0.04","0.16",54,-7817,145908,12996,20813,372
17,0,"2026-08-23T15:30:00Z",1,FALSE,0,0,0,0,0,0,0,0,0,0,0,0,0,"0.0","0.0","0.0","0.0",0,0,0,0,0,"0.00","0.00","0.00","0.00",55,0,4822,0,0,373
18,0,"2026-08-29T11:30:00Z",2,FALSE,0,0,0,0,0,0,0,0,0,0,0,0,0,"0.0","0.0","0.0","0.0",0,0,0,0,0,"0.00","0.00","0.00","0.00",55,-1095,3769,33,1128,373
12,0,"2026-09-04T19:00:00Z",3,FALSE,0,0,0,0,0,0,0,0,0,0,0,0,0,"0.0","0.0","0.0","0.0",0,0,0,0,0,"0.00","0.00","0.00","0.00",55,-929,2874,1,930,373
10,0,"2026-09-12T14:00:00Z",4,FALSE,0,0,0,0,0,0,0,0,0,0,0,0,0,"0.0","0.0","0.0","0.0",0,0,0,0,0,"0.00","0.00","0.00","0.00",55,-372,2535,0,372,373
17,0,"2026-08-23T15:30:00Z",1,FALSE,0,0,0,0,0,0,0,0,0,0,0,0,0,"0.0","0.0","0.0","0.0",0,0,0,0,0,"0.00","0.00","0.00","0.00",50,0,5090,0,0,374
18,0,"2026-08-29T11:30:00Z",2,FALSE,0,0,0,0,0,0,0,0,0,0,0,0,0,"0.0","0.0","0.0","0.0",0,0,0,0,0,"0.00","0.00","0.00","0.00",50,-500,6389,485,985,374
12,0,"2026-09-04T19:00:00Z",3,FALSE,0,0,0,0,0,0,0,0,0,0,0,0,0,"0.0","0.0","0.0","0.0",0,0,0,0,0,"0.00","0.00","0.00","0.00",50,-648,6810,798,1446,374
10,0,"2026-09-12T14:00:00Z",4,FALSE,0,0,0,0,0,0,0,0,0,0,0,0,0,"0.0","0.0","0.0","0.0",0,0,0,0,0,"0.00","0.00","0.00","0.00",49,-568,6867,531,1099,374
17,0,"2026-08-23T15:30:00Z",1,FALSE,0,0,0,0,0,0,0,0,0,0,0,0,0,"0.0","0.0","0.0","0.0",0,0,0,0,0,"0.00","0.00","0.00","0.00",50,0,3729,0,0,375
18,1,"2026-08-29T11:30:00Z",2,FALSE,13,0,0,0,0,0,0,0,0,0,0,0,3,"6.4","2.2","0.0","0.9",1,2,2,5,0,"0.00","0.00","0.00","0.07",50,-534,3607,139,673,375
12,1,"2026-09-04T19:00:00Z",3,FALSE,6,0,0,0,0,0,0,0,0,0,0,0,3,"0.2","0.1","0.0","0.0",0,0,0,0,0,"0.00","0.00","0.00","0.15",50,-319,3899,503,822,375
10,0,"2026-09-12T14:00:00Z",4,FALSE,0,0,0,0,0,0,0,0,0,0,0,0,0,"0.0","0.0","0.0","0.0",0,0,0,0,0,"0.00","0.00","0.00","0.00",49,-285,4195,427,712,375
17,0,"2026-08-23T15:30:00Z",1,FALSE,0,0,0,0,0,0,0,0,0,0,0,0,0,"0.0","0.0","0.0","0.0",0,0,0,0,0,"0.00","0.00","0.00","0.00",50,0,157,0,0,376
18,0,"2026-08-29T11:30:00Z",2,FALSE,0,0,0,0,0,0,0,0,0,0,0,0,0,"0.0","0.0","0.0","0.0",0,0,0,0,0,"0.00","0.00","0.00","0.00",50,-21,173,8,29,376
12,0,"2026-09-04T19:00:00Z",3,FALSE,0,0,0,0,0,0,0,0,0,0,0,0,0,"0.0","0.0","0.0","0.0",0,0,0,0,0,"0.00","0.00","0.00","0.00",50,-32,148,11,43,376
10,0,"2026-09-12T14:00:00Z",4,FALSE,0,0,0,0,0,0,0,0,0,0,0,0,0,"0.0","0.0","0.0","0.0",0,0,0,0,0,"0.00","0.00","0.00","0.00",50,-23,128,0,23,376
17,4,"2026-08-23T15:30:00Z",1,FALSE,27,0,1,0,0,0,0,0,0,0,0,0,15,"4.0","8.9","14.0","2.7",0,0,0,0,0,"0.10","0.04","0.14","1.07",65,0,48042,0,0,377
18,6,"2026-08-29T11:30:00Z",2,FALSE,90,1,0,0,2,0,0,0,1,0,0,0,24,"42.2","16.8","29.0","8.8",4,1,2,7,1,"0.32","0.19","0.51","2.30",65,573,60184,6486,5913,377
12,3,"2026-09-04T19:00:00Z",3,FALSE,63,0,0,1,0,0,0,0,0,0,0,0,9,"0.8","4.3","6.0","1.1",0,4,0,4,1,"0.00","0.02","0.02","0.58",65,60010,147326,83211,23201,377
10,1,"2026-09-12T14:00:00Z",4,FALSE,59,0,0,0,0,0,0,0,0,0,0,0,5,"0.0","0.0","0.0","0.0",0,2,0,2,1,"0.10","0.00","0.10","0.54",65,-9953,130437,20664,30617,377
17,0,"2026-08-23T15:30:00Z",1,FALSE,0,0,0,0,0,0,0,0,0,0,0,0,0,"0.0","0.0","0.0","0.0",0,0,0,0,0,"0.00","0.00","0.00","0.00",45,0,24189,0,0,378
18,0,"2026-08-29T11:30:00Z",2,FALSE,0,0,0,0,0,0,0,0,0,0,0,0,0,"0.0","0.0","0.0","0.0",0,0,0,0,0,"0.00","0.00","0.00","0.00",45,-2017,25168,883,2900,378
12,0,"2026-09-04T19:00:00Z",3,FALSE,0,0,0,0,0,0,0,0,0,0,0,0,0,"0.0","0.0","0.0","0.0",0,0,0,0,0,"0.00","0.00","0.00","0.00",45,-1919,24779,1404,3323,378
10,0,"2026-09-12T14:00:00Z",4,FALSE,0,0,0,0,0,0,0,0,0,0,0,0,0,"0.0","0.0","0.0","0.0",0,0,0,0,0,"0.00","0.00","0.00","0.00",45,-1744,23763,870,2614,378
17,2,"2026-08-23T15:30:00Z",1,FALSE,90,0,0,0,2,0,0,0,0,0,0,0,6,"11.4","14.6","66.0","9.2",1,0,0,1,1,"1.09","0.01","1.10","1.58",90,0,1493302,0,0,379
18,8,"2026-08-29T11:30:00Z",2,FALSE,90,1,0,0,2,0,0,0,0,0,0,2,30,"34.0","10.3","48.0","9.2",0,0,1,1,1,"0.99","0.00","0.99","2.30",90,-28097,1629014,73036,101133,379
12,13,"2026-09-04T19:00:00Z",3,FALSE,63,2,0,1,0,0,0,0,0,0,0,3,61,"67.0","6.4","34.0","10.7",1,2,0,3,1,"0.21","0.05","0.26","0.58",90,-25262,1811350,181587,206849,379
10,2,"2026-09-12T14:00:00Z",4,FALSE,90,0,0,1,0,0,0,0,0,0,0,0,5,"0.0","0.0","0.0","0.0",0,1,0,1,1,"0.50","0.00","0.50","0.70",91,623585,2626358,732640,109055,379
17,0,"2026-08-23T15:30:00Z",1,FALSE,0,0,0,0,0,0,0,0,0,0,0,0,0,"0.0","0.0","0.0","0.0",0,0,0,0,0,"0.00","0.00","0.00","0.00",75,0,14410,0,0,380
18,0,"2026-08-29T11:30:00Z",2,FALSE,0,0,0,0,0,0,0,0,0,0,0,0,0,"0.0","0.0","0.0","0.0",0,0,0,0,0,"0.00","0.00","0.00","0.00",75,-3098,14299,709,3807,380
12,0,"2026-09-04T19:00:00Z",3,FALSE,0,0,0,0,0,0,0,0,0,0,0,0,0,"0.0","0.0","0.0","0.0",0,0,0,0,0,"0.00","0.00","0.00","0.00",75,-2736,12739,696,3432,380
10,0,"2026-09-12T14:00:00Z",4,FALSE,0,0,0,0,0,0,0,0,0,0,0,0,0,"0.0","0.0","0.0","0.0",0,0,0,0,0,"0.00","0.00","0.00","0.00",74,-1567,11892,474,2041,380
17,1,"2026-08-23T15:30:00Z",1,FALSE,12,0,0,0,0,0,0,0,0,0,0,0,4,"1.2","0.5","7.0","0.9",0,1,0,1,0,"0.03","0.00","0.03","0.48",50,0,1626,0,0,381
18,0,"2026-08-29T11:30:00Z",2,FALSE,0,0,0,0,0,0,0,0,0,0,0,0,0,"0.0","0.0","0.0","0.0",0,0,0,0,0,"0.00","0.00","0.00","0.00",50,-54,2137,156,210,381
12,1,"2026-09-04T19:00:00Z",3,FALSE,1,0,0,0,0,0,0,0,0,0,0,0,3,"0.0","0.0","0.0","0.0",0,0,0,0,0,"0.00","0.00","0.00","0.10",50,-217,2473,161,378,381
10,0,"2026-09-12T14:00:00Z",4,FALSE,0,0,0,0,0,0,0,0,0,0,0,0,0,"0.0","0.0","0.0","0.0",0,0,0,0,0,"0.00","0.00","0.00","0.00",50,-163,2699,155,318,381
17,0,"2026-08-23T15:30:00Z",1,FALSE,0,0,0,0,0,0,0,0,0,0,0,0,0,"0.0","0.0","0.0","0.0",0,0,0,0,0,"0.00","0.00","0.00","0.00",45,0,3221,0,0,382
18,0,"2026-08-29T11:30:00Z",2,FALSE,0,0,0,0,0,0,0,0,0,0,0,0,0,"0.0","0.0","0.0","0.0",0,0,0,0,0,"0.00","0.00","0.00","0.00",45,-253,3423,309,562,382
12,0,"2026-09-04T19:00:00Z",3,FALSE,0,0,0,0,0,0,0,0,0,0,0,0,0,"0.0","0.0","0.0","0.0",0,0,0,0,0,"0.00","0.00","0.00","0.00",45,1969,7591,2915,946,382
10,0,"2026-09-12T14:00:00Z",4,FALSE,0,0,0,0,0,0,0,0,0,0,0,0,0,"0.0","0.0","0.0","0.0",0,0,0,0,0,"0.00","0.00","0.00","0.00",45,4586,14211,7016,2430,382
17,0,"2026-08-23T15:30:00Z",1,FALSE,0,0,0,0,0,0,0,0,0,0,0,0,0,"0.0","0.0","0.0","0.0",0,0,0,0,0,"0.00","0.00","0.00","0.00",55,0,6399,0,0,383
18,0,"2026-08-29T11:30:00Z",2,FALSE,0,0,0,0,0,0,0,0,0,0,0,0,0,"0.0","0.0","0.0","0.0",0,0,0,0,0,"0.00","0.00","0.00","0.00",55,-836,7117,380,1216,383
12,0,"2026-09-04T19:00:00Z",3,FALSE,0,0,0,0,0,0,0,0,0,0,0,0,0,"0.0","0.0","0.0","0.0",0,0,0,0,0,"0.00","0.00","0.00","0.00",54,-1929,5742,527,2456,383
10,0,"2026-09-12T14:00:00Z",4,FALSE,0,0,0,0,0,0,0,0,0,0,0,0,0,"0.0","0.0","0.0","0.0",0,0,0,0,0,"0.00","0.00","0.00","0.00",54,-1672,4155,0,1672,383
3,3,"2026-08-23T13:00:00Z",1,FALSE,90,0,0,0,1,0,0,0,0,0,3,0,12,"26.8","0.0","0.0","2.7",1,4,0,0,1,"0.00","0.00","0.00","0.65",55,0,722204,0,0,384
8,0,"2026-08-28T19:00:00Z",2,FALSE,90,0,0,0,1,1,0,0,0,0,1,0,5,"6.8","0.0","0.0","0.7",0,8,0,0,1,"0.00","0.00","0.00","0.66",55,-10944,828113,34008,44952,384
7,7,"2026-09-05T14:00:00Z",3,FALSE,90,0,0,1,0,0,0,0,0,0,3,0,29,"26.8","0.0","0.0","2.7",1,2,0,0,1,"0.00","0.00","0.00","1.37",55,-48925,836587,71140,120065,384
16,0,"2026-09-13T15:30:00Z",4,FALSE,0,0,0,0,0,0,0,0,0,0,0,0,0,"0.0","0.0","0.0","0.0",0,0,0,0,0,"0.00","0.00","0.00","0.00",55,-46242,797609,32234,78476,384
18,9,"2026-08-22T14:00:00Z",1,FALSE,90,0,0,1,0,0,0,0,0,0,3,2,28,"19.4","0.0","0.0","1.9",0,9,0,0,1,"0.00","0.00","0.00","0.66",50,0,265439,0,0,385
4,3,"2026-08-30T13:00:00Z",2,FALSE,90,0,0,0,1,0,0,0,0,0,4,0,20,"37.6","0.0","0.0","3.8",0,11,0,0,1,"0.00","0.00","0.00","1.67",50,48690,437245,63794,15104,385
5,3,"2026-09-05T14:00:00Z",3,FALSE,90,0,0,0,1,0,0,0,0,0,4,0,18,"34.8","0.0","0.0","3.5",2,11,0,0,1,"0.00","0.00","0.00","2.19",50,32677,532682,81497,48820,385
17,0,"2026-09-14T19:00:00Z",4,FALSE,0,0,0,0,0,0,0,0,0,0,0,0,0,"0.0","0.0","0.0","0.0",0,0,0,0,0,"0.00","0.00","0.00","0.00",50,15245,583002,64368,49123,385
3,0,"2026-08-23T13:00:00Z",1,FALSE,0,0,0,0,0,0,0,0,0,0,0,0,0,"0.0","0.0","0.0","0.0",0,0,0,0,0,"0.00","0.00","0.00","0.00",45,0,2479,0,0,386
8,0,"2026-08-28T19:00:00Z",2,FALSE,0,0,0,0,0,0,0,0,0,0,0,0,0,"0.0","0.0","0.0","0.0",0,0,0,0,0,"0.00","0.00","0.00","0.00",45,-101,2853,135,236,386
7,0,"2026-09-05T14:00:00Z",3,FALSE,0,0,0,0,0,0,0,0,0,0,0,0,0,"0.0","0.0","0.0","0.0",0,0,0,0,0,"0.00","0.00","0.00","0.00",45,-201,2867,172,373,386
16,0,"2026-09-13T15:30:00Z",4,FALSE,0,0,0,0,0,0,0,0,0,0,0,0,0,"0.0","0.0","0.0","0.0",0,0,0,0,0,"0.00","0.00","0.00","0.00",45,-113,2911,128,241,386
3,2,"2026-08-23T13:00:00Z",1,FALSE,62,0,0,0,1,0,0,0,0,0,0,0,5,"8.8","30.4","11.0","5.0",1,5,1,2,1,"0.07","0.41","0.48","0.55",65,0,1877660,0,0,387
8,2,"2026-08-28T19:00:00Z",2,FALSE,88,0,0,0,1,0,0,0,0,0,0,0,11,"3.6","7.8","5.0","1.6",0,2,1,1,1,"0.02","0.02","0.04","0.66",65,-38546,2068744,68784,107330,387
7,0,"2026-09-05T14:00:00Z",3,FALSE,0,0,0,0,0,0,0,0,0,0,0,0,0,"0.0","0.0","0.0","0.0",0,0,0,0,0,"0.00","0.00","0.00","0.00",65,-193787,1933486,97243,291030,387
16,0,"2026-09-13T15:30:00Z",4,FALSE,0,0,0,0,0,0,0,0,0,0,0,0,0,"0.0","0.0","0.0","0.0",0,0,0,0,0,"0.00","0.00","0.00","0.00",64,-538591,1381174,8499,547090,387
3,10,"2026-08-23T13:00:00Z",1,FALSE,90,1,0,0,1,0,0,0,0,0,0,2,31,"43.6","17.5","28.0","8.9",1,4,3,4,1,"0.89","0.32","1.21","0.65",60,0,1521853,0,0,388
8,2,"2026-08-28T19:00:00Z",2,FALSE,90,0,0,0,1,0,0,0,0,0,0,0,12,"24.2","15.8","0.0","4.0",5,4,0,5,1,"0.00","0.04","0.04","0.66",60,140987,1952448,182745,41758,388
7,8,"2026-09-05T14:00:00Z",3,FALSE,90,0,0,1,0,0,0,0,0,0,0,2,31,"28.8","9.6","2.0","4.0",9,6,0,9,1,"0.00","0.02","0.02","1.37",60,-59173,1945720,122887,182060,388
16,0,"2026-09-13T15:30:00Z",4,FALSE,0,0,0,0,0,0,0,0,0,0,0,0,0,"0.0","0.0","0.0","0.0",0,0,0,0,0,"0.00","0.00","0.00","0.00",60,-25207,1956435,90239,115446,388
3,1,"2026-08-23T13:00:00Z",1,FALSE,33,0,0,0,0,0,0,0,0,0,0,0,4,"3.8","1.5","4.0","0.9",1,2,0,1,0,"0.00","0.04","0.04","0.10",60,0,123928,0,0,389
8,0,"2026-08-28T19:00:00Z",2,FALSE,0,0,0,0,0,0,0,0,0,0,0,0,0,"0.0","0.0","0.0","0.0",0,0,0,0,0,"0.00","0.00","0.00","0.00",60,-14462,142089,3031,17493,389
7,0,"2026-09-05T14:00:00Z",3,FALSE,0,0,0,0,0,0,0,0,0,0,0,0,0,"0.0","0.0","0.0","0.0",0,0,0,0,0,"0.00","0.00","0.00","0.00",59,-37940,103772,479,38419,389
16,0,"2026-09-13T15:30:00Z",4,FALSE,0,0,0,0,0,0,0,0,0,0,0,0,0,"0.0","0.0","0.0","0.0",0,0,0,0,0,"0.00","0.00","0.00","0.00",59,-8606,99893,2401,11007,389
3,2,"2026-08-23T13:00:00Z",1,FALSE,90,0,0,0,1,0,0,0,0,0,0,0,11,"24.4","17.9","2.0","4.4",6,8,0,6,1,"0.00","0.14","0.14","0.65",55,0,148709,0,0,390
8,2,"2026-08-28T19:00:00Z",2,FALSE,90,0,0,0,1,0,0,0,0,0,0,0,19,"27.0","22.3","35.0","8.4",5,6,1,6,1,"0.09","0.57","0.66","0.66",55,-2699,176387,9858,12557,390
7,6,"2026-09-05T14:00:00Z",3,FALSE,90,0,0,1,0,0,0,0,0,0,0,0,25,"20.6","6.6","0.0","2.7",3,0,0,3,1,"0.00","0.03","0.03","1.37",55,-3537,186055,20417,23954,390
16,0,"2026-09-13T15:30:00Z",4,FALSE,0,0,0,0,0,0,0,0,0,0,0,0,0,"0.0","0.0","0.0","0.0",0,0,0,0,0,"0.00","0.00","0.00","0.00",55,-6512,188216,11031,17543,390
3,9,"2026-08-23T13:00:00Z",1,FALSE,90,1,0,0,1,0,0,0,0,0,0,1,28,"47.6","13.3","17.0","7.8",5,5,2,7,1,"0.19","0.05","0.24","0.65",55,0,980214,0,0,391
8,5,"2026-08-28T19:00:00Z",2,FALSE,74,0,1,0,1,0,0,0,0,0,0,0,18,"27.6","30.8","2.0","6.0",1,0,1,2,1,"0.00","0.04","0.04","0.66",55,193061,1383738,228418,35357,391
7,8,"2026-09-05T14:00:00Z",3,FALSE,90,0,0,1,0,0,0,0,0,0,0,2,31,"18.8","6.9","7.0","3.3",4,7,4,8,1,"0.01","0.02","0.03","1.37",56,427408,2019409,548352,120944,391
16,0,"2026-09-13T15:30:00Z",4,FALSE,0,0,0,0,0,0,0,0,0,0,0,0,0,"0.0","0.0","0.0","0.0",0,0,0,0,0,"0.00","0.00","0.00","0.00",56,152896,2126959,315722,162826,391
3,0,"2026-08-23T13:00:00Z",1,FALSE,0,0,0,0,0,0,0,0,0,0,0,0,0,"0.0","0.0","0.0","0.0",0,0,0,0,0,"0.00","0.00","0.00","0.00",55,0,79425,0,0,392
8,0,"2026-08-28T19:00:00Z",2,FALSE,0,0,0,0,0,0,0,0,0,0,0,0,0,"0.0","0.0","0.0","0.0",0,0,0,0,0,"0.00","0.00","0.00","0.00",55,-14163,77633,2616,16779,392
7,0,"2026-09-05T14:00:00Z",3,FALSE,0,0,0,0,0,0,0,0,0,0,0,0,0,"0.0","0.0","0.0","0.0",0,0,0,0,0,"0.00","0.00","0.00","0.00",54,-23051,56252,2020,25071,392
16,0,"2026-09-13T15:30:00Z",4,FALSE,0,0,0,0,0,0,0,0,0,0,0,0,0,"0.0","0.0","0.0","0.0",0,0,0,0,0,"0.00","0.00","0.00","0.00",53,-9974,48901,1355,11329,392
3,2,"2026-08-23T13:00:00Z",1,FALSE,90,0,0,0,1,0,0,0,0,0,0,0,14,"17.0","3.4","0.0","2.0",2,6,2,4,1,"0.00","0.02","0.02","0.65",55,0,147622,0,0,393
8,2,"2026-08-28T19:00:00Z",2,FALSE,88,0,0,0,1,0,0,0,0,0,0,0,17,"21.0","5.3","4.0","3.0",3,3,4,7,1,"0.00","0.02","0.02","0.66",55,-8451,170855,6086,14537,393
7,5,"2026-09-05T14:00:00Z",3,FALSE,90,0,0,1,0,0,0,0,1,0,0,0,22,"13.6","3.9","0.0","1.8",4,4,2,6,1,"0.00","0.02","0.02","1.37",55,-14491,166742,9792,24283,393
16,0,"2026-09-13T15:30:00Z",4,FALSE,0,0,0,0,0,0,0,0,0,0,0,0,0,"0.0","0.0","0.0","0.0",0,0,0,0,0,"0.00","0.00","0.00","0.00",55,-8055,166165,6115,14170,393
3,0,"2026-08-23T13:00:00Z",1,FALSE,0,0,0,0,0,0,0,0,0,0,0,0,0,"0.0","0.0","0.0","0.0",0,0,0,0,0,"0.00","0.00","0.00","0.00",50,0,1089,0,0,394
8,0,"2026-08-28T19:00:00Z",2,FALSE,0,0,0,0,0,0,0,0,0,0,0,0,0,"0.0","0.0","0.0","0.0",0,0,0,0,0,"0.00","0.00","0.00","0.00",50,-357,720,0,357,394
7,0,"2026-09-05T14:00:00Z",3,FALSE,0,0,0,0,0,0,0,0,0,0,0,0,0,"0.0","0.0","0.0","0.0",0,0,0,0,0,"0.00","0.00","0.00","0.00",50,-142,589,0,142,394
16,0,"2026-09-13T15:30:00Z",4,FALSE,0,0,0,0,0,0,0,0,0,0,0,0,0,"0.0","0.0","0.0","0.0",0,0,0,0,0,"0.00","0.00","0.00","0.00",50,-60,537,0,60,394
3,1,"2026-08-23T13:00:00Z",1,FALSE,56,0,0,0,1,0,0,0,0,0,0,0,-1,"3.8","3.8","39.0","4.7",2,0,0,2,1,"0.17","0.02","0.19","0.55",45,0,18491,0,0,395
8,0,"2026-08-28T19:00:00Z",2,FALSE,0,0,0,0,0,0,0,0,0,0,0,0,0,"0.0","0.0","0.0","0.0",0,0,0,0,0,"0.00","0.00","0.00","0.00",45,1097,25045,3620,2523,395
7,0,"2026-09-05T14:00:00Z",3,FALSE,0,0,0,0,0,0,0,0,0,0,0,0,0,"0.0","0.0","0.0","0.0",0,0,0,0,0,"0.00","0.00","0.00","0.00",45,-3581,23634,2152,5733,395
16,0,"2026-09-13T15:30:00Z",4,FALSE,0,0,0,0,0,0,0,0,0,0,0,0,0,"0.0","0.0","0.0","0.0",0,0,0,0,0,"0.00","0.00","0.00","0.00",44,-3042,22298,1037,4079,395
3,0,"2026-08-23T13:00:00Z",1,FALSE,0,0,0,0,0,0,0,0,0,0,0,0,0,"0.0","0.0","0.0","0.0",0,0,0,0,0,"0.00","0.00","0.00","0.00",45,0,1856,0,0,396
8,1,"2026-08-28T19:00:00Z",2,FALSE,1,0,0,0,0,0,0,0,0,0,0,0,3,"1.2","0.9","0.0","0.2",0,0,0,0,0,"0.00","0.00","0.00","0.00",45,-138,2034,102,240,396
7,0,"2026-09-05T14:00:00Z",3,FALSE,0,0,0,0,0,0,0,0,0,0,0,0,0,"0.0","0.0","0.0","0.0",0,0,0,0,0,"0.00","0.00","0.00","0.00",45,-130,2767,132,262,396
16,0,"2026-09-13T15:30:00Z",4,FALSE,0,0,0,0,0,0,0,0,0,0,0,0,0,"0.0","0.0","0.0","0.0",0,0,0,0,0,"0.00","0.00","0.00","0.00",45,-193,3187,90,283,396
3,2,"2026-08-23T13:00:00Z",1,FALSE,90,0,0,0,1,0,0,0,0,0,0,0,16,"5.8","8.9","31.0","4.6",0,4,1,5,1,"0.06","0.02","0.08","0.65",85,0,2354040,0,0,397
8,5,"2026-08-28T19:00:00Z",2,FALSE,90,0,1,0,1,0,0,0,0,0,0,0,33,"29.2","43.0","40.0","11.2",0,2,1,3,1,"0.06","0.57","0.63","0.66",85,-124110,2377196,49100,173210,397
7,6,"2026-09-05T14:00:00Z",3,FALSE,90,0,1,1,0,0,0,0,0,0,0,0,26,"22.6","45.9","11.0","8.0",0,3,1,4,1,"0.05","0.34","0.39","1.37",85,-362493,2009104,68628,431121,397
16,0,"2026-09-13T15:30:00Z",4,FALSE,0,0,0,0,0,0,0,0,0,0,0,0,0,"0.0","0.0","0.0","0.0",0,0,0,0,0,"0.00","0.00","0.00","0.00",84,-325768,1689535,35764,361532,397
3,1,"2026-08-23T13:00:00Z",1,FALSE,81,0,0,0,1,0,0,0,1,0,0,0,15,"10.4","49.6","15.0","7.5",0,3,3,6,1,"0.12","0.40","0.52","0.65",70,0,387178,0,0,398
8,9,"2026-08-28T19:00:00Z",2,FALSE,90,0,2,0,1,0,0,0,0,0,0,1,38,"42.8","45.8","17.0","10.6",2,4,1,7,1,"0.87","0.45","1.32","0.66",70,-26374,400716,20147,46521,398
7,1,"2026-09-05T14:00:00Z",3,FALSE,24,0,0,0,0,0,0,0,0,0,0,0,3,"4.4","14.8","7.0","2.6",0,1,0,1,0,"0.62","0.01","0.63","0.50",70,187857,687362,262736,74879,398
16,0,"2026-09-13T15:30:00Z",4,FALSE,0,0,0,0,0,0,0,0,0,0,0,0,0,"0.0","0.0","0.0","0.0",0,0,0,0,0,"0.00","0.00","0.00","0.00",70,-191380,396620,18307,209687,398
3,8,"2026-08-23T13:00:00Z",1,FALSE,27,0,2,0,0,0,0,0,0,0,0,1,28,"39.2","48.8","4.0","9.2",0,0,0,0,0,"0.00","0.50","0.50","0.10",75,0,679336,0,0,399
8,14,"2026-08-28T19:00:00Z",2,FALSE,81,2,0,0,1,0,0,0,1,0,0,3,60,"74.8","47.8","49.0","17.2",0,3,0,3,1,"0.35","0.55","0.90","0.66",75,161916,1073154,203318,41402,399
7,3,"2026-09-05T14:00:00Z",3,FALSE,65,0,0,1,0,0,0,0,0,0,0,0,23,"7.4","52.2","24.0","8.4",0,3,0,3,1,"0.21","0.30","0.51","0.86",77,1783948,3431400,1865890,81942,399
16,0,"2026-09-13T15:30:00Z",4,FALSE,0,0,0,0,0,0,0,0,0,0,0,0,0,"0.0","0.0","0.0","0.0",0,0,0,0,0,"0.00","0.00","0.00","0.00",78,-139414,3069702,314949,454363,399
3,0,"2026-08-23T13:00:00Z",1,FALSE,0,0,0,0,0,0,0,0,0,0,0,0,0,"0.0","0.0","0.0","0.0",0,0,0,0,0,"0.00","0.00","0.00","0.00",75,0,191182,0,0,400
8,0,"2026-08-28T19:00:00Z",2,FALSE,0,0,0,0,0,0,0,0,0,0,0,0,0,"0.0","0.0","0.0","0.0",0,0,0,0,0,"0.00","0.00","0.00","0.00",75,-69521,122950,494,70015,400
7,0,"2026-09-05T14:00:00Z",3,FALSE,0,0,0,0,0,0,0,0,0,0,0,0,0,"0.0","0.0","0.0","0.0",0,0,0,0,0,"0.00","0.00","0.00","0.00",74,-33918,90983,453,34371,400
16,0,"2026-09-13T15:30:00Z",4,FALSE,0,0,0,0,0,0,0,0,0,0,0,0,0,"0.0","0.0","0.0","0.0",0,0,0,0,0,"0.00","0.00","0.00","0.00",74,-14480,77943,249,14729,400
3,0,"2026-08-23T13:00:00Z",1,FALSE,0,0,0,0,0,0,0,0,0,0,0,0,0,"0.0","0.0","0.0","0.0",0,0,0,0,0,"0.00","0.00","0.00","0.00",70,0,80421,0,0,401
17,2,"2026-08-29T16:30:00Z",2,FALSE,90,0,0,0,2,0,0,0,0,0,0,0,14,"9.2","35.1","28.0","7.2",0,3,1,4,1,"0.17","0.07","0.24","0.72",70,20447,131884,39808,19361,401
18,2,"2026-09-05T14:00:00Z",3,FALSE,83,0,0,1,0,0,0,0,0,0,0,0,6,"0.0","2.4","10.0","1.0",0,0,0,0,1,"0.17","0.01","0.18","0.88",70,64907,232425,100495,35588,401
9,2,"2026-09-12T16:30:00Z",4,FALSE,76,0,0,1,0,0,0,0,0,0,0,0,9,"0.0","0.0","0.0","0.0",0,5,0,5,1,"0.02","0.03","0.05","1.08",70,6113,250023,46956,40843,401
3,0,"2026-08-23T13:00:00Z",1,FALSE,0,0,0,0,0,0,0,0,0,0,0,0,0,"0.0","0.0","0.0","0.0",0,0,0,0,0,"0.00","0.00","0.00","0.00",65,0,2341,0,0,402
8,0,"2026-08-28T19:00:00Z",2,FALSE,0,0,0,0,0,0,0,0,0,0,0,0,0,"0.0","0.0","0.0","0.0",0,0,0,0,0,"0.00","0.00","0.00","0.00",65,-796,1526,0,796,402
7,0,"2026-09-05T14:00:00Z",3,FALSE,0,0,0,0,0,0,0,0,0,0,0,0,0,"0.0","0.0","0.0","0.0",0,0,0,0,0,"0.00","0.00","0.00","0.00",65,-269,1283,0,269,402
16,0,"2026-09-13T15:30:00Z",4,FALSE,0,0,0,0,0,0,0,0,0,0,0,0,0,"0.0","0.0","0.0","0.0",0,0,0,0,0,"0.00","0.00","0.00","0.00",65,-87,1206,0,87,402
3,0,"2026-08-23T13:00:00Z",1,FALSE,0,0,0,0,0,0,0,0,0,0,0,0,0,"0.0","0.0","0.0","0.0",0,0,0,0,0,"0.00","0.00","0.00","0.00",65,0,23783,0,0,403
17,0,"2026-08-29T16:30:00Z",2,FALSE,0,0,0,0,0,0,0,0,0,0,0,0,0,"0.0","0.0","0.0","0.0",0,0,0,0,0,"0.00","0.00","0.00","0.00",65,48883,92925,55747,6864,403
18,3,"2026-09-05T14:00:00Z",3,FALSE,60,0,0,1,0,0,0,0,0,0,0,0,15,"6.2","17.3","15.0","3.9",0,0,0,0,1,"0.02","0.27","0.29","0.49",65,-23670,68277,15136,38806,403
9,3,"2026-09-12T16:30:00Z",4,FALSE,90,0,0,1,0,0,0,0,0,0,0,0,22,"0.0","0.0","0.0","0.0",1,5,0,6,1,"0.10","0.26","0.36","1.11",65,-583,75171,13225,13808,403
3,0,"2026-08-23T13:00:00Z",1,FALSE,0,0,0,0,0,0,0,0,0,0,0,0,0,"0.0","0.0","0.0","0.0",0,0,0,0,0,"0.00","0.00","0.00","0.00",60,0,11692,0,0,404
8,0,"2026-08-28T19:00:00Z",2,FALSE,0,0,0,0,0,0,0,0,0,0,0,0,0,"0.0","0.0","0.0","0.0",0,0,0,0,0,"0.00","0.00","0.00","0.00",60,-5624,5966,0,5624,404
7,0,"2026-09-05T14:00:00Z",3,FALSE,0,0,0,0,0,0,0,0,0,0,0,0,0,"0.0","0.0","0.0","0.0",0,0,0,0,0,"0.00","0.00","0.00","0.00",60,-1696,4425,0,1696,404
16,0,"2026-09-13T15:30:00Z",4,FALSE,0,0,0,0,0,0,0,0,0,0,0,0,0,"0.0","0.0","0.0","0.0",0,0,0,0,0,"0.00","0.00","0.00","0.00",60,-541,3943,0,541,404
3,0,"2026-08-23T13:00:00Z",1,FALSE,0,0,0,0,0,0,0,0,0,0,0,0,0,"0.0","0.0","0.0","0.0",0,0,0,0,0,"0.00","0.00","0.00","0.00",55,0,11878,0,0,405
19,2,"2026-08-29T16:30:00Z",2,FALSE,70,0,0,1,0,0,0,0,1,0,0,0,9,"7.2","29.5","0.0","3.7",2,2,0,4,1,"0.00","0.20","0.20","0.74",55,645,15669,2387,1742,405
3,2,"2026-09-05T11:30:00Z",3,FALSE,76,0,0,0,2,0,0,0,0,0,0,0,11,"6.2","12.4","2.0","2.1",1,6,0,7,1,"0.00","0.01","0.01","1.33",55,7163,26047,10136,2973,405
13,0,"2026-09-14T19:00:00Z",4,FALSE,0,0,0,0,0,0,0,0,0,0,0,0,0,"0.0","0.0","0.0","0.0",0,0,0,0,0,"0.00","0.00","0.00","0.00",55,215,26871,3834,3619,405
3,1,"2026-08-23T13:00:00Z",1,FALSE,27,0,0,0,0,0,0,0,0,0,0,0,3,"2.2","2.1","0.0","0.4",0,2,0,2,0,"0.00","0.01","0.01","0.10",55,0,6303,0,0,406
8,1,"2026-08-28T19:00:00Z",2,FALSE,15,0,0,0,0,0,0,0,0,0,0,0,9,"2.0","3.1","0.0","0.5",0,0,0,0,0,"0.00","0.01","0.01","0.00",55,-460,8589,829,1289,406
7,0,"2026-09-05T14:00:00Z",3,FALSE,0,0,0,0,0,0,0,0,0,0,0,0,0,"0.0","0.0","0.0","0.0",0,0,0,0,0,"0.00","0.00","0.00","0.00",55,-1500,8577,647,2147,406
16,0,"2026-09-13T15:30:00Z",4,FALSE,0,0,0,0,0,0,0,0,0,0,0,0,0,"0.0","0.0","0.0","0.0",0,0,0,0,0,"0.00","0.00","0.00","0.00",54,-996,8409,425,1421,406
3,0,"2026-08-23T13:00:00Z",1,FALSE,0,0,0,0,0,0,0,0,0,0,0,0,0,"0.0","0.0","0.0","0.0",0,0,0,0,0,"0.00","0.00","0.00","0.00",50,0,1572,0,0,407
8,0,"2026-08-28T19:00:00Z",2,FALSE,0,0,0,0,0,0,0,0,0,0,0,0,0,"0.0","0.0","0.0","0.0",0,0,0,0,0,"0.00","0.00","0.00","0.00",50,-204,1653,93,297,407
7,0,"2026-09-05T14:00:00Z",3,FALSE,0,0,0,0,0,0,0,0,0,0,0,0,0,"0.0","0.0","0.0","0.0",0,0,0,0,0,"0.00","0.00","0.00","0.00",49,-349,1429,157,506,407
16,0,"2026-09-13T15:30:00Z",4,FALSE,0,0,0,0,0,0,0,0,0,0,0,0,0,"0.0","0.0","0.0","0.0",0,0,0,0,0,"0.00","0.00","0.00","0.00",49,-350,1077,0,350,407
3,0,"2026-08-23T13:00:00Z",1,FALSE,0,0,0,0,0,0,0,0,0,0,0,0,0,"0.0","0.0","0.0","0.0",0,0,0,0,0,"0.00","0.00","0.00","0.00",50,0,1073,0,0,408
8,0,"2026-08-28T19:00:00Z",2,FALSE,0,0,0,0,0,0,0,0,0,0,0,0,0,"0.0","0.0","0.0","0.0",0,0,0,0,0,"0.00","0.00","0.00","0.00",50,-305,762,0,305,408
7,0,"2026-09-05T14:00:00Z",3,FALSE,0,0,0,0,0,0,0,0,0,0,0,0,0,"0.0","0.0","0.0","0.0",0,0,0,0,0,"0.00","0.00","0.00","0.00",50,-156,608,0,156,408
16,0,"2026-09-13T15:30:00Z",4,FALSE,0,0,0,0,0,0,0,0,0,0,0,0,0,"0.0","0.0","0.0","0.0",0,0,0,0,0,"0.00","0.00","0.00","0.00",50,-59,553,0,59,408
3,0,"2026-08-23T13:00:00Z",1,FALSE,0,0,0,0,0,0,0,0,0,0,0,0,0,"0.0","0.0","0.0","0.0",0,0,0,0,0,"0.00","0.00","0.00","0.00",45,0,16621,0,0,409
8,0,"2026-08-28T19:00:00Z",2,FALSE,0,0,0,0,0,0,0,0,0,0,0,0,0,"0.0","0.0","0.0","0.0",0,0,0,0,0,"0.00","0.00","0.00","0.00",45,-1559,17482,927,2486,409
7,0,"2026-09-05T14:00:00Z",3,FALSE,0,0,0,0,0,0,0,0,0,0,0,0,0,"0.0","0.0","0.0","0.0",0,0,0,0,0,"0.00","0.00","0.00","0.00",45,-3281,14465,694,3975,409
16,0,"2026-09-13T15:30:00Z",4,FALSE,0,0,0,0,0,0,0,0,0,0,0,0,0,"0.0","0.0","0.0","0.0",0,0,0,0,0,"0.00","0.00","0.00","0.00",45,-3408,11304,0,3408,409
3,0,"2026-08-23T13:00:00Z",1,FALSE,0,0,0,0,0,0,0,0,0,0,0,0,0,"0.0","0.0","0.0","0.0",0,0,0,0,0,"0.00","0.00","0.00","0.00",50,0,1505,0,0,410
8,0,"2026-08-28T19:00:00Z",2,FALSE,0,0,0,0,0,0,0,0,0,0,0,0,0,"0.0","0.0","0.0","0.0",0,0,0,0,0,"0.00","0.00","0.00","0.00",50,-207,1523,76,283,410
7,0,"2026-09-05T14:00:00Z",3,FALSE,0,0,0,0,0,0,0,0,0,0,0,0,0,"0.0","0.0","0.0","0.0",0,0,0,0,0,"0.00","0.00","0.00","0.00",49,-309,1321,143,452,410
16,0,"2026-09-13T15:30:00Z",4,FALSE,0,0,0,0,0,0,0,0,0,0,0,0,0,"0.0","0.0","0.0","0.0",0,0,0,0,0,"0.00","0.00","0.00","0.00",49,-363,989,0,363,410
3,2,"2026-08-23T13:00:00Z",1,FALSE,90,0,0,0,1,0,0,0,0,0,0,0,6,"3.8","5.2","50.0","5.9",0,3,0,3,1,"0.74","0.02","0.76","0.65",155,0,6209794,0,0,411
8,13,"2026-08-28T19:00:00Z",2,FALSE,90,2,0,0,1,0,0,0,0,0,0,3,60,"69.0","0.1","51.0","12.0",3,2,0,5,1,"0.66","0.00","0.66","0.66",155,-34247,6731685,69605,103852,411
7,9,"2026-09-05T14:00:00Z",3,FALSE,90,1,0,1,0,0,0,0,0,0,0,3,40,"48.8","13.6","63.0","12.5",5,2,0,7,1,"1.06","0.48","1.54","1.37",155,360063,7594638,400573,40510,411
16,0,"2026-09-13T15:30:00Z",4,FALSE,0,0,0,0,0,0,0,0,0,0,0,0,0,"0.0","0.0","0.0","0.0",0,0,0,0,0,"0.00","0.00","0.00","0.00",155,45312,7610939,178187,132875,411
11,1,"2026-08-22T11:30:00Z",1,FALSE,90,0,0,0,2,0,0,0,0,0,2,0,7,"20.2","0.0","0.0","2.0",2,8,0,0,1,"0.00","0.00","0.00","1.01",50,0,1497029,0,0,412
12,2,"2026-08-30T15:30:00Z",2,FALSE,90,0,0,0,2,0,0,0,0,0,3,0,11,"27.0","0.0","0.0","2.7",1,6,0,0,1,"0.00","0.00","0.00","2.06",50,-53896,1543070,34714,88610,412
9,2,"2026-09-06T13:00:00Z",3,FALSE,90,0,0,0,2,0,0,0,0,0,4,0,13,"31.8","0.0","0.0","3.2",1,14,0,0,1,"0.00","0.00","0.00","1.01",50,-158382,1379189,32200,190582,412
15,0,"2026-09-13T15:30:00Z",4,FALSE,0,0,0,0,0,0,0,0,0,0,0,0,0,"0.0","0.0","0.0","0.0",0,0,0,0,0,"0.00","0.00","0.00","0.00",50,-227696,1178768,11379,239075,412
11,0,"2026-08-22T11:30:00Z",1,FALSE,0,0,0,0,0,0,0,0,0,0,0,0,0,"0.0","0.0","0.0","0.0",0,0,0,0,0,"0.00","0.00","0.00","0.00",45,0,2353,0,0,413
12,0,"2026-08-30T15:30:00Z",2,FALSE,0,0,0,0,0,0,0,0,0,0,0,0,0,"0.0","0.0","0.0","0.0",0,0,0,0,0,"0.00","0.00","0.00","0.00",45,-588,1739,0,588,413
9,0,"2026-09-06T13:00:00Z",3,FALSE,0,0,0,0,0,0,0,0,0,0,0,0,0,"0.0","0.0","0.0","0.0",0,0,0,0,0,"0.00","0.00","0.00","0.00",45,-292,1465,0,292,413
15,0,"2026-09-13T15:30:00Z",4,FALSE,0,0,0,0,0,0,0,0,0,0,0,0,0,"0.0","0.0","0.0","0.0",0,0,0,0,0,"0.00","0.00","0.00","0.00",45,-137,1335,0,137,413
11,0,"2026-08-22T11:30:00Z",1,FALSE,0,0,0,0,0,0,0,0,0,0,0,0,0,"0.0","0.0","0.0","0.0",0,0,0,0,0,"0.00","0.00","0.00","0.00",40,0,9078,0,0,414
12,0,"2026-08-30T15:30:00Z",2,FALSE,0,0,0,0,0,0,0,0,0,0,0,0,0,"0.0","0.0","0.0","0.0",0,0,0,0,0,"0.00","0.00","0.00","0.00",40,-790,8703,215,1005,414
9,0,"2026-09-06T13:00:00Z",3,FALSE,0,0,0,0,0,0,0,0,0,0,0,0,0,"0.0","0.0","0.0","0.0",0,0,0,0,0,"0.00","0.00","0.00","0.00",40,-342,8868,634,976,414
15,0,"2026-09-13T15:30:00Z",4,FALSE,0,0,0,0,0,0,0,0,0,0,0,0,0,"0.0","0.0","0.0","0.0",0,0,0,0,0,"0.00","0.00","0.00","0.00",40,-119,8836,696,815,414
11,0,"2026-08-22T11:30:00Z",1,FALSE,45,0,0,0,2,0,0,0,1,0,0,0,-11,"0.0","1.2","16.0","0.7",1,0,0,1,1,"0.47","0.03","0.50","0.92",60,0,121744,0,0,415
12,1,"2026-08-30T15:30:00Z",2,FALSE,10,0,0,0,1,0,0,0,0,0,0,0,4,"7.0","11.7","39.0","5.8",1,0,1,2,0,"0.18","0.01","0.19","1.00",60,-23853,107542,4808,28661,415
9,1,"2026-09-06T13:00:00Z",3,FALSE,20,0,0,0,2,0,0,0,0,0,0,0,3,"4.2","1.3","2.0","0.8",1,1,1,3,0,"0.00","0.01","0.01","0.36",59,-33546,75573,3139,36685,415
15,0,"2026-09-13T15:30:00Z",4,FALSE,0,0,0,0,0,0,0,0,0,0,0,0,0,"0.0","0.0","0.0","0.0",0,0,0,0,0,"0.00","0.00","0.00","0.00",58,-16892,62553,2154,19046,415
11,0,"2026-08-22T11:30:00Z",1,FALSE,0,0,0,0,0,0,0,0,0,0,0,0,0,"0.0","0.0","0.0","0.0",0,0,0,0,0,"0.00","0.00","0.00","0.00",50,0,2274,0,0,416
12,0,"2026-08-30T15:30:00Z",2,FALSE,0,0,0,0,0,0,0,0,0,0,0,0,0,"0.0","0.0","0.0","0.0",0,0,0,0,0,"0.00","0.00","0.00","0.00",50,-381,2498,117,498,416
9,0,"2026-09-06T13:00:00Z",3,FALSE,0,0,0,0,0,0,0,0,0,0,0,0,0,"0.0","0.0","0.0","0.0",0,0,0,0,0,"0.00","0.00","0.00","0.00",50,-367,2390,96,463,416
15,0,"2026-09-13T15:30:00Z",4,FALSE,0,0,0,0,0,0,0,0,0,0,0,0,0,"0.0","0.0","0.0","0.0",0,0,0,0,0,"0.00","0.00","0.00","0.00",50,-177,2411,87,264,416
11,1,"2026-08-22T11:30:00Z",1,FALSE,10,0,0,0,0,0,0,0,0,0,0,0,6,"7.6","11.3","0.0","1.9",1,1,2,3,0,"0.00","0.00","0.00","0.00",50,0,246316,0,0,417
12,2,"2026-08-30T15:30:00Z",2,FALSE,73,0,0,0,1,0,0,0,0,0,0,0,12,"16.4","42.2","33.0","9.2",4,1,0,4,1,"0.15","0.12","0.27","1.06",50,-25442,242125,8190,33632,417
9,1,"2026-09-06T13:00:00Z",3,FALSE,83,0,0,0,1,0,0,0,1,0,0,0,8,"4.8","22.7","6.0","3.4",2,3,2,4,1,"0.01","0.01","0.02","0.92",50,-29674,219064,9011,38685,417
15,0,"2026-09-13T15:30:00Z",4,FALSE,0,0,0,0,0,0,0,0,0,0,0,0,0,"0.0","0.0","0.0","0.0",0,0,0,0,0,"0.00","0.00","0.00","0.00",49,-32120,192489,3882,36002,417
11,1,"2026-08-22T11:30:00Z",1,FALSE,90,0,0,0,2,0,0,0,0,0,0,0,15,"25.4","28.6","19.0","7.3",4,5,0,4,1,"0.04","0.40","0.44","1.01",50,0,1650905,0,0,418
12,4,"2026-08-30T15:30:00Z",2,FALSE,90,0,1,0,2,0,0,0,0,0,0,0,13,"7.2","1.5","6.0","1.5",4,4,1,5,1,"0.03","0.01","0.04","2.06",50,-53358,1686850,52953,106311,418
9,2,"2026-09-06T13:00:00Z",3,FALSE,90,0,0,0,2,0,0,0,1,0,0,0,1,"26.8","1.3","2.0","3.0",12,2,0,12,1,"0.00","0.01","0.01","1.01",50,-240933,1407635,49780,290713,418
15,0,"2026-09-13T15:30:00Z",4,FALSE,0,0,0,0,0,0,0,0,0,0,0,0,0,"0.0","0.0","0.0","0.0",0,0,0,0,0,"0.00","0.00","0.00","0.00",49,-358924,1091541,17287,376211,418
11,0,"2026-08-22T11:30:00Z",1,FALSE,0,0,0,0,0,0,0,0,0,0,0,0,0,"0.0","0.0","0.0","0.0",0,0,0,0,0,"0.00","0.00","0.00","0.00",50,0,115360,0,0,419
12,1,"2026-08-30T15:30:00Z",2,FALSE,90,0,0,0,2,0,0,0,0,0,0,0,2,"4.8","1.8","3.0","1.0",0,6,0,0,1,"0.03","0.06","0.09","2.06",50,-12800,127444,6775,19575,419
9,3,"2026-09-06T13:00:00Z",3,FALSE,90,0,0,0,2,0,0,0,0,0,0,0,7,"29.0","0.3","0.0","2.9",10,2,0,10,1,"0.00","0.00","0.00","1.01",50,-9944,128156,8174,18118,419
15,0,"2026-09-13T15:30:00Z",4,FALSE,0,0,0,0,0,0,0,0,0,0,0,0,0,"0.0","0.0","0.0","0.0",0,0,0,0,0,"0.00","0.00","0.00","0.00",50,-6006,130813,7461,13467,419
11,0,"2026-08-22T11:30:00Z",1,FALSE,0,0,0,0,0,0,0,0,0,0,0,0,0,"0.0","0.0","0.0","0.0",0,0,0,0,0,"0.00","0.00","0.00","0.00",50,0,62047,0,0,420
12,1,"2026-08-30T15:30:00Z",2,FALSE,16,0,0,0,1,0,0,0,0,0,0,0,-2,"1.8","1.8","0.0","0.4",2,1,0,2,0,"0.00","0.01","0.01","1.00",50,-9208,62806,1536,10744,420
9,1,"2026-09-06T13:00:00Z",3,FALSE,6,0,0,0,1,0,0,0,0,0,0,0,1,"6.0","0.6","2.0","0.9",1,0,2,3,0,"0.00","0.01","0.01","0.09",49,-9461,56599,1735,11196,420
15,0,"2026-09-13T15:30:00Z",4,FALSE,0,0,0,0,0,0,0,0,0,0,0,0,0,"0.0","0.0","0.0","0.0",0,0,0,0,0,"0.00","0.00","0.00","0.00",49,-6069,52988,894,6963,420
11,1,"2026-08-22T11:30:00Z",1,FALSE,90,0,0,0,2,0,0,0,0,0,0,0,5,"6.8","2.6","11.0","2.0",1,4,1,2,1,"0.12","0.04","0.16","1.01",45,0,33647,0,0,421
12,0,"2026-08-30T15:30:00Z",2,FALSE,0,0,0,0,0,0,0,0,0,0,0,0,0,"0.0","0.0","0.0","0.0",0,0,0,0,0,"0.00","0.00","0.00","0.00",45,-1103,40184,3088,4191,421
9,0,"2026-09-06T13:00:00Z",3,FALSE,0,0,0,0,0,0,0,0,0,0,0,0,0,"0.0","0.0","0.0","0.0",0,0,0,0,0,"0.00","0.00","0.00","0.00",45,-7661,34853,1300,8961,421
15,0,"2026-09-13T15:30:00Z",4,FALSE,0,0,0,0,0,0,0,0,0,0,0,0,0,"0.0","0.0","0.0","0.0",0,0,0,0,0,"0.00","0.00","0.00","0.00",44,-5029,31486,769,5798,421
11,1,"2026-08-22T11:30:00Z",1,FALSE,79,0,0,0,2,0,0,0,0,0,0,0,8,"17.4","29.4","9.0","5.6",4,3,1,5,1,"0.22","0.05","0.27","1.01",45,0,56217,0,0,422
12,1,"2026-08-30T15:30:00Z",2,FALSE,17,0,0,0,1,0,0,0,0,0,0,0,-1,"1.4","1.3","0.0","0.3",0,0,0,0,0,"0.00","0.00","0.00","1.00",45,-238,70057,5854,6092,422
9,1,"2026-09-06T13:00:00Z",3,FALSE,1,0,0,0,1,0,0,0,0,0,0,0,-1,"2.2","0.5","2.0","0.5",0,0,1,1,0,"0.00","0.01","0.01","0.07",45,-9779,64636,3244,13023,422
15,0,"2026-09-13T15:30:00Z",4,FALSE,0,0,0,0,0,0,0,0,0,0,0,0,0,"0.0","0.0","0.0","0.0",0,0,0,0,0,"0.00","0.00","0.00","0.00",44,-8954,59306,2102,11056,422
11,1,"2026-08-22T11:30:00Z",1,FALSE,90,0,0,0,2,0,0,0,0,0,0,0,13,"25.2","59.2","6.0","9.0",3,3,1,4,1,"0.00","0.26","0.26","1.01",45,0,1947696,0,0,423
12,2,"2026-08-30T15:30:00Z",2,FALSE,72,0,0,0,1,0,0,0,0,0,0,0,12,"18.4","1.6","4.0","2.4",4,2,4,8,1,"0.00","0.02","0.02","1.06",45,-74162,1935721,42927,117089,423
9,4,"2026-09-06T13:00:00Z",3,FALSE,90,0,1,0,1,0,0,0,1,0,0,0,22,"42.4","24.8","3.0","7.0",7,1,1,8,1,"0.02","0.23","0.25","0.94",45,-303431,1575355,30459,333890,423
15,0,"2026-09-13T15:30:00Z",4,FALSE,0,0,0,0,0,0,0,0,0,0,0,0,0,"0.0","0.0","0.0","0.0",0,0,0,0,0,"0.00","0.00","0.00","0.00",44,-396169,1210238,21871,418040,423
11,0,"2026-08-22T11:30:00Z",1,FALSE,0,0,0,0,0,0,0,0,0,0,0,0,0,"0.0","0.0","0.0","0.0",0,0,0,0,0,"0.00","0.00","0.00","0.00",40,0,18310,0,0,424
12,0,"2026-08-30T15:30:00Z",2,FALSE,0,0,0,0,0,0,0,0,0,0,0,0,0,"0.0","0.0","0.0","0.0",0,0,0,0,0,"0.00","0.00","0.00","0.00",40,-1093,19337,888,1981,424
9,0,"2026-09-06T13:00:00Z",3,FALSE,0,0,0,0,0,0,0,0,0,0,0,0,0,"0.0","0.0","0.0","0.0",0,0,0,0,0,"0.00","0.00","0.00","0.00",40,-414,21308,1942,2356,424
15,0,"2026-09-13T15:30:00Z",4,FALSE,0,0,0,0,0,0,0,0,0,0,0,0,0,"0.0","0.0","0.0","0.0",0,0,0,0,0,"0.00","0.00","0.00","0.00",40,-300,21846,1680,1980,424
11,0,"2026-08-22T11:30:00Z",1,FALSE,0,0,0,0,0,0,0,0,0,0,0,0,0,"0.0","0.0","0.0","0.0",0,0,0,0,0,"0.00","0.00","0.00","0.00",40,0,2582,0,0,425
12,0,"2026-08-30T15:30:00Z",2,FALSE,0,0,0,0,0,0,0,0,0,0,0,0,0,"0.0","0.0","0.0","0.0",0,0,0,0,0,"0.00","0.00","0.00","0.00",40,-680,1885,0,680,425
9,0,"2026-09-06T13:00:00Z",3,FALSE,0,0,0,0,0,0,0,0,0,0,0,0,0,"0.0","0.0","0.0","0.0",0,0,0,0,0,"0.00","0.00","0.00","0.00",40,-329,1561,0,329,425
15,0,"2026-09-13T15:30:00Z",4,FALSE,0,0,0,0,0,0,0,0,0,0,0,0,0,"0.0","0.0","0.0","0.0",0,0,0,0,0,"0.00","0.00","0.00","0.00",40,-152,1428,0,152,425
11,2,"2026-08-22T11:30:00Z",1,FALSE,90,0,0,0,2,0,0,0,0,0,0,0,18,"20.2","55.4","17.0","9.3",1,5,0,6,1,"0.08","0.26","0.34","1.01",120,0,4653303,0,0,426
12,23,"2026-08-30T15:30:00Z",2,FALSE,90,3,1,0,2,0,0,0,0,0,0,3,87,"132.4","62.5","66.0","26.1",1,5,2,8,1,"2.02","0.48","2.50","2.06",120,-180062,4770471,48518,228580,426
9,2,"2026-09-06T13:00:00Z",3,FALSE,90,0,0,0,2,0,0,0,0,0,0,0,11,"3.4","33.6","14.0","5.1",0,2,0,2,1,"0.15","0.06","0.21","1.01",120,36750,5025755,371832,335082,426
15,0,"2026-09-13T15:30:00Z",4,FALSE,0,0,0,0,0,0,0,0,0,0,0,0,0,"0.0","0.0","0.0","0.0",0,0,0,0,0,"0.00","0.00","0.00","0.00",120,-615807,4455713,123022,738829,426
11,2,"2026-08-22T11:30:00Z",1,FALSE,90,0,0,0,2,0,0,0,0,0,0,0,12,"9.6","28.1","49.0","8.7",0,4,0,4,1,"0.50","0.23","0.73","1.01",80,0,3492739,0,0,427
12,11,"2026-08-30T15:30:00Z",2,FALSE,90,1,1,0,2,0,0,0,1,0,0,2,37,"45.6","43.3","35.0","12.4",0,2,3,5,1,"1.76","0.21","1.97","2.06",80,-137963,3537164,82225,220188,427
9,8,"2026-09-06T13:00:00Z",3,FALSE,90,1,0,0,2,0,0,0,0,0,0,1,29,"39.8","13.7","18.0","7.2",4,4,0,8,1,"0.05","0.03","0.08","1.01",80,-752284,2705759,92628,844912,427
15,0,"2026-09-13T15:30:00Z",4,FALSE,0,0,0,0,0,0,0,0,0,0,0,0,0,"0.0","0.0","0.0","0.0",0,0,0,0,0,"0.00","0.00","0.00","0.00",79,-362745,2456322,156650,519395,427
11,2,"2026-08-22T11:30:00Z",1,FALSE,79,0,0,0,2,0,0,0,0,0,0,0,14,"5.4","28.2","35.0","6.9",0,3,0,3,1,"0.24","0.21","0.45","1.01",80,0,901042,0,0,428
12,9,"2026-08-30T15:30:00Z",2,FALSE,79,0,2,0,1,0,0,0,0,0,0,1,31,"20.0","27.6","28.0","7.6",0,2,0,2,1,"0.11","0.15","0.26","1.06",80,-66103,924196,26854,92957,428
9,3,"2026-09-06T13:00:00Z",3,FALSE,69,0,0,1,0,0,0,0,0,0,0,0,10,"2.8","6.2","10.0","1.9",0,1,2,3,1,"0.12","0.05","0.17","0.65",80,-134183,802045,23584,157767,428
15,0,"2026-09-13T15:30:00Z",4,FALSE,0,0,0,0,0,0,0,0,0,0,0,0,0,"0.0","0.0","0.0","0.0",0,0,0,0,0,"0.00","0.00","0.00","0.00",79,-138505,680785,11751,150256,428
11,1,"2026-08-22T11:30:00Z",1,FALSE,45,0,0,0,0,0,0,0,0,0,0,0,9,"11.6","48.6","4.0","6.4",0,1,0,1,0,"0.00","0.10","0.10","0.09",70,0,134653,0,0,429
12,2,"2026-08-30T15:30:00Z",2,FALSE,79,0,0,0,1,0,0,0,0,0,0,0,17,"16.0","34.3","58.0","10.8",0,3,3,6,1,"0.26","0.05","0.31","1.06",70,-7014,165554,15064,22078,429
9,3,"2026-09-06T13:00:00Z",3,FALSE,69,0,0,1,0,0,0,0,0,0,0,0,11,"3.8","12.5","8.0","2.4",0,4,0,4,1,"0.00","0.06","0.06","0.65",70,-15044,166436,22811,37855,429
15,0,"2026-09-13T15:30:00Z",4,FALSE,0,0,0,0,0,0,0,0,0,0,0,0,0,"0.0","0.0","0.0","0.0",0,0,0,0,0,"0.00","0.00","0.00","0.00",70,-3479,172900,24764,28243,429
11,0,"2026-08-22T11:30:00Z",1,FALSE,0,0,0,0,0,0,0,0,0,0,0,0,0,"0.0","0.0","0.0","0.0",0,0,0,0,0,"0.00","0.00","0.00","0.00",55,0,3202,0,0,430
12,0,"2026-08-30T15:30:00Z",2,FALSE,0,0,0,0,0,0,0,0,0,0,0,0,0,"0.0","0.0","0.0","0.0",0,0,0,0,0,"0.00","0.00","0.00","0.00",55,-660,2752,35,695,430
9,0,"2026-09-06T13:00:00Z",3,FALSE,0,0,0,0,0,0,0,0,0,0,0,0,0,"0.0","0.0","0.0","0.0",0,0,0,0,0,"0.00","0.00","0.00","0.00",54,-530,2327,60,590,430
15,0,"2026-09-13T15:30:00Z",4,FALSE,0,0,0,0,0,0,0,0,0,0,0,0,0,"0.0","0.0","0.0","0.0",0,0,0,0,0,"0.00","0.00","0.00","0.00",54,54,2733,272,218,430
11,0,"2026-08-22T11:30:00Z",1,FALSE,0,0,0,0,0,0,0,0,0,0,0,0,0,"0.0","0.0","0.0","0.0",0,0,0,0,0,"0.00","0.00","0.00","0.00",60,0,145627,0,0,431
12,0,"2026-08-30T15:30:00Z",2,FALSE,0,0,0,0,0,0,0,0,0,0,0,0,0,"0.0","0.0","0.0","0.0",0,0,0,0,0,"0.00","0.00","0.00","0.00",59,-57883,91945,1576,59459,431
9,0,"2026-09-06T13:00:00Z",3,FALSE,0,0,0,0,0,0,0,0,0,0,0,0,0,"0.0","0.0","0.0","0.0",0,0,0,0,0,"0.00","0.00","0.00","0.00",58,-42560,50069,243,42803,431
15,0,"2026-09-13T15:30:00Z",4,FALSE,0,0,0,0,0,0,0,0,0,0,0,0,0,"0.0","0.0","0.0","0.0",0,0,0,0,0,"0.00","0.00","0.00","0.00",58,-13432,38595,148,13580,431
11,1,"2026-08-22T11:30:00Z",1,FALSE,23,0,0,0,0,0,0,0,0,0,0,0,7,"2.8","2.5","2.0","0.7",0,1,0,1,0,"0.07","0.01","0.08","0.07",55,0,89014,0,0,432
12,4,"2026-08-30T15:30:00Z",2,FALSE,79,0,0,0,1,0,0,0,0,0,0,0,25,"15.2","7.2","9.0","3.1",2,10,3,15,1,"0.14","0.27","0.41","1.06",55,-10233,93316,3460,13693,432
9,9,"2026-09-06T13:00:00Z",3,FALSE,83,0,1,0,1,0,0,0,0,0,0,2,32,"34.2","24.5","0.0","5.9",3,10,2,15,1,"0.00","0.07","0.07","0.92",55,6351,117218,19482,13131,432
15,0,"2026-09-13T15:30:00Z",4,FALSE,0,0,0,0,0,0,0,0,0,0,0,0,0,"0.0","0.0","0.0","0.0",0,0,0,0,0,"0.00","0.00","0.00","0.00",55,17969,147734,30157,12188,432
11,0,"2026-08-22T11:30:00Z",1,FALSE,0,0,0,0,0,0,0,0,0,0,0,0,0,"0.0","0.0","0.0","0.0",0,0,0,0,0,"0.00","0.00","0.00","0.00",50,0,333,0,0,433
12,0,"2026-08-30T15:30:00Z",2,FALSE,0,0,0,0,0,0,0,0,0,0,0,0,0,"0.0","0.0","0.0","0.0",0,0,0,0,0,"0.00","0.00","0.00","0.00",50,-64,348,24,88,433
9,0,"2026-09-06T13:00:00Z",3,FALSE,0,0,0,0,0,0,0,0,0,0,0,0,0,"0.0","0.0","0.0","0.0",0,0,0,0,0,"0.00","0.00","0.00","0.00",50,-37,371,32,69,433
15,0,"2026-09-13T15:30:00Z",4,FALSE,0,0,0,0,0,0,0,0,0,0,0,0,0,"0.0","0.0","0.0","0.0",0,0,0,0,0,"0.00","0.00","0.00","0.00",50,-22,388,25,47,433
11,0,"2026-08-22T11:30:00Z",1,FALSE,0,0,0,0,0,0,0,0,0,0,0,0,0,"0.0","0.0","0.0","0.0",0,0,0,0,0,"0.00","0.00","0.00","0.00",50,0,1008,0,0,434
12,0,"2026-08-30T15:30:00Z",2,FALSE,0,0,0,0,0,0,0,0,0,0,0,0,0,"0.0","0.0","0.0","0.0",0,0,0,0,0,"0.00","0.00","0.00","0.00",50,-128,1094,41,169,434
9,0,"2026-09-06T13:00:00Z",3,FALSE,0,0,0,0,0,0,0,0,0,0,0,0,0,"0.0","0.0","0.0","0.0",0,0,0,0,0,"0.00","0.00","0.00","0.00",50,-102,1121,84,186,434
15,0,"2026-09-13T15:30:00Z",4,FALSE,0,0,0,0,0,0,0,0,0,0,0,0,0,"0.0","0.0","0.0","0.0",0,0,0,0,0,"0.00","0.00","0.00","0.00",49,-67,1170,101,168,434
11,1,"2026-08-22T11:30:00Z",1,FALSE,10,0,0,0,0,0,0,0,0,0,0,0,3,"0.2","0.6","0.0","0.1",0,1,0,1,0,"0.00","0.00","0.00","0.00",50,0,4147,0,0,435
12,0,"2026-08-30T15:30:00Z",2,FALSE,0,0,0,0,0,0,0,0,0,0,0,0,0,"0.0","0.0","0.0","0.0",0,0,0,0,0,"0.00","0.00","0.00","0.00",50,-263,4851,327,590,435
9,0,"2026-09-06T13:00:00Z",3,FALSE,0,0,0,0,0,0,0,0,0,0,0,0,0,"0.0","0.0","0.0","0.0",0,0,0,0,0,"0.00","0.00","0.00","0.00",50,-740,5286,298,1038,435
15,0,"2026-09-13T15:30:00Z",4,FALSE,0,0,0,0,0,0,0,0,0,0,0,0,0,"0.0","0.0","0.0","0.0",0,0,0,0,0,"0.00","0.00","0.00","0.00",49,-577,5384,197,774,435
11,0,"2026-08-22T11:30:00Z",1,FALSE,0,0,0,0,0,0,0,0,0,0,0,0,0,"0.0","0.0","0.0","0.0",0,0,0,0,0,"0.00","0.00","0.00","0.00",50,0,1568,0,0,436
12,0,"2026-08-30T15:30:00Z",2,FALSE,0,0,0,0,0,0,0,0,0,0,0,0,0,"0.0","0.0","0.0","0.0",0,0,0,0,0,"0.00","0.00","0.00","0.00",50,-174,1667,60,234,436
9,0,"2026-09-06T13:00:00Z",3,FALSE,0,0,0,0,0,0,0,0,0,0,0,0,0,"0.0","0.0","0.0","0.0",0,0,0,0,0,"0.00","0.00","0.00","0.00",50,-291,1461,90,381,436
15,0,"2026-09-13T15:30:00Z",4,FALSE,0,0,0,0,0,0,0,0,0,0,0,0,0,"0.0","0.0","0.0","0.0",0,0,0,0,0,"0.00","0.00","0.00","0.00",50,-257,1225,0,257,436
11,0,"2026-08-22T11:30:00Z",1,FALSE,0,0,0,0,0,0,0,0,0,0,0,0,0,"0.0","0.0","0.0","0.0",0,0,0,0,0,"0.00","0.00","0.00","0.00",45,0,16079,0,0,437
12,0,"2026-08-30T15:30:00Z",2,FALSE,0,0,0,0,0,0,0,0,0,0,0,0,0,"0.0","0.0","0.0","0.0",0,0,0,0,0,"0.00","0.00","0.00","0.00",45,-1410,17670,961,2371,437
9,0,"2026-09-06T13:00:00Z",3,FALSE,0,0,0,0,0,0,0,0,0,0,0,0,0,"0.0","0.0","0.0","0.0",0,0,0,0,0,"0.00","0.00","0.00","0.00",45,-934,18885,1762,2696,437
15,0,"2026-09-13T15:30:00Z",4,FALSE,0,0,0,0,0,0,0,0,0,0,0,0,0,"0.0","0.0","0.0","0.0",0,0,0,0,0,"0.00","0.00","0.00","0.00",45,-694,19130,1317,2011,437
11,0,"2026-08-22T11:30:00Z",1,FALSE,0,0,0,0,0,0,0,0,0,0,0,0,0,"0.0","0.0","0.0","0.0",0,0,0,0,0,"0.00","0.00","0.00","0.00",45,0,31336,0,0,438
12,0,"2026-08-30T15:30:00Z",2,FALSE,0,0,0,0,0,0,0,0,0,0,0,0,0,"0.0","0.0","0.0","0.0",0,0,0,0,0,"0.00","0.00","0.00","0.00",45,-2656,32667,1328,3984,438
9,0,"2026-09-06T13:00:00Z",3,FALSE,0,0,0,0,0,0,0,0,0,0,0,0,0,"0.0","0.0","0.0","0.0",0,0,0,0,0,"0.00","0.00","0.00","0.00",45,-2436,32226,1884,4320,438
15,0,"2026-09-13T15:30:00Z",4,FALSE,0,0,0,0,0,0,0,0,0,0,0,0,0,"0.0","0.0","0.0","0.0",0,0,0,0,0,"0.00","0.00","0.00","0.00",45,-1858,31369,1320,3178,438
11,1,"2026-08-22T11:30:00Z",1,FALSE,23,0,0,0,0,0,0,0,0,0,0,0,2,"0.0","0.5","9.0","0.9",0,0,0,0,0,"0.04","0.00","0.04","0.07",70,0,114788,0,0,439
12,1,"2026-08-30T15:30:00Z",2,FALSE,10,0,0,0,1,0,0,0,0,0,0,0,5,"2.2","10.5","2.0","1.5",0,3,0,3,0,"0.00","0.01","0.01","1.00",70,15428,181866,30554,15126,439
9,5,"2026-09-06T13:00:00Z",3,FALSE,20,1,0,0,2,0,0,0,0,0,0,0,28,"31.2","0.2","21.0","5.2",0,0,0,0,0,"0.29","0.00","0.29","0.36",70,-32919,161952,15581,48500,439
15,0,"2026-09-13T15:30:00Z",4,FALSE,0,0,0,0,0,0,0,0,0,0,0,0,0,"0.0","0.0","0.0","0.0",0,0,0,0,0,"0.00","0.00","0.00","0.00",70,3627,182217,26345,22718,439
11,0,"2026-08-22T11:30:00Z",1,FALSE,0,0,0,0,0,0,0,0,0,0,0,0,0,"0.0","0.0","0.0","0.0",0,0,0,0,0,"0.00","0.00","0.00","0.00",55,0,56060,0,0,440
12,0,"2026-08-30T15:30:00Z",2,FALSE,0,0,0,0,0,0,0,0,0,0,0,0,0,"0.0","0.0","0.0","0.0",0,0,0,0,0,"0.00","0.00","0.00","0.00",55,-11086,51589,2045,13131,440
9,0,"2026-09-06T13:00:00Z",3,FALSE,0,0,0,0,0,0,0,0,0,0,0,0,0,"0.0","0.0","0.0","0.0",0,0,0,0,0,"0.00","0.00","0.00","0.00",54,-7291,47734,5615,12906,440
15,0,"2026-09-13T15:30:00Z",4,FALSE,0,0,0,0,0,0,0,0,0,0,0,0,0,"0.0","0.0","0.0","0.0",0,0,0,0,0,"0.00","0.00","0.00","0.00",54,-4849,45127,3614,8463,440
11,0,"2026-08-22T11:30:00Z",1,FALSE,0,0,0,0,0,0,0,0,0,0,0,0,0,"0.0","0.0","0.0","0.0",0,0,0,0,0,"0.00","0.00","0.00","0.00",45,0,100521,0,0,441
12,0,"2026-08-30T15:30:00Z",2,FALSE,0,0,0,0,0,0,0,0,0,0,0,0,0,"0.0","0.0","0.0","0.0",0,0,0,0,0,"0.00","0.00","0.00","0.00",45,-5253,109991,6316,11569,441
9,0,"2026-09-06T13:00:00Z",3,FALSE,0,0,0,0,0,0,0,0,0,0,0,0,0,"0.0","0.0","0.0","0.0",0,0,0,0,0,"0.00","0.00","0.00","0.00",45,3280,125871,19118,15838,441
15,0,"2026-09-13T15:30:00Z",4,FALSE,0,0,0,0,0,0,0,0,0,0,0,0,0,"0.0","0.0","0.0","0.0",0,0,0,0,0,"0.00","0.00","0.00","0.00",45,775,129085,15048,14273,441
14,0,"2026-08-23T15:30:00Z",1,FALSE,0,0,0,0,0,0,0,0,0,0,0,0,0,"0.0","0.0","0.0","0.0",0,0,0,0,0,"0.00","0.00","0.00","0.00",50,0,113822,0,0,442
19,0,"2026-08-29T16:30:00Z",2,FALSE,0,0,0,0,0,0,0,0,0,0,0,0,0,"0.0","0.0","0.0","0.0",0,0,0,0,0,"0.00","0.00","0.00","0.00",50,-9598,124934,2706,12304,442
3,0,"2026-09-05T11:30:00Z",3,FALSE,0,0,0,0,0,0,0,0,0,0,0,0,0,"0.0","0.0","0.0","0.0",0,0,0,0,0,"0.00","0.00","0.00","0.00",50,-14257,115196,4952,19209,442
13,0,"2026-09-14T19:00:00Z",4,FALSE,0,0,0,0,0,0,0,0,0,0,0,0,0,"0.0","0.0","0.0","0.0",0,0,0,0,0,"0.00","0.00","0.00","0.00",49,-8971,108982,3004,11975,442
14,0,"2026-08-23T15:30:00Z",1,FALSE,0,0,0,0,0,0,0,0,0,0,0,0,0,"0.0","0.0","0.0","0.0",0,0,0,0,0,"0.00","0.00","0.00","0.00",45,0,2989,0,0,443
19,0,"2026-08-29T16:30:00Z",2,FALSE,0,0,0,0,0,0,0,0,0,0,0,0,0,"0.0","0.0","0.0","0.0",0,0,0,0,0,"0.00","0.00","0.00","0.00",45,-69,3435,162,231,443
3,0,"2026-09-05T11:30:00Z",3,FALSE,0,0,0,0,0,0,0,0,0,0,0,0,0,"0.0","0.0","0.0","0.0",0,0,0,0,0,"0.00","0.00","0.00","0.00",45,-143,3576,239,382,443
13,0,"2026-09-14T19:00:00Z",4,FALSE,0,0,0,0,0,0,0,0,0,0,0,0,0,"0.0","0.0","0.0","0.0",0,0,0,0,0,"0.00","0.00","0.00","0.00",45,-150,3541,141,291,443
14,0,"2026-08-23T15:30:00Z",1,FALSE,0,0,0,0,0,0,0,0,0,0,0,0,0,"0.0","0.0","0.0","0.0",0,0,0,0,0,"0.00","0.00","0.00","0.00",45,0,2666,0,0,444
19,0,"2026-08-29T16:30:00Z",2,FALSE,0,0,0,0,0,0,0,0,0,0,0,0,0,"0.0","0.0","0.0","0.0",0,0,0,0,0,"0.00","0.00","0.00","0.00",45,-224,2775,124,348,444
3,0,"2026-09-05T11:30:00Z",3,FALSE,0,0,0,0,0,0,0,0,0,0,0,0,0,"0.0","0.0","0.0","0.0",0,0,0,0,0,"0.00","0.00","0.00","0.00",45,-279,2647,182,461,444
13,0,"2026-09-14T19:00:00Z",4,FALSE,0,0,0,0,0,0,0,0,0,0,0,0,0,"0.0","0.0","0.0","0.0",0,0,0,0,0,"0.00","0.00","0.00","0.00",45,-244,2484,97,341,444
14,3,"2026-08-23T15:30:00Z",1,FALSE,90,0,0,0,2,0,0,0,0,0,0,0,0,"37.8","0.2","0.0","3.8",15,2,0,15,1,"0.00","0.00","0.00","2.98",50,0,146838,0,0,445
19,6,"2026-08-29T16:30:00Z",2,FALSE,90,0,0,1,0,0,0,0,0,0,0,0,25,"6.8","1.5","0.0","0.8",3,1,0,3,1,"0.00","0.02","0.02","1.12",50,8900,175248,19798,10898,445
3,-1,"2026-09-05T11:30:00Z",3,FALSE,90,0,0,0,2,1,0,0,0,0,0,0,0,"7.6","12.3","2.0","2.2",3,3,0,3,1,"0.00","0.05","0.05","1.37",50,40274,238054,72237,31963,445
13,0,"2026-09-14T19:00:00Z",4,FALSE,0,0,0,0,0,0,0,0,0,0,0,0,0,"0.0","0.0","0.0","0.0",0,0,0,0,0,"0.00","0.00","0.00","0.00",50,2995,227385,48297,45302,445
14,1,"2026-08-23T15:30:00Z",1,FALSE,1,0,0,0,1,0,0,0,0,0,0,0,-1,"0.0","0.0","0.0","0.0",0,0,0,0,0,"0.00","0.00","0.00","0.79",50,0,20496,0,0,446
19,0,"2026-08-29T16:30:00Z",2,FALSE,0,0,0,0,0,0,0,0,0,0,0,0,0,"0.0","0.0","0.0","0.0",0,0,0,0,0,"0.00","0.00","0.00","0.00",50,10,26250,1895,1885,446
3,0,"2026-09-05T11:30:00Z",3,FALSE,0,0,0,0,0,0,0,0,0,0,0,0,0,"0.0","0.0","0.0","0.0",0,0,0,0,0,"0.00","0.00","0.00","0.00",50,-2838,24845,2055,4893,446
13,0,"2026-09-14T19:00:00Z",4,FALSE,0,0,0,0,0,0,0,0,0,0,0,0,0,"0.0","0.0","0.0","0.0",0,0,0,0,0,"0.00","0.00","0.00","0.00",50,-2216,23553,1440,3656,446
14,3,"2026-08-23T15:30:00Z",1,FALSE,90,0,0,0,2,0,0,0,0,0,0,0,4,"32.4","0.3","0.0","3.3",10,2,0,10,1,"0.00","0.01","0.01","2.98",50,0,34765,0,0,447
19,5,"2026-08-29T16:30:00Z",2,FALSE,90,0,0,1,0,0,0,0,1,0,0,0,22,"11.2","1.8","2.0","1.5",4,4,1,5,1,"0.01","0.00","0.01","1.12",50,5603,52947,8885,3282,447
3,1,"2026-09-05T11:30:00Z",3,FALSE,90,0,0,0,2,0,0,0,0,0,0,0,3,"26.0","0.9","4.0","3.1",8,3,1,9,1,"0.00","0.16","0.16","1.37",50,8611,69972,15452,6841,447
13,0,"2026-09-14T19:00:00Z",4,FALSE,0,0,0,0,0,0,0,0,0,0,0,0,0,"0.0","0.0","0.0","0.0",0,0,0,0,0,"0.00","0.00","0.00","0.00",50,1208,71884,9972,8764,447
14,0,"2026-08-23T15:30:00Z",1,FALSE,0,0,0,0,0,0,0,0,0,0,0,0,0,"0.0","0.0","0.0","0.0",0,0,0,0,0,"0.00","0.00","0.00","0.00",50,0,213973,0,0,448
19,0,"2026-08-29T16:30:00Z",2,FALSE,0,0,0,0,0,0,0,0,0,0,0,0,0,"0.0","0.0","0.0","0.0",0,0,0,0,0,"0.00","0.00","0.00","0.00",50,-69064,159459,6247,75311,448
3,0,"2026-09-05T11:30:00Z",3,FALSE,0,0,0,0,0,0,0,0,0,0,0,0,0,"0.0","0.0","0.0","0.0",0,0,0,0,0,"0.00","0.00","0.00","0.00",49,-46419,114109,549,46968,448
13,0,"2026-09-14T19:00:00Z",4,FALSE,0,0,0,0,0,0,0,0,0,0,0,0,0,"0.0","0.0","0.0","0.0",0,0,0,0,0,"0.00","0.00","0.00","0.00",49,-20317,96018,239,20556,448
14,3,"2026-08-23T15:30:00Z",1,FALSE,90,0,0,0,2,0,0,0,0,0,0,0,8,"22.0","15.2","0.0","3.7",6,8,5,11,1,"0.00","0.35","0.35","2.98",50,0,310247,0,0,449
19,11,"2026-08-29T16:30:00Z",2,FALSE,90,0,0,1,0,0,0,0,0,0,0,3,52,"39.0","27.3","4.0","7.0",11,6,2,13,1,"0.03","0.31","0.34","1.12",50,33265,411061,52701,19436,449
3,4,"2026-09-05T11:30:00Z",3,FALSE,89,0,1,0,2,0,0,0,0,0,0,0,20,"28.0","13.4","3.0","4.4",5,13,1,6,1,"0.01","0.01","0.02","1.35",51,496570,1101917,576636,80066,449
13,0,"2026-09-14T19:00:00Z",4,FALSE,0,0,0,0,0,0,0,0,0,0,0,0,0,"0.0","0.0","0.0","0.0",0,0,0,0,0,"0.00","0.00","0.00","0.00",52,448146,1512788,563772,115626,449
14,0,"2026-08-23T15:30:00Z",1,FALSE,0,0,0,0,0,0,0,0,0,0,0,0,0,"0.0","0.0","0.0","0.0",0,0,0,0,0,"0.00","0.00","0.00","0.00",50,0,4326,0,0,450
19,0,"2026-08-29T16:30:00Z",2,FALSE,0,0,0,0,0,0,0,0,0,0,0,0,0,"0.0","0.0","0.0","0.0",0,0,0,0,0,"0.00","0.00","0.00","0.00",50,-1137,3475,91,1228,450
3,1,"2026-09-05T11:30:00Z",3,FALSE,1,0,0,0,0,0,0,0,0,0,0,0,3,"0.2","0.0","0.0","0.0",0,0,0,0,0,"0.00","0.00","0.00","0.02",49,-745,2841,115,860,450
13,0,"2026-09-14T19:00:00Z",4,FALSE,0,0,0,0,0,0,0,0,0,0,0,0,0,"0.0","0.0","0.0","0.0",0,0,0,0,0,"0.00","0.00","0.00","0.00",49,2452,6615,3493,1041,450
14,0,"2026-08-23T15:30:00Z",1,FALSE,0,0,0,0,0,0,0,0,0,0,0,0,0,"0.0","0.0","0.0","0.0",0,0,0,0,0,"0.00","0.00","0.00","0.00",40,0,12873,0,0,451
19,0,"2026-08-29T16:30:00Z",2,FALSE,0,0,0,0,0,0,0,0,0,0,0,0,0,"0.0","0.0","0.0","0.0",0,0,0,0,0,"0.00","0.00","0.00","0.00",40,-3276,9468,0,3276,451
3,0,"2026-09-05T11:30:00Z",3,FALSE,0,0,0,0,0,0,0,0,0,0,0,0,0,"0.0","0.0","0.0","0.0",0,0,0,0,0,"0.00","0.00","0.00","0.00",40,-1826,7660,0,1826,451
13,0,"2026-09-14T19:00:00Z",4,FALSE,0,0,0,0,0,0,0,0,0,0,0,0,0,"0.0","0.0","0.0","0.0",0,0,0,0,0,"0.00","0.00","0.00","0.00",40,-957,6793,0,957,451
7,0,"2026-08-21T19:00:00Z",1,FALSE,0,0,0,0,0,0,0,0,0,0,0,0,0,"0.0","0.0","0.0","0.0",0,0,0,0,0,"0.00","0.00","0.00","0.00",70,0,391151,0,0,452
2,1,"2026-08-31T19:00:00Z",2,FALSE,19,0,0,0,0,0,0,0,0,0,0,0,4,"1.4","0.8","2.0","0.4",0,3,0,3,0,"0.00","0.01","0.01","0.00",69,-125705,265263,850,126555,452
6,0,"2026-09-06T15:30:00Z",3,FALSE,0,0,0,0,0,0,0,0,0,0,0,0,0,"0.0","0.0","0.0","0.0",0,0,0,0,0,"0.00","0.00","0.00","0.00",68,-57236,212586,5546,62782,452
20,8,"2026-09-12T19:00:00Z",4,FALSE,45,1,0,0,0,0,0,0,0,0,0,2,30,"0.0","0.0","0.0","0.0",1,1,1,3,0,"0.07","0.14","0.21","1.51",68,-35502,181073,2351,37853,452
14,2,"2026-08-23T15:30:00Z",1,FALSE,90,0,0,0,2,0,0,0,0,0,0,0,12,"5.2","2.4","9.0","1.7",3,4,1,8,1,"0.07","0.02","0.09","2.98",60,0,95531,0,0,453
19,3,"2026-08-29T16:30:00Z",2,FALSE,90,0,0,1,0,0,0,0,0,0,0,0,9,"7.2","22.1","7.0","3.6",2,0,2,4,1,"0.04","0.01","0.05","1.12",60,4665,113402,14995,10330,453
3,12,"2026-09-05T11:30:00Z",3,FALSE,90,1,1,0,2,0,0,0,0,0,0,2,37,"33.0","2.8","23.0","5.9",2,4,0,6,1,"0.11","0.03","0.14","1.37",60,2446,122479,25187,22741,453
13,0,"2026-09-14T19:00:00Z",4,FALSE,0,0,0,0,0,0,0,0,0,0,0,0,0,"0.0","0.0","0.0","0.0",0,0,0,0,0,"0.00","0.00","0.00","0.00",60,152668,290007,210527,57859,453
14,9,"2026-08-23T15:30:00Z",1,FALSE,75,1,0,0,1,0,0,0,0,0,0,2,31,"37.4","3.5","28.0","6.9",1,1,0,2,1,"0.22","0.01","0.23","1.94",60,0,64591,0,0,454
19,8,"2026-08-29T16:30:00Z",2,FALSE,81,1,0,1,0,0,0,0,0,0,0,0,32,"36.8","15.3","29.0","8.1",0,1,2,3,1,"0.20","0.10","0.30","0.74",60,83568,215548,95441,11873,454
3,1,"2026-09-05T11:30:00Z",3,FALSE,76,0,0,0,2,0,0,0,1,0,0,0,8,"8.4","31.8","4.0","4.4",1,1,2,4,1,"0.00","0.23","0.23","1.33",61,716203,1142637,810672,94469,454
13,0,"2026-09-14T19:00:00Z",4,FALSE,0,0,0,0,0,0,0,0,0,0,0,0,0,"0.0","0.0","0.0","0.0",0,0,0,0,0,"0.00","0.00","0.00","0.00",62,130728,1209834,326071,195343,454
4,2,"2026-08-22T16:30:00Z",1,FALSE,90,0,0,0,3,0,0,0,0,0,0,0,14,"6.2","6.4","8.0","2.1",0,3,1,4,1,"0.04","0.06","0.10","3.87",55,0,376914,0,0,455
17,2,"2026-08-29T16:30:00Z",2,FALSE,74,0,0,0,2,0,0,0,0,0,0,0,16,"5.0","26.3","4.0","3.5",1,3,0,4,1,"0.05","0.02","0.07","0.72",55,-38097,369291,14119,52216,455
18,5,"2026-09-05T14:00:00Z",3,FALSE,90,0,0,1,0,0,0,0,0,0,0,0,22,"22.8","8.0","0.0","3.1",4,4,4,12,1,"0.00","0.01","0.01","0.92",54,-83285,288825,14031,97316,455
9,3,"2026-09-12T16:30:00Z",4,FALSE,90,0,0,1,0,0,0,0,0,0,0,0,16,"0.0","0.0","0.0","0.0",5,6,0,11,1,"0.09","0.31","0.40","1.11",54,-31266,265893,12899,44165,455
14,0,"2026-08-23T15:30:00Z",1,FALSE,34,0,0,0,1,0,0,0,1,0,0,0,1,"7.8","1.3","4.0","1.3",3,1,2,6,0,"0.06","0.01","0.07","1.50",50,0,34032,0,0,456
19,1,"2026-08-29T16:30:00Z",2,FALSE,8,0,0,0,0,0,0,0,0,0,0,0,3,"0.2","4.2","0.0","0.4",0,1,0,1,0,"0.00","0.13","0.13","0.38",50,-3238,34073,1442,4680,456
3,6,"2026-09-05T11:30:00Z",3,FALSE,27,1,0,0,0,0,0,0,0,0,0,0,22,"32.4","0.8","17.0","5.0",0,4,0,4,0,"0.11","0.02","0.13","0.04",50,-4753,30127,1799,6552,456
13,0,"2026-09-14T19:00:00Z",4,FALSE,0,0,0,0,0,0,0,0,0,0,0,0,0,"0.0","0.0","0.0","0.0",0,0,0,0,0,"0.00","0.00","0.00","0.00",49,6540,39795,11516,4976,456
14,0,"2026-08-23T15:30:00Z",1,FALSE,14,0,0,0,1,0,0,0,1,0,0,0,-1,"0.0","0.1","2.0","0.1",1,1,0,2,0,"0.00","0.00","0.00","1.04",60,0,14816,0,0,457
19,1,"2026-08-29T16:30:00Z",2,FALSE,8,0,0,0,0,0,0,0,0,0,0,0,3,"2.2","3.1","2.0","0.7",0,2,1,3,0,"0.00","0.20","0.20","0.38",60,-1965,15641,717,2682,457
3,1,"2026-09-05T11:30:00Z",3,FALSE,13,0,0,0,0,0,0,0,0,0,0,0,5,"0.2","0.3","0.0","0.1",0,1,0,1,0,"0.00","0.00","0.00","0.04",59,-2357,14114,1115,3472,457
13,0,"2026-09-14T19:00:00Z",4,FALSE,0,0,0,0,0,0,0,0,0,0,0,0,0,"0.0","0.0","0.0","0.0",0,0,0,0,0,"0.00","0.00","0.00","0.00",59,-1103,13575,1062,2165,457
14,0,"2026-08-23T15:30:00Z",1,FALSE,0,0,0,0,0,0,0,0,0,0,0,0,0,"0.0","0.0","0.0","0.0",0,0,0,0,0,"0.00","0.00","0.00","0.00",55,0,3620,0,0,458
19,0,"2026-08-29T16:30:00Z",2,FALSE,0,0,0,0,0,0,0,0,0,0,0,0,0,"0.0","0.0","0.0","0.0",0,0,0,0,0,"0.00","0.00","0.00","0.00",55,-1020,2722,48,1068,458
3,0,"2026-09-05T11:30:00Z",3,FALSE,0,0,0,0,0,0,0,0,0,0,0,0,0,"0.0","0.0","0.0","0.0",0,0,0,0,0,"0.00","0.00","0.00","0.00",54,-546,2235,86,632,458
13,0,"2026-09-14T19:00:00Z",4,FALSE,0,0,0,0,0,0,0,0,0,0,0,0,0,"0.0","0.0","0.0","0.0",0,0,0,0,0,"0.00","0.00","0.00","0.00",54,-249,2032,33,282,458
14,3,"2026-08-23T15:30:00Z",1,FALSE,75,0,0,0,1,0,0,0,1,0,0,0,13,"15.6","21.4","3.0","4.0",6,6,1,13,1,"0.05","0.01","0.06","1.94",55,0,4093,0,0,459
19,3,"2026-08-29T16:30:00Z",2,FALSE,90,0,0,1,0,0,0,0,0,0,0,0,16,"11.2","14.7","0.0","2.6",3,6,0,9,1,"0.00","0.04","0.04","1.12",55,857,6985,1391,534,459
3,2,"2026-09-05T11:30:00Z",3,FALSE,62,0,0,0,2,0,0,0,0,0,0,0,11,"3.2","1.1","2.0","0.6",1,3,0,4,1,"0.00","0.02","0.02","1.33",55,629,8538,2211,1582,459
13,0,"2026-09-14T19:00:00Z",4,FALSE,0,0,0,0,0,0,0,0,0,0,0,0,0,"0.0","0.0","0.0","0.0",0,0,0,0,0,"0.00","0.00","0.00","0.00",55,-528,8285,1045,1573,459
14,6,"2026-08-23T15:30:00Z",1,FALSE,34,1,0,0,1,0,0,0,0,0,0,0,28,"38.4","13.9","9.0","6.1",0,1,2,3,0,"0.09","0.17","0.26","1.50",50,0,10181,0,0,460
19,3,"2026-08-29T16:30:00Z",2,FALSE,70,0,0,1,0,0,0,0,0,0,0,0,0,"0.0","4.3","8.0","0.5",1,1,0,2,1,"0.07","0.02","0.09","0.74",50,6831,24746,8763,1932,460
3,2,"2026-09-05T11:30:00Z",3,FALSE,62,0,0,0,2,0,0,0,0,0,0,0,6,"6.0","2.2","11.0","1.9",1,1,1,3,1,"0.36","0.01","0.37","1.33",50,14485,45043,22227,7742,460
13,0,"2026-09-14T19:00:00Z",4,FALSE,0,0,0,0,0,0,0,0,0,0,0,0,0,"0.0","0.0","0.0","0.0",0,0,0,0,0,"0.00","0.00","0.00","0.00",50,6640,52306,16531,9891,460
14,0,"2026-08-23T15:30:00Z",1,FALSE,0,0,0,0,0,0,0,0,0,0,0,0,0,"0.0","0.0","0.0","0.0",0,0,0,0,0,"0.00","0.00","0.00","0.00",60,0,22780,0,0,461
19,1,"2026-08-29T16:30:00Z",2,FALSE,1,0,0,0,0,0,0,0,0,0,0,0,3,"0.0","0.0","0.0","0.0",0,0,0,0,0,"0.00","0.00","0.00","0.00",60,-3945,20967,513,4458,461
3,0,"2026-09-05T11:30:00Z",3,FALSE,0,0,0,0,0,0,0,0,0,0,0,0,0,"0.0","0.0","0.0","0.0",0,0,0,0,0,"0.00","0.00","0.00","0.00",59,-5573,15932,657,6230,461
13,0,"2026-09-14T19:00:00Z",4,FALSE,0,0,0,0,0,0,0,0,0,0,0,0,0,"0.0","0.0","0.0","0.0",0,0,0,0,0,"0.00","0.00","0.00","0.00",58,-3031,13401,376,3407,461
14,1,"2026-08-23T15:30:00Z",1,FALSE,55,0,0,0,1,0,0,0,0,0,0,0,3,"0.4","1.2","0.0","0.2",0,2,0,2,1,"0.00","0.00","0.00","1.48",50,0,9830,0,0,462
19,1,"2026-08-29T16:30:00Z",2,FALSE,19,0,0,0,0,0,0,0,0,0,0,0,4,"5.0","0.0","0.0","0.5",3,0,0,3,0,"0.00","0.00","0.00","0.38",50,-238,10539,762,1000,462
3,1,"2026-09-05T11:30:00Z",3,FALSE,13,0,0,0,0,0,0,0,0,0,0,0,3,"2.0","0.5","0.0","0.3",1,1,0,2,0,"0.00","0.00","0.00","0.04",50,-1763,8925,584,2347,462
13,0,"2026-09-14T19:00:00Z",4,FALSE,0,0,0,0,0,0,0,0,0,0,0,0,0,"0.0","0.0","0.0","0.0",0,0,0,0,0,"0.00","0.00","0.00","0.00",49,-1064,8079,390,1454,462
14,0,"2026-08-23T15:30:00Z",1,FALSE,0,0,0,0,0,0,0,0,0,0,0,0,0,"0.0","0.0","0.0","0.0",0,0,0,0,0,"0.00","0.00","0.00","0.00",60,0,151424,0,0,463
19,4,"2026-08-29T16:30:00Z",2,FALSE,19,0,1,0,0,0,0,0,0,0,0,0,18,"18.2","10.5","11.0","4.0",0,0,0,0,0,"0.02","0.01","0.03","0.38",60,-23591,150038,7193,30784,463
3,0,"2026-09-05T11:30:00Z",3,FALSE,0,0,0,0,0,0,0,0,0,0,0,0,0,"0.0","0.0","0.0","0.0",0,0,0,0,0,"0.00","0.00","0.00","0.00",59,-49449,103336,7327,56776,463
13,0,"2026-09-14T19:00:00Z",4,FALSE,0,0,0,0,0,0,0,0,0,0,0,0,0,"0.0","0.0","0.0","0.0",0,0,0,0,0,"0.00","0.00","0.00","0.00",59,-39340,66136,0,39340,463
14,4,"2026-08-23T15:30:00Z",1,FALSE,90,0,1,0,1,0,0,0,1,0,0,0,7,"20.0","16.3","28.0","6.4",1,3,4,8,1,"1.00","0.02","1.02","2.19",60,0,142989,0,0,464
19,8,"2026-08-29T16:30:00Z",2,FALSE,81,1,0,1,0,0,0,0,0,0,0,2,37,"35.6","10.3","46.0","9.2",1,4,1,6,1,"0.35","0.00","0.35","0.74",60,134869,359321,158957,24088,464
3,1,"2026-09-05T11:30:00Z",3,FALSE,90,0,0,0,2,0,0,0,1,0,0,0,7,"0.0","7.3","0.0","0.7",0,3,0,3,1,"0.00","0.03","0.03","1.37",61,1029731,1697200,1119139,89408,464
13,0,"2026-09-14T19:00:00Z",4,FALSE,0,0,0,0,0,0,0,0,0,0,0,0,0,"0.0","0.0","0.0","0.0",0,0,0,0,0,"0.00","0.00","0.00","0.00",62,319416,1925334,578506,259090,464
14,4,"2026-08-23T15:30:00Z",1,FALSE,55,0,1,0,1,0,0,0,0,0,0,0,18,"28.2","13.7","8.0","5.0",2,2,1,5,1,"0.06","0.14","0.20","1.48",60,0,83021,0,0,465
19,0,"2026-08-29T16:30:00Z",2,FALSE,0,0,0,0,0,0,0,0,0,0,0,0,0,"0.0","0.0","0.0","0.0",0,0,0,0,0,"0.00","0.00","0.00","0.00",60,-6163,90550,20344,26507,465
3,0,"2026-09-05T11:30:00Z",3,FALSE,0,0,0,0,0,0,0,0,0,0,0,0,0,"0.0","0.0","0.0","0.0",0,0,0,0,0,"0.00","0.00","0.00","0.00",59,-37692,51608,557,38249,465
13,0,"2026-09-14T19:00:00Z",4,FALSE,0,0,0,0,0,0,0,0,0,0,0,0,0,"0.0","0.0","0.0","0.0",0,0,0,0,0,"0.00","0.00","0.00","0.00",59,-12652,41129,234,12886,465
14,0,"2026-08-23T15:30:00Z",1,FALSE,0,0,0,0,0,0,0,0,0,0,0,0,0,"0.0","0.0","0.0","0.0",0,0,0,0,0,"0.00","0.00","0.00","0.00",45,0,66588,0,0,466
19,0,"2026-08-29T16:30:00Z",2,FALSE,0,0,0,0,0,0,0,0,0,0,0,0,0,"0.0","0.0","0.0","0.0",0,0,0,0,0,"0.00","0.00","0.00","0.00",45,-1647,75688,6478,8125,466
3,0,"2026-09-05T11:30:00Z",3,FALSE,0,0,0,0,0,0,0,0,0,0,0,0,0,"0.0","0.0","0.0","0.0",0,0,0,0,0,"0.00","0.00","0.00","0.00",45,3928,87795,17327,13399,466
13,0,"2026-09-14T19:00:00Z",4,FALSE,0,0,0,0,0,0,0,0,0,0,0,0,0,"0.0","0.0","0.0","0.0",0,0,0,0,0,"0.00","0.00","0.00","0.00",45,-17854,66182,0,17854,466
13,2,"2026-08-22T14:00:00Z",1,FALSE,90,0,0,0,1,0,0,0,0,0,2,0,11,"14.2","0.0","0.0","1.4",0,9,0,0,1,"0.00","0.00","0.00","0.47",50,0,140711,0,0,467
14,1,"2026-08-29T11:30:00Z",2,FALSE,90,0,0,0,2,0,0,0,0,0,2,0,6,"16.6","0.0","0.0","1.7",3,6,0,0,1,"0.00","0.01","0.01","1.75",50,-8396,148147,3350,11746,467
19,6,"2026-09-05T14:00:00Z",3,FALSE,90,0,0,1,0,0,0,0,0,0,0,0,21,"2.4","0.0","0.0","0.2",1,11,0,0,1,"0.00","0.00","0.00","1.06",50,-9819,143042,8404,18223,467
2,3,"2026-09-12T14:00:00Z",4,FALSE,90,0,0,0,1,0,0,0,0,0,5,0,19,"0.0","0.0","0.0","0.0",2,11,0,0,1,"0.00","0.00","0.00","0.82",50,2211,147158,15113,12902,467
13,0,"2026-08-22T14:00:00Z",1,FALSE,0,0,0,0,0,0,0,0,0,0,0,0,0,"0.0","0.0","0.0","0.0",0,0,0,0,0,"0.00","0.00","0.00","0.00",45,0,5970,0,0,468
14,0,"2026-08-29T11:30:00Z",2,FALSE,0,0,0,0,0,0,0,0,0,0,0,0,0,"0.0","0.0","0.0","0.0",0,0,0,0,0,"0.00","0.00","0.00","0.00",45,-288,6338,178,466,468
19,0,"2026-09-05T14:00:00Z",3,FALSE,0,0,0,0,0,0,0,0,0,0,0,0,0,"0.0","0.0","0.0","0.0",0,0,0,0,0,"0.00","0.00","0.00","0.00",45,-392,6270,259,651,468
2,0,"2026-09-12T14:00:00Z",4,FALSE,0,0,0,0,0,0,0,0,0,0,0,0,0,"0.0","0.0","0.0","0.0",0,0,0,0,0,"0.00","0.00","0.00","0.00",45,-238,6251,173,411,468
13,2,"2026-08-22T14:00:00Z",1,FALSE,90,0,0,0,1,0,0,0,0,0,0,0,13,"15.2","5.8","6.0","2.7",3,10,3,6,1,"0.00","0.02","0.02","0.47",50,0,924685,0,0,469
14,6,"2026-08-29T11:30:00Z",2,FALSE,90,0,1,0,2,0,0,0,0,0,0,0,16,"34.4","25.3","6.0","6.6",6,1,6,12,1,"0.12","0.15","0.27","1.75",50,-67984,880209,14150,82134,469
19,7,"2026-09-05T14:00:00Z",3,FALSE,90,0,0,1,0,0,0,0,0,0,0,1,28,"11.4","10.9","4.0","2.6",3,8,3,6,1,"0.00","0.07","0.07","1.06",50,-35180,851007,53518,88698,469
2,2,"2026-09-12T14:00:00Z",4,FALSE,90,0,0,0,1,0,0,0,0,0,0,0,9,"0.0","0.0","0.0","0.0",2,1,1,3,1,"0.20","0.16","0.36","0.82",50,7392,864022,91886,84494,469
13,0,"2026-08-22T14:00:00Z",1,FALSE,0,0,0,0,0,0,0,0,0,0,0,0,0,"0.0","0.0","0.0","0.0",0,0,0,0,0,"0.00","0.00","0.00","0.00",50,0,4345,0,0,470
14,0,"2026-08-29T11:30:00Z",2,FALSE,0,0,0,0,0,0,0,0,0,0,0,0,0,"0.0","0.0","0.0","0.0",0,0,0,0,0,"0.00","0.00","0.00","0.00",50,-437,4633,230,667,470
19,0,"2026-09-05T14:00:00Z",3,FALSE,0,0,0,0,0,0,0,0,0,0,0,0,0,"0.0","0.0","0.0","0.0",0,0,0,0,0,"0.00","0.00","0.00","0.00",50,-1172,3599,194,1366,470
2,0,"2026-09-12T14:00:00Z",4,FALSE,0,0,0,0,0,0,0,0,0,0,0,0,0,"0.0","0.0","0.0","0.0",0,0,0,0,0,"0.00","0.00","0.00","0.00",50,-1122,2529,0,1122,470
13,2,"2026-08-22T14:00:00Z",1,FALSE,90,0,0,0,1,0,0,0,0,0,0,0,4,"7.6","0.6","14.0","2.2",7,6,0,7,1,"0.11","0.02","0.13","0.47",55,0,173511,0,0,471
14,3,"2026-08-29T11:30:00Z",2,FALSE,90,0,0,0,2,0,0,0,0,0,0,0,3,"17.0","0.0","0.0","1.7",10,3,3,13,1,"0.00","0.00","0.00","1.75",55,-14450,176049,2591,17041,471
19,7,"2026-09-05T14:00:00Z",3,FALSE,90,0,0,1,0,0,0,0,1,0,0,0,27,"28.6","0.8","2.0","3.1",9,3,2,11,1,"0.00","0.01","0.01","1.06",55,-12221,168090,5627,17848,471
2,0,"2026-09-12T14:00:00Z",4,FALSE,0,0,0,0,0,0,0,0,0,0,0,0,0,"0.0","0.0","0.0","0.0",0,0,0,0,0,"0.00","0.00","0.00","0.00",55,-346,171183,9458,9804,471
13,4,"2026-08-22T14:00:00Z",1,FALSE,90,0,0,0,1,0,0,0,0,0,0,0,15,"32.2","25.9","0.0","5.8",12,3,2,14,1,"0.00","0.28","0.28","0.47",55,0,134909,0,0,472
14,1,"2026-08-29T11:30:00Z",2,FALSE,90,0,0,0,2,0,0,0,0,0,0,0,2,"11.2","0.3","8.0","2.0",6,3,0,6,1,"0.18","0.00","0.18","1.75",55,-3257,162661,8580,11837,472
19,8,"2026-09-05T14:00:00Z",3,FALSE,89,0,0,1,0,0,0,0,0,0,0,0,25,"17.8","1.2","10.0","2.9",6,4,4,10,1,"0.17","0.00","0.17","1.06",55,-10492,160118,9660,20152,472
2,6,"2026-09-12T14:00:00Z",4,FALSE,90,0,1,0,1,0,0,0,1,0,0,0,18,"0.0","0.0","0.0","0.0",10,6,2,12,1,"0.00","0.01","0.01","0.82",55,5868,172739,15727,9859,472
13,5,"2026-08-22T14:00:00Z",1,FALSE,73,0,0,1,0,0,0,0,1,0,0,0,24,"16.0","35.6","11.0","6.3",2,4,0,2,1,"0.04","0.17","0.21","0.34",45,0,328883,0,0,473
14,0,"2026-08-29T11:30:00Z",2,FALSE,85,0,0,0,2,0,0,0,1,0,0,0,2,"11.8","15.5","4.0","3.1",3,4,2,5,1,"0.00","0.35","0.35","1.75",45,-5067,345943,17770,22837,473
19,1,"2026-09-05T14:00:00Z",3,FALSE,58,0,0,0,0,0,0,0,0,0,0,0,8,"13.0","0.5","0.0","1.4",2,4,5,7,1,"0.00","0.00","0.00","0.81",45,-30402,313105,20608,51010,473
2,2,"2026-09-12T14:00:00Z",4,FALSE,90,0,0,0,1,0,0,0,0,0,0,0,11,"0.0","0.0","0.0","0.0",5,2,3,8,1,"0.00","0.01","0.01","0.82",45,-43006,273323,8317,51323,473
13,1,"2026-08-22T14:00:00Z",1,FALSE,90,0,0,0,1,0,0,0,1,0,0,0,5,"20.8","1.3","0.0","2.2",7,0,1,8,1,"0.00","0.00","0.00","0.47",45,0,19663,0,0,474
14,1,"2026-08-29T11:30:00Z",2,FALSE,90,0,0,0,2,0,0,0,0,0,0,0,6,"14.6","0.4","0.0","1.5",6,3,2,8,1,"0.00","0.00","0.00","1.75",45,-1300,21029,259,1559,474
19,8,"2026-09-05T14:00:00Z",3,FALSE,90,0,0,1,0,0,0,0,0,0,0,0,24,"20.0","0.7","1.0","2.2",10,2,2,12,1,"0.03","0.01","0.04","1.06",45,-1070,20256,924,1994,474
2,0,"2026-09-12T14:00:00Z",4,FALSE,0,0,0,0,0,0,0,0,0,0,0,0,0,"0.0","0.0","0.0","0.0",0,0,0,0,0,"0.00","0.00","0.00","0.00",45,3885,24942,8098,4213,474
13,0,"2026-08-22T14:00:00Z",1,FALSE,0,0,0,0,0,0,0,0,0,0,0,0,0,"0.0","0.0","0.0","0.0",0,0,0,0,0,"0.00","0.00","0.00","0.00",45,0,209,0,0,475
14,0,"2026-08-29T11:30:00Z",2,FALSE,0,0,0,0,0,0,0,0,0,0,0,0,0,"0.0","0.0","0.0","0.0",0,0,0,0,0,"0.00","0.00","0.00","0.00",45,65,304,113,48,475
19,0,"2026-09-05T14:00:00Z",3,FALSE,0,0,0,0,0,0,0,0,0,0,0,0,0,"0.0","0.0","0.0","0.0",0,0,0,0,0,"0.00","0.00","0.00","0.00",45,-97,221,34,131,475
2,0,"2026-09-12T14:00:00Z",4,FALSE,0,0,0,0,0,0,0,0,0,0,0,0,0,"0.0","0.0","0.0","0.0",0,0,0,0,0,"0.00","0.00","0.00","0.00",45,16,263,56,40,475
13,0,"2026-08-22T14:00:00Z",1,FALSE,0,0,0,0,0,0,0,0,0,0,0,0,0,"0.0","0.0","0.0","0.0",0,0,0,0,0,"0.00","0.00","0.00","0.00",40,0,23191,0,0,476
14,0,"2026-08-29T11:30:00Z",2,FALSE,0,0,0,0,0,0,0,0,0,0,0,0,0,"0.0","0.0","0.0","0.0",0,0,0,0,0,"0.00","0.00","0.00","0.00",40,-1513,23167,495,2008,476
19,0,"2026-09-05T14:00:00Z",3,FALSE,0,0,0,0,0,0,0,0,0,0,0,0,0,"0.0","0.0","0.0","0.0",0,0,0,0,0,"0.00","0.00","0.00","0.00",40,-858,23523,1258,2116,476
2,0,"2026-09-12T14:00:00Z",4,FALSE,0,0,0,0,0,0,0,0,0,0,0,0,0,"0.0","0.0","0.0","0.0",0,0,0,0,0,"0.00","0.00","0.00","0.00",40,-831,23161,925,1756,476
13,0,"2026-08-22T14:00:00Z",1,FALSE,0,0,0,0,0,0,0,0,0,0,0,0,0,"0.0","0.0","0.0","0.0",0,0,0,0,0,"0.00","0.00","0.00","0.00",40,0,23851,0,0,477
14,0,"2026-08-29T11:30:00Z",2,FALSE,0,0,0,0,0,0,0,0,0,0,0,0,0,"0.0","0.0","0.0","0.0",0,0,0,0,0,"0.00","0.00","0.00","0.00",40,-1227,24822,996,2223,477
19,0,"2026-09-05T14:00:00Z",3,FALSE,0,0,0,0,0,0,0,0,0,0,0,0,0,"0.0","0.0","0.0","0.0",0,0,0,0,0,"0.00","0.00","0.00","0.00",40,-2802,22912,1463,4265,477
2,0,"2026-09-12T14:00:00Z",4,FALSE,0,0,0,0,0,0,0,0,0,0,0,0,0,"0.0","0.0","0.0","0.0",0,0,0,0,0,"0.00","0.00","0.00","0.00",40,-4322,18185,0,4322,477
13,1,"2026-08-22T14:00:00Z",1,FALSE,16,0,0,0,1,0,0,0,0,0,0,0,-2,"0.0","0.9","0.0","0.1",0,1,0,0,0,"0.00","0.00","0.00","0.13",45,0,2322,0,0,478
14,1,"2026-08-29T11:30:00Z",2,FALSE,4,0,0,0,0,0,0,0,0,0,0,0,5,"2.0","0.0","0.0","0.2",0,0,1,1,0,"0.00","0.00","0.00","0.00",45,-176,3516,112,288,478
19,0,"2026-09-05T14:00:00Z",3,FALSE,0,0,0,0,0,0,0,0,0,0,0,0,0,"0.0","0.0","0.0","0.0",0,0,0,0,0,"0.00","0.00","0.00","0.00",45,-304,3401,168,472,478
2,0,"2026-09-12T14:00:00Z",4,FALSE,0,0,0,0,0,0,0,0,0,0,0,0,0,"0.0","0.0","0.0","0.0",0,0,0,0,0,"0.00","0.00","0.00","0.00",45,-264,3279,104,368,478
13,0,"2026-08-22T14:00:00Z",1,FALSE,0,0,0,0,0,0,0,0,0,0,0,0,0,"0.0","0.0","0.0","0.0",0,0,0,0,0,"0.00","0.00","0.00","0.00",40,0,18342,0,0,479
14,0,"2026-08-29T11:30:00Z",2,FALSE,0,0,0,0,0,0,0,0,0,0,0,0,0,"0.0","0.0","0.0","0.0",0,0,0,0,0,"0.00","0.00","0.00","0.00",40,-1052,18138,365,1417,479
19,0,"2026-09-05T14:00:00Z",3,FALSE,0,0,0,0,0,0,0,0,0,0,0,0,0,"0.0","0.0","0.0","0.0",0,0,0,0,0,"0.00","0.00","0.00","0.00",40,-2507,15742,434,2941,479
2,0,"2026-09-12T14:00:00Z",4,FALSE,0,0,0,0,0,0,0,0,0,0,0,0,0,"0.0","0.0","0.0","0.0",0,0,0,0,0,"0.00","0.00","0.00","0.00",40,-2375,13436,0,2375,479
13,2,"2026-08-22T14:00:00Z",1,FALSE,90,0,0,0,1,0,0,0,0,0,0,0,10,"0.0","9.3","16.0","2.4",1,2,0,3,1,"0.13","0.06","0.19","0.47",80,0,1039647,0,0,480
14,13,"2026-08-29T11:30:00Z",2,FALSE,90,1,1,0,2,0,0,0,0,0,0,3,36,"56.4","12.5","17.0","8.6",1,2,2,5,1,"0.79","0.04","0.83","1.75",80,-274313,815842,8780,283093,480
19,3,"2026-09-05T14:00:00Z",3,FALSE,90,0,0,1,0,0,0,0,0,0,0,0,3,"5.6","3.0","13.0","2.2",0,5,2,7,1,"0.48","0.01","0.49","1.06",79,102526,1065969,215196,112670,480
2,8,"2026-09-12T14:00:00Z",4,FALSE,90,0,1,0,1,0,0,0,0,0,0,3,42,"0.0","0.0","0.0","0.0",0,3,1,4,1,"0.16","0.91","1.07","0.82",79,26861,1011180,175102,148241,480
3,2,"2026-08-23T13:00:00Z",1,FALSE,62,0,0,0,1,0,0,0,0,0,0,0,14,"7.2","20.8","0.0","2.8",1,3,2,6,1,"0.00","0.25","0.25","0.55",65,0,707651,0,0,481
8,3,"2026-08-28T19:00:00Z",2,FALSE,81,0,0,0,1,0,0,0,1,0,0,0,25,"25.0","20.2","13.0","5.8",4,5,5,14,1,"0.07","0.22","0.29","0.66",64,-143069,597491,10236,153305,481
7,3,"2026-09-05T14:00:00Z",3,FALSE,90,0,0,1,0,0,0,0,0,0,0,0,23,"26.6","28.1","5.0","6.0",4,6,1,11,1,"0.02","0.17","0.19","1.37",64,-91799,514714,41120,132919,481
16,0,"2026-09-13T15:30:00Z",4,FALSE,0,0,0,0,0,0,0,0,0,0,0,0,0,"0.0","0.0","0.0","0.0",0,0,0,0,0,"0.00","0.00","0.00","0.00",63,-76716,447292,16389,93105,481
13,0,"2026-08-22T14:00:00Z",1,FALSE,0,0,0,0,0,0,0,0,0,0,0,0,0,"0.0","0.0","0.0","0.0",0,0,0,0,0,"0.00","0.00","0.00","0.00",60,0,23579,0,0,482
14,1,"2026-08-29T11:30:00Z",2,FALSE,1,0,0,0,0,0,0,0,0,0,0,0,2,"0.0","0.3","0.0","0.0",0,0,0,0,0,"0.00","0.00","0.00","0.00",60,-4758,21667,726,5484,482
19,0,"2026-09-05T14:00:00Z",3,FALSE,0,0,0,0,0,0,0,0,0,0,0,0,0,"0.0","0.0","0.0","0.0",0,0,0,0,0,"0.00","0.00","0.00","0.00",59,-3315,19189,1609,4924,482
2,0,"2026-09-12T14:00:00Z",4,FALSE,0,0,0,0,0,0,0,0,0,0,0,0,0,"0.0","0.0","0.0","0.0",0,0,0,0,0,"0.00","0.00","0.00","0.00",59,-2586,17097,774,3360,482
13,3,"2026-08-22T14:00:00Z",1,FALSE,61,0,0,1,0,0,0,0,0,0,0,0,5,"1.4","2.5","0.0","0.4",1,1,1,3,1,"0.00","0.00","0.00","0.25",55,0,39539,0,0,483
14,9,"2026-08-29T11:30:00Z",2,FALSE,65,1,0,0,1,0,0,0,0,0,0,2,30,"35.8","23.0","36.0","9.5",1,8,0,9,1,"0.35","0.63","0.98","1.42",55,-3771,39501,1491,5262,483
19,1,"2026-09-05T14:00:00Z",3,FALSE,58,0,0,0,0,0,0,0,0,0,0,0,5,"0.4","0.3","0.0","0.1",0,4,1,5,1,"0.00","0.00","0.00","0.81",55,22451,73790,33732,11281,483
2,1,"2026-09-12T14:00:00Z",4,FALSE,74,0,0,0,1,0,0,0,1,0,0,0,1,"0.0","0.0","0.0","0.0",0,2,0,2,1,"0.70","0.25","0.95","0.73",55,-3202,67800,9828,13030,483
13,0,"2026-08-22T14:00:00Z",1,FALSE,0,0,0,0,0,0,0,0,0,0,0,0,0,"0.0","0.0","0.0","0.0",0,0,0,0,0,"0.00","0.00","0.00","0.00",55,0,15797,0,0,484
14,0,"2026-08-29T11:30:00Z",2,FALSE,0,0,0,0,0,0,0,0,0,0,0,0,0,"0.0","0.0","0.0","0.0",0,0,0,0,0,"0.00","0.00","0.00","0.00",55,-2032,15837,214,2246,484
19,0,"2026-09-05T14:00:00Z",3,FALSE,0,0,0,0,0,0,0,0,0,0,0,0,0,"0.0","0.0","0.0","0.0",0,0,0,0,0,"0.00","0.00","0.00","0.00",54,-4400,11458,213,4613,484
2,0,"2026-09-12T14:00:00Z",4,FALSE,0,0,0,0,0,0,0,0,0,0,0,0,0,"0.0","0.0","0.0","0.0",0,0,0,0,0,"0.00","0.00","0.00","0.00",54,-2676,8921,0,2676,484
13,0,"2026-08-22T14:00:00Z",1,FALSE,0,0,0,0,0,0,0,0,0,0,0,0,0,"0.0","0.0","0.0","0.0",0,0,0,0,0,"0.00","0.00","0.00","0.00",55,0,1373,0,0,485
14,0,"2026-08-29T11:30:00Z",2,FALSE,0,0,0,0,0,0,0,0,0,0,0,0,0,"0.0","0.0","0.0","0.0",0,0,0,0,0,"0.00","0.00","0.00","0.00",55,-298,1297,107,405,485
19,0,"2026-09-05T14:00:00Z",3,FALSE,0,0,0,0,0,0,0,0,0,0,0,0,0,"0.0","0.0","0.0","0.0",0,0,0,0,0,"0.00","0.00","0.00","0.00",55,-532,761,0,532,485
2,0,"2026-09-12T14:00:00Z",4,FALSE,0,0,0,0,0,0,0,0,0,0,0,0,0,"0.0","0.0","0.0","0.0",0,0,0,0,0,"0.00","0.00","0.00","0.00",55,-145,638,0,145,485
13,3,"2026-08-22T14:00:00Z",1,FALSE,73,0,0,1,0,0,0,0,0,0,0,0,18,"11.6","42.5","0.0","5.4",2,5,1,8,1,"0.00","0.16","0.16","0.34",55,0,3147,0,0,486
14,2,"2026-08-29T11:30:00Z",2,FALSE,90,0,0,0,2,0,0,0,0,0,0,0,16,"8.2","18.5","0.0","2.7",2,5,1,8,1,"0.00","0.16","0.16","1.75",55,199,5218,674,475,486
19,2,"2026-09-05T14:00:00Z",3,FALSE,90,0,0,1,0,0,0,0,1,0,0,0,22,"14.2","59.5","10.0","8.4",0,4,3,7,1,"0.13","0.22","0.35","1.06",55,1865,8416,3393,1528,486
2,3,"2026-09-12T14:00:00Z",4,FALSE,81,0,0,0,1,0,0,0,1,0,0,0,18,"0.0","0.0","0.0","0.0",4,5,3,12,1,"0.03","0.38","0.41","0.73",55,546,9321,1956,1410,486
13,0,"2026-08-22T14:00:00Z",1,FALSE,0,0,0,0,0,0,0,0,0,0,0,0,0,"0.0","0.0","0.0","0.0",0,0,0,0,0,"0.00","0.00","0.00","0.00",50,0,7576,0,0,487
14,1,"2026-08-29T11:30:00Z",2,FALSE,1,0,0,0,0,0,0,0,0,0,0,0,3,"0.2","0.0","0.0","0.0",0,0,0,0,0,"0.00","0.00","0.00","0.00",50,-848,7613,214,1062,487
19,0,"2026-09-05T14:00:00Z",3,FALSE,0,0,0,0,0,0,0,0,0,0,0,0,0,"0.0","0.0","0.0","0.0",0,0,0,0,0,"0.00","0.00","0.00","0.00",50,-788,7052,358,1146,487
2,0,"2026-09-12T14:00:00Z",4,FALSE,0,0,0,0,0,0,0,0,0,0,0,0,0,"0.0","0.0","0.0","0.0",0,0,0,0,0,"0.00","0.00","0.00","0.00",49,-569,6666,312,881,487
13,2,"2026-08-22T14:00:00Z",1,FALSE,90,0,0,0,1,0,0,0,0,0,0,0,10,"17.8","13.0","3.0","3.4",3,3,0,6,1,"0.03","0.01","0.04","0.47",50,0,100536,0,0,488
14,0,"2026-08-29T11:30:00Z",2,FALSE,0,0,0,0,0,0,0,0,0,0,0,0,0,"0.0","0.0","0.0","0.0",0,0,0,0,0,"0.00","0.00","0.00","0.00",50,-15127,88298,2850,17977,488
19,0,"2026-09-05T14:00:00Z",3,FALSE,0,0,0,0,0,0,0,0,0,0,0,0,0,"0.0","0.0","0.0","0.0",0,0,0,0,0,"0.00","0.00","0.00","0.00",49,-26662,60777,1817,28479,488
2,1,"2026-09-12T14:00:00Z",4,FALSE,8,0,0,0,0,0,0,0,0,0,0,0,2,"0.0","0.0","0.0","0.0",1,0,1,2,0,"0.06","0.01","0.07","0.09",49,-9453,52561,2665,12118,488
13,0,"2026-08-22T14:00:00Z",1,FALSE,0,0,0,0,0,0,0,0,0,0,0,0,0,"0.0","0.0","0.0","0.0",0,0,0,0,0,"0.00","0.00","0.00","0.00",45,0,177323,0,0,489
14,0,"2026-08-29T11:30:00Z",2,FALSE,0,0,0,0,0,0,0,0,0,0,0,0,0,"0.0","0.0","0.0","0.0",0,0,0,0,0,"0.00","0.00","0.00","0.00",45,-35340,142945,1743,37083,489
19,0,"2026-09-05T14:00:00Z",3,FALSE,0,0,0,0,0,0,0,0,0,0,0,0,0,"0.0","0.0","0.0","0.0",0,0,0,0,0,"0.00","0.00","0.00","0.00",45,-864,152628,17319,18183,489
2,0,"2026-09-12T14:00:00Z",4,FALSE,0,0,0,0,0,0,0,0,0,0,0,0,0,"0.0","0.0","0.0","0.0",0,0,0,0,0,"0.00","0.00","0.00","0.00",45,-8348,144588,7645,15993,489
13,1,"2026-08-22T14:00:00Z",1,FALSE,28,0,0,0,1,0,0,0,0,0,0,0,3,"0.0","2.4","3.0","0.4",0,1,0,1,0,"0.12","0.01","0.13","0.22",60,0,159951,0,0,490
14,0,"2026-08-29T11:30:00Z",2,FALSE,0,0,0,0,0,0,0,0,0,0,0,0,0,"0.0","0.0","0.0","0.0",0,0,0,0,0,"0.00","0.00","0.00","0.00",60,-24782,152998,4569,29351,490
19,1,"2026-09-05T14:00:00Z",3,FALSE,16,0,0,0,0,0,0,0,0,0,0,0,3,"0.2","0.1","0.0","0.0",0,0,0,0,0,"0.00","0.00","0.00","0.18",59,-35128,121647,7780,42908,490
2,1,"2026-09-12T14:00:00Z",4,FALSE,1,0,0,0,0,0,0,0,0,0,0,0,3,"0.0","0.0","0.0","0.0",0,0,0,0,0,"0.00","0.00","0.00","0.09",59,-17430,108335,4564,21994,490
13,2,"2026-08-22T14:00:00Z",1,FALSE,90,0,0,0,1,0,0,0,0,0,0,0,8,"5.2","6.8","31.0","4.3",2,1,0,3,1,"0.22","0.02","0.24","0.47",60,0,389784,0,0,491
14,1,"2026-08-29T11:30:00Z",2,FALSE,90,0,0,0,2,0,0,0,1,0,0,0,4,"8.6","13.3","38.0","6.0",3,1,1,5,1,"0.74","0.04","0.78","1.75",60,-48313,361702,10237,58550,491
19,1,"2026-09-05T14:00:00Z",3,FALSE,31,0,0,0,0,0,0,0,0,0,0,0,3,"1.2","0.4","0.0","0.2",0,0,1,1,0,"0.00","0.00","0.00","0.26",59,-56312,307784,25411,81723,491
2,7,"2026-09-12T14:00:00Z",4,FALSE,15,1,0,0,0,0,0,0,0,0,0,2,34,"0.0","0.0","0.0","0.0",0,3,0,3,0,"0.13","0.01","0.14","0.09",59,-61409,253573,12811,74220,491
1,1,"2026-08-21T19:00:00Z",1,FALSE,20,0,0,0,0,0,0,0,0,0,0,0,4,"0.0","1.4","0.0","0.1",0,1,0,1,0,"0.00","0.00","0.00","0.29",55,0,76129,0,0,492
11,2,"2026-08-29T14:00:00Z",2,FALSE,90,0,0,0,1,0,0,0,0,0,0,0,6,"10.0","23.6","65.0","9.9",1,2,0,3,1,"0.93","0.03","0.96","0.72",55,-639,83094,8654,9293,492
15,2,"2026-09-05T14:00:00Z",3,FALSE,70,0,0,0,1,0,0,0,0,0,0,0,6,"3.6","10.3","3.0","1.7",2,3,0,5,1,"0.31","0.00","0.31","1.17",55,-13314,69494,4842,18156,492
5,0,"2026-09-13T13:00:00Z",4,FALSE,0,0,0,0,0,0,0,0,0,0,0,0,0,"0.0","0.0","0.0","0.0",0,0,0,0,0,"0.00","0.00","0.00","0.00",55,-3108,69089,7191,10299,492
13,1,"2026-08-22T14:00:00Z",1,FALSE,1,0,0,0,0,0,0,0,0,0,0,0,3,"0.0","0.0","0.0","0.0",0,0,0,0,0,"0.00","0.00","0.00","0.00",55,0,4138,0,0,493
14,0,"2026-08-29T11:30:00Z",2,FALSE,0,0,0,0,0,0,0,0,0,0,0,0,0,"0.0","0.0","0.0","0.0",0,0,0,0,0,"0.00","0.00","0.00","0.00",55,-418,5177,339,757,493
19,0,"2026-09-05T14:00:00Z",3,FALSE,0,0,0,0,0,0,0,0,0,0,0,0,0,"0.0","0.0","0.0","0.0",0,0,0,0,0,"0.00","0.00","0.00","0.00",54,-411,5117,838,1249,493
2,0,"2026-09-12T14:00:00Z",4,FALSE,0,0,0,0,0,0,0,0,0,0,0,0,0,"0.0","0.0","0.0","0.0",0,0,0,0,0,"0.00","0.00","0.00","0.00",54,281,5715,1150,869,493
4,0,"2026-08-22T16:30:00Z",1,FALSE,0,0,0,0,0,0,0,0,0,0,0,0,0,"0.0","0.0","0.0","0.0",0,0,0,0,0,"0.00","0.00","0.00","0.00",45,0,35657,0,0,494
17,0,"2026-08-29T16:30:00Z",2,FALSE,0,0,0,0,0,0,0,0,0,0,0,0,0,"0.0","0.0","0.0","0.0",0,0,0,0,0,"0.00","0.00","0.00","0.00",45,-11437,23872,0,11437,494
18,0,"2026-09-05T14:00:00Z",3,FALSE,0,0,0,0,0,0,0,0,0,0,0,0,0,"0.0","0.0","0.0","0.0",0,0,0,0,0,"0.00","0.00","0.00","0.00",45,-5759,18205,0,5759,494
9,0,"2026-09-12T16:30:00Z",4,FALSE,0,0,0,0,0,0,0,0,0,0,0,0,0,"0.0","0.0","0.0","0.0",0,0,0,0,0,"0.00","0.00","0.00","0.00",45,-2498,16026,0,2498,494
4,0,"2026-08-22T16:30:00Z",1,FALSE,0,0,0,0,0,0,0,0,0,0,0,0,0,"0.0","0.0","0.0","0.0",0,0,0,0,0,"0.00","0.00","0.00","0.00",40,0,78400,0,0,495
17,0,"2026-08-29T16:30:00Z",2,FALSE,0,0,0,0,0,0,0,0,0,0,0,0,0,"0.0","0.0","0.0","0.0",0,0,0,0,0,"0.00","0.00","0.00","0.00",40,-490,88358,3212,3702,495
18,0,"2026-09-05T14:00:00Z",3,FALSE,0,0,0,0,0,0,0,0,0,0,0,0,0,"0.0","0.0","0.0","0.0",0,0,0,0,0,"0.00","0.00","0.00","0.00",40,3899,104639,9717,5818,495
9,0,"2026-09-12T16:30:00Z",4,FALSE,0,0,0,0,0,0,0,0,0,0,0,0,0,"0.0","0.0","0.0","0.0",0,0,0,0,0,"0.00","0.00","0.00","0.00",40,2998,108986,8583,5585,495
4,2,"2026-08-22T16:30:00Z",1,FALSE,90,0,0,0,3,0,0,0,0,0,5,0,15,"43.6","0.0","0.0","4.4",4,12,0,0,1,"0.00","0.00","0.00","3.87",45,0,2208330,0,0,496
17,1,"2026-08-29T16:30:00Z",2,FALSE,90,0,0,0,2,0,0,0,0,0,0,0,4,"3.8","0.0","0.0","0.4",0,6,0,0,1,"0.00","0.00","0.00","0.72",45,-41526,2247365,40625,82151,496
18,6,"2026-09-05T14:00:00Z",3,FALSE,90,0,0,1,0,0,0,0,0,0,1,0,24,"10.4","10.0","0.0","2.0",2,8,0,0,1,"0.00","0.00","0.00","0.92",45,-225719,1949396,46420,272139,496
9,7,"2026-09-12T16:30:00Z",4,FALSE,90,0,0,1,0,0,0,0,0,0,3,0,29,"0.0","0.0","0.0","0.0",4,3,0,0,1,"0.00","0.00","0.00","1.11",45,-84513,1930350,146399,230912,496
4,0,"2026-08-22T16:30:00Z",1,FALSE,0,0,0,0,0,0,0,0,0,0,0,0,0,"0.0","0.0","0.0","0.0",0,0,0,0,0,"0.00","0.00","0.00","0.00",40,0,1778139,0,0,497
17,0,"2026-08-29T16:30:00Z",2,FALSE,0,0,0,0,0,0,0,0,0,0,0,0,0,"0.0","0.0","0.0","0.0",0,0,0,0,0,"0.00","0.00","0.00","0.00",40,-28731,1835588,35086,63817,497
18,0,"2026-09-05T14:00:00Z",3,FALSE,0,0,0,0,0,0,0,0,0,0,0,0,0,"0.0","0.0","0.0","0.0",0,0,0,0,0,"0.00","0.00","0.00","0.00",40,12181,1908726,131012,118831,497
9,0,"2026-09-12T16:30:00Z",4,FALSE,0,0,0,0,0,0,0,0,0,0,0,0,0,"0.0","0.0","0.0","0.0",0,0,0,0,0,"0.00","0.00","0.00","0.00",40,19545,1929614,144708,125163,497
4,3,"2026-08-22T16:30:00Z",1,FALSE,90,0,0,0,3,0,0,0,0,0,0,0,10,"36.6","2.2","0.0","3.9",11,2,5,16,1,"0.00","0.02","0.02","3.87",60,0,724252,0,0,498
17,0,"2026-08-29T16:30:00Z",2,FALSE,0,0,0,0,0,0,0,0,0,0,0,0,0,"0.0","0.0","0.0","0.0",0,0,0,0,0,"0.00","0.00","0.00","0.00",60,-48293,746751,15942,64235,498
18,0,"2026-09-05T14:00:00Z",3,FALSE,0,0,0,0,0,0,0,0,0,0,0,0,0,"0.0","0.0","0.0","0.0",0,0,0,0,0,"0.00","0.00","0.00","0.00",59,-185202,558130,5382,190584,498
9,0,"2026-09-12T16:30:00Z",4,FALSE,0,0,0,0,0,0,0,0,0,0,0,0,0,"0.0","0.0","0.0","0.0",0,0,0,0,0,"0.00","0.00","0.00","0.00",59,-104635,468891,4311,108946,498
4,0,"2026-08-22T16:30:00Z",1,FALSE,0,0,0,0,0,0,0,0,0,0,0,0,0,"0.0","0.0","0.0","0.0",0,0,0,0,0,"0.00","0.00","0.00","0.00",55,0,1595087,0,0,499
17,1,"2026-08-29T16:30:00Z",2,FALSE,90,0,0,0,2,0,0,0,0,0,0,0,1,"9.4","7.9","21.0","3.8",3,2,1,4,1,"0.33","0.10","0.43","0.72",55,-296944,1331308,20574,317518,499
18,7,"2026-09-05T14:00:00Z",3,FALSE,90,0,0,1,0,0,0,0,0,0,0,1,28,"13.2","35.8","6.0","5.5",3,3,1,4,1,"0.03","0.06","0.09","0.92",55,-179795,1176909,48390,228185,499
9,0,"2026-09-12T16:30:00Z",4,FALSE,0,0,0,0,0,0,0,0,0,0,0,0,0,"0.0","0.0","0.0","0.0",0,0,0,0,0,"0.00","0.00","0.00","0.00",55,-80703,1130296,48477,129180,499
4,0,"2026-08-22T16:30:00Z",1,FALSE,0,0,0,0,0,0,0,0,0,0,0,0,0,"0.0","0.0","0.0","0.0",0,0,0,0,0,"0.00","0.00","0.00","0.00",50,0,25814,0,0,500
17,0,"2026-08-29T16:30:00Z",2,FALSE,0,0,0,0,0,0,0,0,0,0,0,0,0,"0.0","0.0","0.0","0.0",0,0,0,0,0,"0.00","0.00","0.00","0.00",50,-10779,14805,0,10779,500
18,0,"2026-09-05T14:00:00Z",3,FALSE,0,0,0,0,0,0,0,0,0,0,0,0,0,"0.0","0.0","0.0","0.0",0,0,0,0,0,"0.00","0.00","0.00","0.00",50,-3763,11327,0,3763,500
9,0,"2026-09-12T16:30:00Z",4,FALSE,0,0,0,0,0,0,0,0,0,0,0,0,0,"0.0","0.0","0.0","0.0",0,0,0,0,0,"0.00","0.00","0.00","0.00",50,-1362,10093,0,1362,500
4,0,"2026-08-22T16:30:00Z",1,FALSE,0,0,0,0,0,0,0,0,0,0,0,0,0,"0.0","0.0","0.0","0.0",0,0,0,0,0,"0.00","0.00","0.00","0.00",50,0,15516,0,0,501
17,0,"2026-08-29T16:30:00Z",2,FALSE,0,0,0,0,0,0,0,0,0,0,0,0,0,"0.0","0.0","0.0","0.0",0,0,0,0,0,"0.00","0.00","0.00","0.00",50,-1412,17484,1020,2432,501
4,2,"2026-09-05T14:00:00Z",3,FALSE,90,0,0,0,1,0,0,0,0,0,0,0,9,"20.8","10.9","0.0","3.2",7,3,1,8,1,"0.00","0.08","0.08","1.21",50,-2005,16199,1307,3312,501
1,1,"2026-09-12T19:00:00Z",4,FALSE,90,0,0,0,2,0,0,0,0,0,0,0,5,"0.0","0.0","0.0","0.0",4,2,0,4,1,"0.00","0.08","0.08","1.97",50,-179,16781,1568,1747,501
4,3,"2026-08-22T16:30:00Z",1,FALSE,90,0,0,0,3,0,0,0,0,0,0,0,13,"31.8","19.2","2.0","5.3",9,3,2,11,1,"0.00","0.06","0.06","3.87",45,0,350993,0,0,502
17,2,"2026-08-29T16:30:00Z",2,FALSE,67,0,0,0,1,0,0,0,0,0,0,0,7,"11.2","16.8","25.0","5.3",2,1,1,3,1,"0.06","0.02","0.08","0.48",45,-1127,379457,22171,23298,502
18,1,"2026-09-05T14:00:00Z",3,FALSE,29,0,0,0,0,0,0,0,0,0,0,0,3,"6.0","0.3","0.0","0.6",1,1,0,1,0,"0.00","0.00","0.00","0.43",45,-47646,328965,13705,61351,502
9,7,"2026-09-12T16:30:00Z",4,FALSE,90,0,0,1,0,0,0,0,0,0,0,1,30,"0.0","0.0","0.0","0.0",2,3,0,2,1,"0.07","0.09","0.16","1.11",44,-57673,278552,5647,63320,502
4,0,"2026-08-22T16:30:00Z",1,FALSE,0,0,0,0,0,0,0,0,0,0,0,0,0,"0.0","0.0","0.0","0.0",0,0,0,0,0,"0.00","0.00","0.00","0.00",50,0,522301,0,0,503
17,0,"2026-08-29T16:30:00Z",2,FALSE,90,0,0,0,2,0,0,0,1,0,0,0,5,"15.2","2.1","0.0","1.7",7,4,1,8,1,"0.00","0.02","0.02","0.72",50,-116329,422798,8374,124703,503
18,9,"2026-09-05T14:00:00Z",3,FALSE,90,0,0,1,0,0,0,0,0,0,0,3,30,"21.4","1.2","14.0","3.7",6,4,3,9,1,"0.57","0.00","0.57","0.92",50,-61459,380320,16557,78016,503
9,6,"2026-09-12T16:30:00Z",4,FALSE,90,0,0,1,0,0,0,0,0,0,0,0,27,"0.0","0.0","0.0","0.0",6,4,0,6,1,"0.00","0.02","0.02","1.11",50,10120,414668,33873,23753,503
2,6,"2026-08-23T13:00:00Z",1,FALSE,90,0,0,1,0,0,0,0,0,0,0,0,19,"12.4","4.5","12.0","2.9",4,2,0,4,1,"0.13","0.03","0.16","0.29",50,0,221596,0,0,504
6,0,"2026-08-30T13:00:00Z",2,FALSE,90,0,0,0,4,0,0,0,0,0,0,0,-2,"22.8","8.3","5.0","3.6",7,3,1,8,1,"0.03","0.02","0.05","2.93",50,8839,250629,21186,12347,504
13,12,"2026-09-05T14:00:00Z",3,FALSE,90,1,0,0,1,0,0,0,0,0,0,2,27,"56.2","1.8","40.0","9.8",8,4,2,10,1,"0.19","0.01","0.20","2.49",50,-9735,244648,22843,32578,504
7,0,"2026-09-13T13:00:00Z",4,FALSE,0,0,0,0,0,0,0,0,0,0,0,0,0,"0.0","0.0","0.0","0.0",0,0,0,0,0,"0.00","0.00","0.00","0.00",50,86436,369539,131383,44947,504
4,0,"2026-08-22T16:30:00Z",1,FALSE,0,0,0,0,0,0,0,0,0,0,0,0,0,"0.0","0.0","0.0","0.0",0,0,0,0,0,"0.00","0.00","0.00","0.00",45,0,93085,0,0,505
17,0,"2026-08-29T16:30:00Z",2,FALSE,0,0,0,0,0,0,0,0,0,0,0,0,0,"0.0","0.0","0.0","0.0",0,0,0,0,0,"0.00","0.00","0.00","0.00",45,-45782,46576,0,45782,505
18,0,"2026-09-05T14:00:00Z",3,FALSE,0,0,0,0,0,0,0,0,0,0,0,0,0,"0.0","0.0","0.0","0.0",0,0,0,0,0,"0.00","0.00","0.00","0.00",45,-14294,33138,0,14294,505
9,0,"2026-09-12T16:30:00Z",4,FALSE,0,0,0,0,0,0,0,0,0,0,0,0,0,"0.0","0.0","0.0","0.0",0,0,0,0,0,"0.00","0.00","0.00","0.00",45,-5357,28187,0,5357,505
4,1,"2026-08-22T16:30:00Z",1,FALSE,4,0,0,0,0,0,0,0,0,0,0,0,3,"0.0","0.7","0.0","0.0",0,2,0,0,0,"0.00","0.02","0.02","0.44",45,0,43741,0,0,506
17,1,"2026-08-29T16:30:00Z",2,FALSE,22,0,0,0,1,0,0,0,0,0,0,0,2,"5.2","11.5","2.0","1.9",0,1,1,1,0,"0.00","0.19","0.19","0.24",45,-3007,47523,1685,4692,506
18,5,"2026-09-05T14:00:00Z",3,FALSE,60,0,0,1,0,0,0,0,1,0,0,0,16,"4.6","1.3","2.0","0.8",3,1,0,3,1,"0.00","0.02","0.02","0.49",45,-5660,43060,1127,6787,506
9,0,"2026-09-12T16:30:00Z",4,FALSE,0,0,0,0,0,0,0,0,0,0,0,0,0,"0.0","0.0","0.0","0.0",0,0,0,0,0,"0.00","0.00","0.00","0.00",45,-2914,41192,1478,4392,506
4,0,"2026-08-22T16:30:00Z",1,FALSE,0,0,0,0,0,0,0,0,0,0,0,0,0,"0.0","0.0","0.0","0.0",0,0,0,0,0,"0.00","0.00","0.00","0.00",45,0,2583,0,0,507
17,0,"2026-08-29T16:30:00Z",2,FALSE,0,0,0,0,0,0,0,0,0,0,0,0,0,"0.0","0.0","0.0","0.0",0,0,0,0,0,"0.00","0.00","0.00","0.00",45,-658,1903,0,658,507
18,0,"2026-09-05T14:00:00Z",3,FALSE,0,0,0,0,0,0,0,0,0,0,0,0,0,"0.0","0.0","0.0","0.0",0,0,0,0,0,"0.00","0.00","0.00","0.00",45,-312,1605,0,312,507
9,0,"2026-09-12T16:30:00Z",4,FALSE,0,0,0,0,0,0,0,0,0,0,0,0,0,"0.0","0.0","0.0","0.0",0,0,0,0,0,"0.00","0.00","0.00","0.00",45,-139,1474,0,139,507
4,0,"2026-08-22T16:30:00Z",1,FALSE,0,0,0,0,0,0,0,0,0,0,0,0,0,"0.0","0.0","0.0","0.0",0,0,0,0,0,"0.00","0.00","0.00","0.00",40,0,99420,0,0,508
17,0,"2026-08-29T16:30:00Z",2,FALSE,0,0,0,0,0,0,0,0,0,0,0,0,0,"0.0","0.0","0.0","0.0",0,0,0,0,0,"0.00","0.00","0.00","0.00",40,-6106,102932,2877,8983,508
18,0,"2026-09-05T14:00:00Z",3,FALSE,0,0,0,0,0,0,0,0,0,0,0,0,0,"0.0","0.0","0.0","0.0",0,0,0,0,0,"0.00","0.00","0.00","0.00",40,-7462,98874,4305,11767,508
9,0,"2026-09-12T16:30:00Z",4,FALSE,0,0,0,0,0,0,0,0,0,0,0,0,0,"0.0","0.0","0.0","0.0",0,0,0,0,0,"0.00","0.00","0.00","0.00",40,-6385,93661,2570,8955,508
4,0,"2026-08-22T16:30:00Z",1,FALSE,0,0,0,0,0,0,0,0,0,0,0,0,0,"0.0","0.0","0.0","0.0",0,0,0,0,0,"0.00","0.00","0.00","0.00",40,0,4794,0,0,509
17,0,"2026-08-29T16:30:00Z",2,FALSE,0,0,0,0,0,0,0,0,0,0,0,0,0,"0.0","0.0","0.0","0.0",0,0,0,0,0,"0.00","0.00","0.00","0.00",40,-239,5341,319,558,509
18,0,"2026-09-05T14:00:00Z",3,FALSE,0,0,0,0,0,0,0,0,0,0,0,0,0,"0.0","0.0","0.0","0.0",0,0,0,0,0,"0.00","0.00","0.00","0.00",40,71,6404,719,648,509
9,0,"2026-09-12T16:30:00Z",4,FALSE,0,0,0,0,0,0,0,0,0,0,0,0,0,"0.0","0.0","0.0","0.0",0,0,0,0,0,"0.00","0.00","0.00","0.00",40,56,6533,621,565,509
4,0,"2026-08-22T16:30:00Z",1,FALSE,0,0,0,0,0,0,0,0,0,0,0,0,0,"0.0","0.0","0.0","0.0",0,0,0,0,0,"0.00","0.00","0.00","0.00",40,0,7021,0,0,510
17,0,"2026-08-29T16:30:00Z",2,FALSE,0,0,0,0,0,0,0,0,0,0,0,0,0,"0.0","0.0","0.0","0.0",0,0,0,0,0,"0.00","0.00","0.00","0.00",40,-360,7895,335,695,510
18,0,"2026-09-05T14:00:00Z",3,FALSE,0,0,0,0,0,0,0,0,0,0,0,0,0,"0.0","0.0","0.0","0.0",0,0,0,0,0,"0.00","0.00","0.00","0.00",40,-25,9320,898,923,510
9,0,"2026-09-12T16:30:00Z",4,FALSE,0,0,0,0,0,0,0,0,0,0,0,0,0,"0.0","0.0","0.0","0.0",0,0,0,0,0,"0.00","0.00","0.00","0.00",40,64,9696,824,760,510
4,0,"2026-08-22T16:30:00Z",1,FALSE,0,0,0,0,0,0,0,0,0,0,0,0,0,"0.0","0.0","0.0","0.0",0,0,0,0,0,"0.00","0.00","0.00","0.00",40,0,27254,0,0,511
17,0,"2026-08-29T16:30:00Z",2,FALSE,0,0,0,0,0,0,0,0,0,0,0,0,0,"0.0","0.0","0.0","0.0",0,0,0,0,0,"0.00","0.00","0.00","0.00",40,-1501,29162,1193,2694,511
18,0,"2026-09-05T14:00:00Z",3,FALSE,0,0,0,0,0,0,0,0,0,0,0,0,0,"0.0","0.0","0.0","0.0",0,0,0,0,0,"0.00","0.00","0.00","0.00",40,-4780,25220,1362,6142,511
9,0,"2026-09-12T16:30:00Z",4,FALSE,0,0,0,0,0,0,0,0,0,0,0,0,0,"0.0","0.0","0.0","0.0",0,0,0,0,0,"0.00","0.00","0.00","0.00",40,-4759,20460,0,4759,511
4,0,"2026-08-22T16:30:00Z",1,FALSE,0,0,0,0,0,0,0,0,0,0,0,0,0,"0.0","0.0","0.0","0.0",0,0,0,0,0,"0.00","0.00","0.00","0.00",65,0,8272,0,0,512
17,1,"2026-08-29T16:30:00Z",2,FALSE,22,0,0,0,1,0,0,0,0,0,0,0,4,"1.2","3.3","11.0","1.6",0,2,0,2,0,"0.04","0.01","0.05","0.24",65,-2137,6789,269,2406,512
18,1,"2026-09-05T14:00:00Z",3,FALSE,29,0,0,0,0,0,0,0,0,0,0,0,13,"5.2","15.1","2.0","2.2",0,3,0,3,0,"0.00","0.16","0.16","0.43",65,2526,12485,4599,2073,512
9,1,"2026-09-12T16:30:00Z",4,FALSE,27,0,0,0,0,0,0,0,0,0,0,0,8,"0.0","0.0","0.0","0.0",0,1,1,2,0,"0.00","0.05","0.05","0.44",65,545,14250,3198,2653,512
4,0,"2026-08-22T16:30:00Z",1,FALSE,0,0,0,0,0,0,0,0,0,0,0,0,0,"0.0","0.0","0.0","0.0",0,0,0,0,0,"0.00","0.00","0.00","0.00",60,0,1345,0,0,513
17,0,"2026-08-29T16:30:00Z",2,FALSE,0,0,0,0,0,0,0,0,0,0,0,0,0,"0.0","0.0","0.0","0.0",0,0,0,0,0,"0.00","0.00","0.00","0.00",60,-279,1453,77,356,513
18,0,"2026-09-05T14:00:00Z",3,FALSE,0,0,0,0,0,0,0,0,0,0,0,0,0,"0.0","0.0","0.0","0.0",0,0,0,0,0,"0.00","0.00","0.00","0.00",60,-291,1296,78,369,513
9,0,"2026-09-12T16:30:00Z",4,FALSE,0,0,0,0,0,0,0,0,0,0,0,0,0,"0.0","0.0","0.0","0.0",0,0,0,0,0,"0.00","0.00","0.00","0.00",59,-108,1311,86,194,513
4,2,"2026-08-22T16:30:00Z",1,FALSE,90,0,0,0,3,0,0,0,0,0,0,0,17,"10.4","26.0","9.0","4.5",1,7,0,8,1,"0.06","0.06","0.12","3.87",60,0,50995,0,0,514
17,2,"2026-08-29T16:30:00Z",2,FALSE,67,0,0,0,1,0,0,0,0,0,0,0,10,"3.8","3.3","34.0","4.1",0,2,1,3,1,"0.14","0.03","0.17","0.48",60,-6287,48495,4174,10461,514
18,3,"2026-09-05T14:00:00Z",3,FALSE,73,0,0,1,0,0,0,0,0,0,0,0,11,"6.8","20.2","20.0","4.7",0,2,0,2,1,"0.00","0.05","0.05","0.76",59,-17708,30912,2049,19757,514
9,1,"2026-09-12T16:30:00Z",4,FALSE,27,0,0,0,0,0,0,0,0,0,0,0,3,"0.0","0.0","0.0","0.0",0,0,0,0,0,"0.01","0.09","0.10","0.44",58,-6570,26160,1812,8382,514
4,1,"2026-08-22T16:30:00Z",1,FALSE,22,0,0,0,0,0,0,0,0,0,0,0,6,"4.4","8.3","8.0","2.1",1,1,0,2,0,"0.00","0.01","0.01","0.85",65,0,119410,0,0,515
17,0,"2026-08-29T16:30:00Z",2,FALSE,0,0,0,0,0,0,0,0,0,0,0,0,0,"0.0","0.0","0.0","0.0",0,0,0,0,0,"0.00","0.00","0.00","0.00",65,-34300,96409,2686,36986,515
18,0,"2026-09-05T14:00:00Z",3,FALSE,0,0,0,0,0,0,0,0,0,0,0,0,0,"0.0","0.0","0.0","0.0",0,0,0,0,0,"0.00","0.00","0.00","0.00",64,-38883,57231,175,39058,515
9,1,"2026-09-12T16:30:00Z",4,FALSE,13,0,0,0,0,0,0,0,0,0,0,0,3,"0.0","0.0","0.0","0.0",2,1,0,3,0,"0.00","0.01","0.01","0.03",63,-13096,45874,447,13543,515
4,1,"2026-08-22T16:30:00Z",1,FALSE,45,0,0,0,1,0,0,0,0,0,0,0,8,"2.0","14.7","0.0","1.7",0,2,3,5,0,"0.00","0.01","0.01","2.18",55,0,17403,0,0,516
17,2,"2026-08-29T16:30:00Z",2,FALSE,90,0,0,0,2,0,0,0,0,0,0,0,17,"15.4","7.1","0.0","2.3",3,6,2,11,1,"0.00","0.02","0.02","0.72",55,-1429,18887,602,2031,516
18,5,"2026-09-05T14:00:00Z",3,FALSE,90,0,0,1,0,0,0,0,0,0,0,0,14,"18.4","3.3","6.0","2.8",11,5,1,17,1,"0.02","0.01","0.03","0.92",55,-1789,17786,831,2620,516
9,3,"2026-09-12T16:30:00Z",4,FALSE,62,0,0,1,0,0,0,0,0,0,0,0,15,"0.0","0.0","0.0","0.0",5,2,3,10,1,"0.00","0.04","0.04","0.67",55,-172,18318,1225,1397,516
4,0,"2026-08-22T16:30:00Z",1,FALSE,0,0,0,0,0,0,0,0,0,0,0,0,0,"0.0","0.0","0.0","0.0",0,0,0,0,0,"0.00","0.00","0.00","0.00",55,0,100,0,0,517
17,0,"2026-08-29T16:30:00Z",2,FALSE,0,0,0,0,0,0,0,0,0,0,0,0,0,"0.0","0.0","0.0","0.0",0,0,0,0,0,"0.00","0.00","0.00","0.00",55,-3,121,16,19,517
18,0,"2026-09-05T14:00:00Z",3,FALSE,0,0,0,0,0,0,0,0,0,0,0,0,0,"0.0","0.0","0.0","0.0",0,0,0,0,0,"0.00","0.00","0.00","0.00",55,-11,117,27,38,517
9,0,"2026-09-12T16:30:00Z",4,FALSE,0,0,0,0,0,0,0,0,0,0,0,0,0,"0.0","0.0","0.0","0.0",0,0,0,0,0,"0.00","0.00","0.00","0.00",55,18,143,36,18,517
4,0,"2026-08-22T16:30:00Z",1,FALSE,0,0,0,0,0,0,0,0,0,0,0,0,0,"0.0","0.0","0.0","0.0",0,0,0,0,0,"0.00","0.00","0.00","0.00",50,0,25576,0,0,518
17,0,"2026-08-29T16:30:00Z",2,FALSE,0,0,0,0,0,0,0,0,0,0,0,0,0,"0.0","0.0","0.0","0.0",0,0,0,0,0,"0.00","0.00","0.00","0.00",49,-10351,15118,113,10464,518
18,0,"2026-09-05T14:00:00Z",3,FALSE,0,0,0,0,0,0,0,0,0,0,0,0,0,"0.0","0.0","0.0","0.0",0,0,0,0,0,"0.00","0.00","0.00","0.00",49,-1782,14992,4025,5807,518
9,0,"2026-09-12T16:30:00Z",4,FALSE,0,0,0,0,0,0,0,0,0,0,0,0,0,"0.0","0.0","0.0","0.0",0,0,0,0,0,"0.00","0.00","0.00","0.00",49,-4648,10250,0,4648,518
4,0,"2026-08-22T16:30:00Z",1,FALSE,45,0,0,0,2,0,0,0,1,0,0,0,1,"0.0","5.5","1.0","0.5",0,2,1,3,1,"0.02","0.06","0.08","1.70",55,0,26860,0,0,519
17,0,"2026-08-29T16:30:00Z",2,FALSE,0,0,0,0,0,0,0,0,0,0,0,0,0,"0.0","0.0","0.0","0.0",0,0,0,0,0,"0.00","0.00","0.00","0.00",55,-3439,27438,1208,4647,519
18,3,"2026-09-05T14:00:00Z",3,FALSE,83,0,0,1,0,0,0,0,0,0,0,0,23,"10.2","4.4","2.0","1.7",1,6,4,11,1,"0.00","0.06","0.06","0.88",54,-5563,22380,1024,6587,519
9,0,"2026-09-12T16:30:00Z",4,FALSE,0,0,0,0,0,0,0,0,0,0,0,0,0,"0.0","0.0","0.0","0.0",0,0,0,0,0,"0.00","0.00","0.00","0.00",54,-1744,21226,812,2556,519
4,1,"2026-08-22T16:30:00Z",1,FALSE,45,0,0,0,2,0,0,0,0,0,0,0,2,"0.0","2.0","2.0","0.0",0,7,1,8,1,"0.00","0.01","0.01","1.70",55,0,18443,0,0,520
17,0,"2026-08-29T16:30:00Z",2,FALSE,0,0,0,0,0,0,0,0,0,0,0,0,0,"0.0","0.0","0.0","0.0",0,0,0,0,0,"0.00","0.00","0.00","0.00",55,-1564,20234,635,2199,520
18,0,"2026-09-05T14:00:00Z",3,FALSE,0,0,0,0,0,0,0,0,0,0,0,0,0,"0.0","0.0","0.0","0.0",0,0,0,0,0,"0.00","0.00","0.00","0.00",54,-3012,17646,482,3494,520
9,1,"2026-09-12T16:30:00Z",4,FALSE,27,0,0,0,0,0,0,0,0,0,0,0,8,"0.0","0.0","0.0","0.0",1,2,1,4,0,"0.06","0.25","0.31","0.44",54,-1664,16379,319,1983,520
4,0,"2026-08-22T16:30:00Z",1,FALSE,0,0,0,0,0,0,0,0,0,0,0,0,0,"0.0","0.0","0.0","0.0",0,0,0,0,0,"0.00","0.00","0.00","0.00",65,0,949,0,0,521
17,0,"2026-08-29T16:30:00Z",2,FALSE,0,0,0,0,0,0,0,0,0,0,0,0,0,"0.0","0.0","0.0","0.0",0,0,0,0,0,"0.00","0.00","0.00","0.00",65,-166,939,75,241,521
18,0,"2026-09-05T14:00:00Z",3,FALSE,0,0,0,0,0,0,0,0,0,0,0,0,0,"0.0","0.0","0.0","0.0",0,0,0,0,0,"0.00","0.00","0.00","0.00",65,-90,912,87,177,521
9,0,"2026-09-12T16:30:00Z",4,FALSE,0,0,0,0,0,0,0,0,0,0,0,0,0,"0.0","0.0","0.0","0.0",0,0,0,0,0,"0.00","0.00","0.00","0.00",65,-73,894,81,154,521
4,2,"2026-08-22T16:30:00Z",1,FALSE,85,0,0,0,3,0,0,0,0,0,0,0,15,"6.2","3.3","0.0","1.0",2,2,1,5,1,"0.00","0.01","0.01","3.43",50,0,19767,0,0,522
17,2,"2026-08-29T16:30:00Z",2,FALSE,67,0,0,0,1,0,0,0,0,0,0,0,9,"1.8","1.5","0.0","0.3",3,3,0,6,1,"0.00","0.00","0.00","0.48",50,-833,22329,1711,2544,522
18,0,"2026-09-05T14:00:00Z",3,FALSE,0,0,0,0,0,0,0,0,0,0,0,0,0,"0.0","0.0","0.0","0.0",0,0,0,0,0,"0.00","0.00","0.00","0.00",50,-1885,21616,2161,4046,522
9,3,"2026-09-12T16:30:00Z",4,FALSE,84,0,0,1,0,0,0,0,0,0,0,0,13,"0.0","0.0","0.0","0.0",4,5,2,11,1,"0.09","0.03","0.12","1.08",50,-2439,19703,876,3315,522
4,2,"2026-08-22T16:30:00Z",1,FALSE,67,0,0,0,3,0,0,0,0,0,0,0,10,"14.2","5.9","55.0","7.5",0,1,1,2,1,"0.38","0.02","0.40","3.02",50,0,17505,0,0,523
17,1,"2026-08-29T16:30:00Z",2,FALSE,22,0,0,0,1,0,0,0,0,0,0,0,1,"0.0","0.4","1.0","0.0",0,1,0,1,0,"0.02","0.00","0.02","0.24",50,-107,19021,2419,2526,523
18,0,"2026-09-05T14:00:00Z",3,FALSE,0,0,0,0,0,0,0,0,0,0,0,0,0,"0.0","0.0","0.0","0.0",0,0,0,0,0,"0.00","0.00","0.00","0.00",50,-5650,13268,839,6489,523
9,0,"2026-09-12T16:30:00Z",4,FALSE,0,0,0,0,0,0,0,0,0,0,0,0,0,"0.0","0.0","0.0","0.0",0,0,0,0,0,"0.00","0.00","0.00","0.00",50,-5490,8137,0,5490,523
4,0,"2026-08-22T16:30:00Z",1,FALSE,0,0,0,0,0,0,0,0,0,0,0,0,0,"0.0","0.0","0.0","0.0",0,0,0,0,0,"0.00","0.00","0.00","0.00",45,0,79913,0,0,524
17,0,"2026-08-29T16:30:00Z",2,FALSE,0,0,0,0,0,0,0,0,0,0,0,0,0,"0.0","0.0","0.0","0.0",0,0,0,0,0,"0.00","0.00","0.00","0.00",45,-7298,79923,2014,9312,524
18,0,"2026-09-05T14:00:00Z",3,FALSE,0,0,0,0,0,0,0,0,0,0,0,0,0,"0.0","0.0","0.0","0.0",0,0,0,0,0,"0.00","0.00","0.00","0.00",45,-7853,72776,1613,9466,524
9,0,"2026-09-12T16:30:00Z",4,FALSE,0,0,0,0,0,0,0,0,0,0,0,0,0,"0.0","0.0","0.0","0.0",0,0,0,0,0,"0.00","0.00","0.00","0.00",44,5676,93913,13763,8087,524
4,1,"2026-08-22T16:30:00Z",1,FALSE,45,0,0,0,1,0,0,0,0,0,0,0,16,"7.2","27.2","2.0","3.6",0,1,1,2,0,"0.00","0.06","0.06","2.18",60,0,178624,0,0,525
17,2,"2026-08-29T16:30:00Z",2,FALSE,90,0,0,0,2,0,0,0,0,0,0,0,18,"14.0","46.3","1.0","6.1",0,5,3,8,1,"0.01","0.17","0.18","0.72",60,-26800,160253,4529,31329,525
18,0,"2026-09-05T14:00:00Z",3,FALSE,7,0,0,0,0,0,0,0,1,0,0,0,-1,"0.0","0.4","0.0","0.0",0,0,0,0,0,"0.00","0.00","0.00","0.04",59,-38063,123903,4942,43005,525
9,3,"2026-09-12T16:30:00Z",4,FALSE,62,0,0,1,0,0,0,0,0,0,0,0,15,"0.0","0.0","0.0","0.0",0,2,2,4,1,"0.11","0.03","0.14","0.67",58,-27969,98672,1839,29808,525
4,1,"2026-08-22T16:30:00Z",1,FALSE,22,0,0,0,0,0,0,0,0,0,0,0,3,"0.0","0.0","5.0","0.5",0,0,0,0,0,"0.07","0.00","0.07","0.85",60,0,126667,0,0,526
17,1,"2026-08-29T16:30:00Z",2,FALSE,15,0,0,0,0,0,0,0,0,0,0,0,6,"3.2","0.3","6.0","1.0",0,0,0,0,0,"0.20","0.00","0.20","0.00",60,-12606,131276,8212,20818,526
18,1,"2026-09-05T14:00:00Z",3,FALSE,6,0,0,0,0,0,0,0,0,0,0,0,-1,"0.0","0.3","4.0","0.4",1,0,0,1,0,"0.17","0.00","0.17","0.04",59,-27806,106592,7532,35338,526
9,2,"2026-09-12T16:30:00Z",4,FALSE,62,0,0,1,0,0,0,0,0,0,0,0,4,"0.0","0.0","0.0","0.0",0,2,0,2,1,"0.00","0.01","0.01","0.67",59,-14059,96682,5756,19815,526
4,2,"2026-08-22T16:30:00Z",1,FALSE,67,0,0,0,3,0,0,0,0,0,0,0,6,"0.0","2.2","0.0","0.2",1,0,0,1,1,"0.00","0.00","0.00","3.02",60,0,283639,0,0,527
17,0,"2026-08-29T16:30:00Z",2,FALSE,0,0,0,0,0,0,0,0,0,0,0,0,0,"0.0","0.0","0.0","0.0",0,0,0,0,0,"0.00","0.00","0.00","0.00",60,-31748,275481,14723,46471,527
18,0,"2026-09-05T14:00:00Z",3,FALSE,0,0,0,0,0,0,0,0,0,0,0,0,0,"0.0","0.0","0.0","0.0",0,0,0,0,0,"0.00","0.00","0.00","0.00",59,-117513,153916,6716,124229,527
9,0,"2026-09-12T16:30:00Z",4,FALSE,0,0,0,0,0,0,0,0,0,0,0,0,0,"0.0","0.0","0.0","0.0",0,0,0,0,0,"0.00","0.00","0.00","0.00",59,-69368,94527,0,69368,527
4,0,"2026-08-22T16:30:00Z",1,FALSE,0,0,0,0,0,0,0,0,0,0,0,0,0,"0.0","0.0","0.0","0.0",0,0,0,0,0,"0.00","0.00","0.00","0.00",45,0,149807,0,0,528
17,0,"2026-08-29T16:30:00Z",2,FALSE,0,0,0,0,0,0,0,0,0,0,0,0,0,"0.0","0.0","0.0","0.0",0,0,0,0,0,"0.00","0.00","0.00","0.00",45,-3996,172295,13184,17180,528
18,0,"2026-09-05T14:00:00Z",3,FALSE,0,0,0,0,0,0,0,0,0,0,0,0,0,"0.0","0.0","0.0","0.0",0,0,0,0,0,"0.00","0.00","0.00","0.00",45,-5408,178567,29341,34749,528
9,0,"2026-09-12T16:30:00Z",4,FALSE,0,0,0,0,0,0,0,0,0,0,0,0,0,"0.0","0.0","0.0","0.0",0,0,0,0,0,"0.00","0.00","0.00","0.00",45,-31099,142066,0,31099,528
12,1,"2026-08-22T14:00:00Z",1,FALSE,90,0,0,0,2,0,0,0,0,0,1,0,7,"15.2","0.0","0.0","1.5",1,8,0,0,1,"0.00","0.00","0.00","1.80",50,0,397315,0,0,529
10,6,"2026-08-30T13:00:00Z",2,FALSE,90,0,0,1,0,0,0,0,0,0,0,0,22,"4.0","0.0","0.0","0.4",2,7,0,0,1,"0.00","0.00","0.00","0.95",50,-25568,389022,4766,30334,529
4,2,"2026-09-05T14:00:00Z",3,FALSE,90,0,0,0,1,0,0,0,0,0,1,0,11,"12.6","0.0","0.0","1.3",1,13,0,0,1,"0.00","0.00","0.00","1.21",50,-38987,342137,10237,49224,529
1,2,"2026-09-12T19:00:00Z",4,FALSE,90,0,0,0,2,0,0,0,0,0,3,0,9,"0.0","0.0","0.0","0.0",1,4,0,0,1,"0.00","0.00","0.00","1.97",50,-47961,301456,2287,50248,529
12,0,"2026-08-22T14:00:00Z",1,FALSE,0,0,0,0,0,0,0,0,0,0,0,0,0,"0.0","0.0","0.0","0.0",0,0,0,0,0,"0.00","0.00","0.00","0.00",40,0,18557,0,0,530
10,0,"2026-08-30T13:00:00Z",2,FALSE,0,0,0,0,0,0,0,0,0,0,0,0,0,"0.0","0.0","0.0","0.0",0,0,0,0,0,"0.00","0.00","0.00","0.00",40,-2307,16075,0,2307,530
4,0,"2026-09-05T14:00:00Z",3,FALSE,0,0,0,0,0,0,0,0,0,0,0,0,0,"0.0","0.0","0.0","0.0",0,0,0,0,0,"0.00","0.00","0.00","0.00",40,-1616,14484,0,1616,530
1,0,"2026-09-12T19:00:00Z",4,FALSE,0,0,0,0,0,0,0,0,0,0,0,0,0,"0.0","0.0","0.0","0.0",0,0,0,0,0,"0.00","0.00","0.00","0.00",40,-986,13568,0,986,530
12,0,"2026-08-22T14:00:00Z",1,FALSE,0,0,0,0,0,0,0,0,0,0,0,0,0,"0.0","0.0","0.0","0.0",0,0,0,0,0,"0.00","0.00","0.00","0.00",45,0,8630,0,0,531
10,0,"2026-08-30T13:00:00Z",2,FALSE,0,0,0,0,0,0,0,0,0,0,0,0,0,"0.0","0.0","0.0","0.0",0,0,0,0,0,"0.00","0.00","0.00","0.00",45,-645,8877,209,854,531
4,0,"2026-09-05T14:00:00Z",3,FALSE,0,0,0,0,0,0,0,0,0,0,0,0,0,"0.0","0.0","0.0","0.0",0,0,0,0,0,"0.00","0.00","0.00","0.00",45,-546,8803,405,951,531
1,0,"2026-09-12T19:00:00Z",4,FALSE,0,0,0,0,0,0,0,0,0,0,0,0,0,"0.0","0.0","0.0","0.0",0,0,0,0,0,"0.00","0.00","0.00","0.00",45,-491,8559,235,726,531
12,0,"2026-08-22T14:00:00Z",1,FALSE,90,0,0,0,2,0,0,0,1,0,0,0,4,"18.2","1.2","0.0","1.9",7,0,2,9,1,"0.00","0.01","0.01","1.80",50,0,518741,0,0,532
10,8,"2026-08-30T13:00:00Z",2,FALSE,90,0,0,1,0,0,0,0,0,0,0,0,27,"23.6","1.2","7.0","3.2",9,1,1,10,1,"0.03","0.00","0.03","0.95",50,-36906,495946,12798,49704,532
4,4,"2026-09-05T14:00:00Z",3,FALSE,90,0,0,0,1,0,0,0,0,0,0,0,12,"25.0","10.3","8.0","4.3",8,5,2,10,1,"0.06","0.14","0.20","1.21",50,-79167,398900,15628,94795,532
1,0,"2026-09-12T19:00:00Z",4,FALSE,90,0,0,0,2,0,0,0,1,0,0,0,-1,"0.0","0.0","0.0","0.0",5,2,1,6,1,"0.01","0.01","0.02","1.97",49,-96106,317274,7170,103276,532
12,0,"2026-08-22T14:00:00Z",1,FALSE,0,0,0,0,0,0,0,0,0,0,0,0,0,"0.0","0.0","0.0","0.0",0,0,0,0,0,"0.00","0.00","0.00","0.00",55,0,257772,0,0,533
10,9,"2026-08-30T13:00:00Z",2,FALSE,90,0,0,1,0,0,0,0,0,0,0,1,28,"42.6","8.0","2.0","5.3",17,4,2,19,1,"0.00","0.01","0.01","0.95",55,-32999,244003,5588,38587,533
4,4,"2026-09-05T14:00:00Z",3,FALSE,90,0,0,0,1,0,0,0,0,0,0,0,16,"32.4","5.0","0.0","3.7",10,6,4,14,1,"0.00","0.02","0.02","1.21",55,-3387,247977,21418,24805,533
1,0,"2026-09-12T19:00:00Z",4,FALSE,90,0,0,0,2,0,0,0,1,0,0,0,-6,"0.0","0.0","0.0","0.0",3,3,3,6,1,"0.60","0.03","0.63","1.97",55,-21852,227847,6912,28764,533
12,2,"2026-08-22T14:00:00Z",1,FALSE,79,0,0,0,1,0,0,0,0,0,0,0,14,"9.4","39.4","13.0","6.2",1,6,3,4,1,"0.04","0.27","0.31","1.69",45,0,641436,0,0,534
10,6,"2026-08-30T13:00:00Z",2,FALSE,90,0,0,1,0,0,0,0,0,0,0,0,24,"18.6","19.1","2.0","4.0",2,4,4,6,1,"0.00","0.01","0.01","0.95",45,-23752,631620,13619,37371,534
4,1,"2026-09-05T14:00:00Z",3,FALSE,26,0,0,0,0,0,0,0,0,0,0,0,8,"3.8","0.1","0.0","0.4",0,2,2,2,0,"0.00","0.00","0.00","0.45",45,-68992,528010,17561,86553,534
1,0,"2026-09-12T19:00:00Z",4,FALSE,0,0,0,0,0,0,0,0,0,0,0,0,0,"0.0","0.0","0.0","0.0",0,0,0,0,0,"0.00","0.00","0.00","0.00",44,-149674,392084,3636,153310,534
12,1,"2026-08-22T14:00:00Z",1,FALSE,23,0,0,0,1,0,0,0,0,0,0,0,2,"0.0","0.6","0.0","0.0",0,2,0,0,0,"0.00","0.01","0.01","0.10",50,0,41929,0,0,535
10,0,"2026-08-30T13:00:00Z",2,FALSE,0,0,0,0,0,0,0,0,0,0,0,0,0,"0.0","0.0","0.0","0.0",0,0,0,0,0,"0.00","0.00","0.00","0.00",50,-2667,43620,2597,5264,535
4,0,"2026-09-05T14:00:00Z",3,FALSE,0,0,0,0,0,0,0,0,0,0,0,0,0,"0.0","0.0","0.0","0.0",0,0,0,0,0,"0.00","0.00","0.00","0.00",50,-8564,35107,1476,10040,535
1,0,"2026-09-12T19:00:00Z",4,FALSE,0,0,0,0,0,0,0,0,0,0,0,0,0,"0.0","0.0","0.0","0.0",0,0,0,0,0,"0.00","0.00","0.00","0.00",49,-6355,29356,401,6756,535
12,1,"2026-08-22T14:00:00Z",1,FALSE,90,0,0,0,2,0,0,0,0,0,0,0,9,"23.0","27.5","4.0","5.5",5,5,3,8,1,"0.00","0.29","0.29","1.80",45,0,43515,0,0,536
10,6,"2026-08-30T13:00:00Z",2,FALSE,90,0,0,1,0,0,0,0,0,0,0,0,26,"16.4","6.0","2.0","2.4",6,3,1,7,1,"0.00","0.01","0.01","0.95",45,-2603,44204,975,3578,536
4,2,"2026-09-05T14:00:00Z",3,FALSE,90,0,0,0,1,0,0,0,0,0,0,0,14,"14.4","1.5","0.0","1.6",4,7,3,7,1,"0.00","0.01","0.01","1.21",45,-2351,41923,1972,4323,536
1,-2,"2026-09-12T19:00:00Z",4,FALSE,90,0,0,0,2,0,0,0,0,1,0,0,-13,"0.0","0.0","0.0","0.0",6,2,1,7,1,"0.00","0.01","0.01","1.18",45,-4352,37836,780,5132,536
12,0,"2026-08-22T14:00:00Z",1,FALSE,0,0,0,0,0,0,0,0,0,0,0,0,0,"0.0","0.0","0.0","0.0",0,0,0,0,0,"0.00","0.00","0.00","0.00",45,0,941,0,0,537
10,0,"2026-08-30T13:00:00Z",2,FALSE,0,0,0,0,0,0,0,0,0,0,0,0,0,"0.0","0.0","0.0","0.0",0,0,0,0,0,"0.00","0.00","0.00","0.00",45,-69,1055,58,127,537
4,0,"2026-09-05T14:00:00Z",3,FALSE,0,0,0,0,0,0,0,0,0,0,0,0,0,"0.0","0.0","0.0","0.0",0,0,0,0,0,"0.00","0.00","0.00","0.00",45,-357,701,3,360,537
1,0,"2026-09-12T19:00:00Z",4,FALSE,0,0,0,0,0,0,0,0,0,0,0,0,0,"0.0","0.0","0.0","0.0",0,0,0,0,0,"0.00","0.00","0.00","0.00",45,-100,612,0,100,537
12,0,"2026-08-22T14:00:00Z",1,FALSE,0,0,0,0,0,0,0,0,0,0,0,0,0,"0.0","0.0","0.0","0.0",0,0,0,0,0,"0.00","0.00","0.00","0.00",40,0,6220,0,0,538
10,0,"2026-08-30T13:00:00Z",2,FALSE,0,0,0,0,0,0,0,0,0,0,0,0,0,"0.0","0.0","0.0","0.0",0,0,0,0,0,"0.00","0.00","0.00","0.00",40,-990,5174,0,990,538
4,0,"2026-09-05T14:00:00Z",3,FALSE,0,0,0,0,0,0,0,0,0,0,0,0,0,"0.0","0.0","0.0","0.0",0,0,0,0,0,"0.00","0.00","0.00","0.00",40,-680,4484,0,680,538
1,0,"2026-09-12T19:00:00Z",4,FALSE,0,0,0,0,0,0,0,0,0,0,0,0,0,"0.0","0.0","0.0","0.0",0,0,0,0,0,"0.00","0.00","0.00","0.00",40,-403,4107,0,403,538
12,1,"2026-08-22T14:00:00Z",1,FALSE,66,0,0,0,1,0,0,0,1,0,0,0,1,"11.4","1.4","4.0","1.7",4,4,1,5,1,"0.01","0.01","0.02","1.69",40,0,332959,0,0,539
10,0,"2026-08-30T13:00:00Z",2,FALSE,0,0,0,0,0,0,0,0,0,0,0,0,0,"0.0","0.0","0.0","0.0",0,0,0,0,0,"0.00","0.00","0.00","0.00",40,-12937,338160,4602,17539,539
4,0,"2026-09-05T14:00:00Z",3,FALSE,0,0,0,0,0,0,0,0,0,0,0,0,0,"0.0","0.0","0.0","0.0",0,0,0,0,0,"0.00","0.00","0.00","0.00",40,-27829,310001,5301,33130,539
1,0,"2026-09-12T19:00:00Z",4,FALSE,0,0,0,0,0,0,0,0,0,0,0,0,0,"0.0","0.0","0.0","0.0",0,0,0,0,0,"0.00","0.00","0.00","0.00",40,-31354,279659,2683,34037,539
12,0,"2026-08-22T14:00:00Z",1,FALSE,0,0,0,0,0,0,0,0,0,0,0,0,0,"0.0","0.0","0.0","0.0",0,0,0,0,0,"0.00","0.00","0.00","0.00",40,0,25578,0,0,540
10,0,"2026-08-30T13:00:00Z",2,FALSE,0,0,0,0,0,0,0,0,0,0,0,0,0,"0.0","0.0","0.0","0.0",0,0,0,0,0,"0.00","0.00","0.00","0.00",40,-4868,20421,0,4868,540
4,0,"2026-09-05T14:00:00Z",3,FALSE,0,0,0,0,0,0,0,0,0,0,0,0,0,"0.0","0.0","0.0","0.0",0,0,0,0,0,"0.00","0.00","0.00","0.00",40,-3070,17428,0,3070,540
1,0,"2026-09-12T19:00:00Z",4,FALSE,0,0,0,0,0,0,0,0,0,0,0,0,0,"0.0","0.0","0.0","0.0",0,0,0,0,0,"0.00","0.00","0.00","0.00",40,-1719,15823,0,1719,540
12,1,"2026-08-22T14:00:00Z",1,FALSE,90,0,0,0,2,0,0,0,0,0,0,0,5,"13.8","5.3","11.0","3.0",2,3,2,4,1,"0.08","0.08","0.16","1.80",45,0,26928,0,0,541
10,6,"2026-08-30T13:00:00Z",2,FALSE,90,0,0,1,0,0,0,0,0,0,0,0,27,"22.6","20.0","9.0","5.2",8,5,0,8,1,"0.02","0.05","0.07","0.95",45,-708,29834,1010,1718,541
4,2,"2026-09-05T14:00:00Z",3,FALSE,63,0,0,0,1,0,0,0,0,0,0,0,0,"5.2","1.5","6.0","1.3",2,0,0,2,1,"0.11","0.00","0.11","0.76",45,301,30963,2639,2338,541
1,2,"2026-09-12T19:00:00Z",4,FALSE,75,0,0,0,1,0,0,0,0,0,0,0,5,"0.0","0.0","0.0","0.0",2,4,0,2,1,"0.17","0.00","0.17","1.18",45,-1785,29243,781,2566,541
12,2,"2026-08-22T14:00:00Z",1,FALSE,79,0,0,0,1,0,0,0,0,0,0,0,13,"4.6","9.9","0.0","1.5",0,1,1,2,1,"0.00","0.03","0.03","1.69",60,0,942702,0,0,542
10,3,"2026-08-30T13:00:00Z",2,FALSE,89,0,0,1,0,0,0,0,0,0,0,0,13,"3.4","21.2","30.0","5.5",1,4,1,6,1,"0.37","0.17","0.54","0.86",60,-103724,853085,11386,115110,542
4,8,"2026-09-05T14:00:00Z",3,FALSE,90,1,0,0,1,0,0,0,0,0,0,1,25,"40.0","3.7","24.0","6.8",0,2,4,6,1,"0.84","0.03","0.87","1.21",59,-256530,564317,7320,263850,542
1,0,"2026-09-12T19:00:00Z",4,FALSE,90,0,0,0,2,0,0,1,0,0,0,0,5,"0.0","0.0","0.0","0.0",0,4,0,4,1,"0.83","0.44","1.27","1.97",58,-137433,448859,9125,146558,542
12,1,"2026-08-22T14:00:00Z",1,FALSE,10,0,0,0,1,0,0,0,0,0,0,0,3,"0.4","0.6","2.0","0.3",0,0,0,0,0,"0.03","0.00","0.03","0.10",55,0,6286,0,0,543
10,4,"2026-08-30T13:00:00Z",2,FALSE,18,0,1,0,0,0,0,0,0,0,0,0,15,"15.2","10.3","0.0","2.6",0,0,0,0,0,"0.00","0.16","0.16","0.02",55,-842,6801,335,1177,543
4,0,"2026-09-05T14:00:00Z",3,FALSE,0,0,0,0,0,0,0,0,0,0,0,0,0,"0.0","0.0","0.0","0.0",0,0,0,0,0,"0.00","0.00","0.00","0.00",55,-2142,4664,164,2306,543
1,0,"2026-09-12T19:00:00Z",4,FALSE,0,0,0,0,0,0,0,0,0,0,0,0,0,"0.0","0.0","0.0","0.0",0,0,0,0,0,"0.00","0.00","0.00","0.00",54,-1501,3263,27,1528,543
12,9,"2026-08-22T14:00:00Z",1,FALSE,90,0,1,0,2,0,0,0,0,0,0,2,31,"18.8","31.4","0.0","5.0",2,8,3,13,1,"0.00","0.09","0.09","1.80",55,0,392611,0,0,544
10,6,"2026-08-30T13:00:00Z",2,FALSE,90,0,0,1,0,0,0,0,0,0,0,3,29,"20.4","57.9","0.0","7.8",1,6,0,7,1,"0.00","0.36","0.36","0.95",55,24566,464299,42781,18215,544
4,3,"2026-09-05T14:00:00Z",3,FALSE,90,0,0,0,1,0,0,0,1,0,0,0,12,"15.2","20.5","3.0","3.9",4,9,2,15,1,"0.06","0.12","0.18","1.21",55,-1951,475519,45125,47076,544
1,3,"2026-09-12T19:00:00Z",4,FALSE,90,0,0,0,2,0,0,0,1,0,0,0,20,"0.0","0.0","0.0","0.0",2,9,1,12,1,"0.00","0.32","0.32","1.97",55,-37779,442948,23504,61283,544
12,2,"2026-08-22T14:00:00Z",1,FALSE,90,0,0,0,2,0,0,0,0,0,0,0,18,"14.6","32.1","25.0","7.2",0,2,0,2,1,"0.06","0.03","0.09","1.80",50,0,32634,0,0,545
10,3,"2026-08-30T13:00:00Z",2,FALSE,90,0,0,1,0,0,0,0,0,0,0,0,21,"18.4","7.8","6.0","3.2",6,2,3,11,1,"0.02","0.02","0.04","0.95",50,-2332,32341,1165,3497,545
4,1,"2026-09-05T14:00:00Z",3,FALSE,73,0,0,0,1,0,0,0,1,0,0,0,16,"8.8","15.0","48.0","7.2",0,3,0,3,1,"0.28","0.18","0.46","0.82",50,-3063,29609,1887,4950,545
1,2,"2026-09-12T19:00:00Z",4,FALSE,90,0,0,0,2,0,0,0,0,0,0,0,11,"0.0","0.0","0.0","0.0",4,3,3,10,1,"0.02","0.00","0.02","1.97",49,-3819,26156,1090,4909,545
12,0,"2026-08-22T14:00:00Z",1,FALSE,0,0,0,0,0,0,0,0,0,0,0,0,0,"0.0","0.0","0.0","0.0",0,0,0,0,0,"0.00","0.00","0.00","0.00",50,0,9551,0,0,546
10,0,"2026-08-30T13:00:00Z",2,FALSE,0,0,0,0,0,0,0,0,0,0,0,0,0,"0.0","0.0","0.0","0.0",0,0,0,0,0,"0.00","0.00","0.00","0.00",50,-3506,6042,53,3559,546
4,0,"2026-09-05T14:00:00Z",3,FALSE,0,0,0,0,0,0,0,0,0,0,0,0,0,"0.0","0.0","0.0","0.0",0,0,0,0,0,"0.00","0.00","0.00","0.00",49,-1749,4340,187,1936,546
1,0,"2026-09-12T19:00:00Z",4,FALSE,0,0,0,0,0,0,0,0,0,0,0,0,0,"0.0","0.0","0.0","0.0",0,0,0,0,0,"0.00","0.00","0.00","0.00",49,-1088,3324,0,1088,546
12,0,"2026-08-22T14:00:00Z",1,FALSE,0,0,0,0,0,0,0,0,0,0,0,0,0,"0.0","0.0","0.0","0.0",0,0,0,0,0,"0.00","0.00","0.00","0.00",50,0,801,0,0,547
10,1,"2026-08-30T13:00:00Z",2,FALSE,1,0,0,0,0,0,0,0,0,0,0,0,2,"8.0","0.1","17.0","2.5",1,0,0,1,0,"0.17","0.00","0.17","0.09",50,-110,822,40,150,547
4,0,"2026-09-05T14:00:00Z",3,FALSE,0,0,0,0,0,0,0,0,0,0,0,0,0,"0.0","0.0","0.0","0.0",0,0,0,0,0,"0.00","0.00","0.00","0.00",50,-51,810,83,134,547
1,0,"2026-09-12T19:00:00Z",4,FALSE,0,0,0,0,0,0,0,0,0,0,0,0,0,"0.0","0.0","0.0","0.0",0,0,0,0,0,"0.00","0.00","0.00","0.00",49,-146,691,53,199,547
12,1,"2026-08-22T14:00:00Z",1,FALSE,10,0,0,0,1,0,0,0,0,0,0,0,3,"0.0","0.3","0.0","0.0",0,1,0,1,0,"0.00","0.00","0.00","0.10",50,0,6214,0,0,548
10,1,"2026-08-30T13:00:00Z",2,FALSE,7,0,0,0,0,0,0,0,0,0,0,0,3,"0.0","0.0","0.0","0.0",0,0,0,0,0,"0.00","0.00","0.00","0.34",50,-521,6409,99,620,548
4,0,"2026-09-05T14:00:00Z",3,FALSE,0,0,0,0,0,0,0,0,0,0,0,0,0,"0.0","0.0","0.0","0.0",0,0,0,0,0,"0.00","0.00","0.00","0.00",50,-719,5751,143,862,548
1,0,"2026-09-12T19:00:00Z",4,FALSE,0,0,0,0,0,0,0,0,0,0,0,0,0,"0.0","0.0","0.0","0.0",0,0,0,0,0,"0.00","0.00","0.00","0.00",49,-504,5378,130,634,548
12,1,"2026-08-22T14:00:00Z",1,FALSE,31,0,0,0,1,0,0,0,0,0,0,0,1,"0.0","0.9","0.0","0.0",0,2,0,2,0,"0.00","0.00","0.00","0.14",55,0,20822,0,0,549
10,0,"2026-08-30T13:00:00Z",2,FALSE,0,0,0,0,0,0,0,0,0,0,0,0,0,"0.0","0.0","0.0","0.0",0,0,0,0,0,"0.00","0.00","0.00","0.00",55,-2560,20684,284,2844,549
4,0,"2026-09-05T14:00:00Z",3,FALSE,0,0,0,0,0,0,0,0,0,0,0,0,0,"0.0","0.0","0.0","0.0",0,0,0,0,0,"0.00","0.00","0.00","0.00",54,-3700,17189,427,4127,549
1,0,"2026-09-12T19:00:00Z",4,FALSE,0,0,0,0,0,0,0,0,0,0,0,0,0,"0.0","0.0","0.0","0.0",0,0,0,0,0,"0.00","0.00","0.00","0.00",54,-2338,15167,214,2552,549
12,0,"2026-08-22T14:00:00Z",1,FALSE,0,0,0,0,0,0,0,0,0,0,0,0,0,"0.0","0.0","0.0","0.0",0,0,0,0,0,"0.00","0.00","0.00","0.00",50,0,501,0,0,550
10,0,"2026-08-30T13:00:00Z",2,FALSE,0,0,0,0,0,0,0,0,0,0,0,0,0,"0.0","0.0","0.0","0.0",0,0,0,0,0,"0.00","0.00","0.00","0.00",50,-50,569,51,101,550
4,0,"2026-09-05T14:00:00Z",3,FALSE,0,0,0,0,0,0,0,0,0,0,0,0,0,"0.0","0.0","0.0","0.0",0,0,0,0,0,"0.00","0.00","0.00","0.00",50,-21,602,80,101,550
1,0,"2026-09-12T19:00:00Z",4,FALSE,0,0,0,0,0,0,0,0,0,0,0,0,0,"0.0","0.0","0.0","0.0",0,0,0,0,0,"0.00","0.00","0.00","0.00",50,-12,630,79,91,550
12,5,"2026-08-22T14:00:00Z",1,FALSE,58,1,0,0,1,0,0,0,1,0,0,0,23,"32.8","3.3","16.0","5.2",1,5,1,7,1,"0.15","0.01","0.16","1.66",50,0,5260,0,0,551
10,3,"2026-08-30T13:00:00Z",2,FALSE,64,0,0,1,0,0,0,0,0,0,0,0,13,"7.2","16.7","0.0","2.4",0,4,1,5,1,"0.00","0.04","0.04","0.58",50,3964,13112,5343,1379,551
4,2,"2026-09-05T14:00:00Z",3,FALSE,63,0,0,0,1,0,0,0,0,0,0,0,11,"8.6","5.7","16.0","3.0",1,3,1,5,1,"0.00","0.07","0.07","0.76",50,1656,15646,4768,3112,551
1,2,"2026-09-12T19:00:00Z",4,FALSE,69,0,0,0,1,0,0,0,0,0,0,0,7,"0.0","0.0","0.0","0.0",0,1,2,3,1,"0.00","0.00","0.00","0.95",50,-1700,14020,1450,3150,551
12,2,"2026-08-22T14:00:00Z",1,FALSE,66,0,0,0,1,0,0,0,0,0,0,0,1,"0.0","1.5","9.0","1.1",0,0,0,0,1,"0.30","0.00","0.30","1.69",60,0,1279847,0,0,552
10,2,"2026-08-30T13:00:00Z",2,FALSE,63,0,0,1,0,0,0,0,0,0,0,0,5,"0.0","2.8","6.0","0.7",1,3,0,4,1,"0.03","0.00","0.03","0.58",60,-81358,1261093,38269,119627,552
4,2,"2026-09-05T14:00:00Z",3,FALSE,90,0,0,0,1,0,0,0,0,0,0,0,11,"4.4","37.1","29.0","7.1",0,3,0,3,1,"0.26","0.06","0.32","1.21",59,-321733,912046,27284,349017,552
1,1,"2026-09-12T19:00:00Z",4,FALSE,90,0,0,0,2,0,0,0,1,0,0,0,4,"0.0","0.0","0.0","0.0",0,4,0,4,1,"0.00","0.01","0.01","1.97",58,-246486,701070,13895,260381,552
12,1,"2026-08-22T14:00:00Z",1,FALSE,23,0,0,0,1,0,0,0,0,0,0,0,3,"0.0","0.2","0.0","0.0",0,0,0,0,0,"0.00","0.00","0.00","0.10",55,0,90196,0,0,553
10,8,"2026-08-30T13:00:00Z",2,FALSE,26,1,0,0,0,0,0,0,0,0,0,3,29,"29.2","0.1","25.0","5.4",0,0,0,0,0,"1.39","0.00","1.39","0.37",55,-10451,85703,2470,12921,553
4,4,"2026-09-05T14:00:00Z",3,FALSE,26,0,1,0,0,0,0,0,0,0,0,0,15,"0.2","0.3","10.0","1.1",0,2,0,2,0,"0.10","0.01","0.11","0.45",55,21273,116229,35830,14557,553
1,1,"2026-09-12T19:00:00Z",4,FALSE,20,0,0,0,1,0,0,0,0,0,0,0,1,"0.0","0.0","0.0","0.0",1,0,1,2,0,"0.00","0.00","0.00","1.02",55,25312,163059,47557,22245,553
20,0,"2026-08-22T14:00:00Z",1,FALSE,0,0,0,0,0,0,0,0,0,0,0,0,0,"0.0","0.0","0.0","0.0",0,0,0,0,0,"0.00","0.00","0.00","0.00",45,0,3509,0,0,554
16,0,"2026-08-30T15:30:00Z",2,FALSE,0,0,0,0,0,0,0,0,0,0,0,0,0,"0.0","0.0","0.0","0.0",0,0,0,0,0,"0.00","0.00","0.00","0.00",45,-583,3085,54,637,554
14,0,"2026-09-04T19:00:00Z",3,FALSE,0,0,0,0,0,0,0,0,0,0,0,0,0,"0.0","0.0","0.0","0.0",0,0,0,0,0,"0.00","0.00","0.00","0.00",45,-698,2365,0,698,554
8,0,"2026-09-12T14:00:00Z",4,FALSE,0,0,0,0,0,0,0,0,0,0,0,0,0,"0.0","0.0","0.0","0.0",0,0,0,0,0,"0.00","0.00","0.00","0.00",45,-302,2101,0,302,554
9,0,"2026-08-22T14:00:00Z",1,FALSE,0,0,0,0,0,0,0,0,0,0,0,0,0,"0.0","0.0","0.0","0.0",0,0,0,0,0,"0.00","0.00","0.00","0.00",40,0,156141,0,0,555
15,0,"2026-08-28T19:00:00Z",2,FALSE,0,0,0,0,0,0,0,0,0,0,0,0,0,"0.0","0.0","0.0","0.0",0,0,0,0,0,"0.00","0.00","0.00","0.00",40,-290,183203,5945,6235,555
10,0,"2026-09-05T14:00:00Z",3,FALSE,0,0,0,0,0,0,0,0,0,0,0,0,0,"0.0","0.0","0.0","0.0",0,0,0,0,0,"0.00","0.00","0.00","0.00",40,-1097,188559,7566,8663,555
12,0,"2026-09-12T14:00:00Z",4,FALSE,0,0,0,0,0,0,0,0,0,0,0,0,0,"0.0","0.0","0.0","0.0",0,0,0,0,0,"0.00","0.00","0.00","0.00",40,-2537,187175,5212,7749,555
16,1,"2026-08-22T11:30:00Z",1,FALSE,5,0,0,0,0,0,0,0,0,0,0,0,3,"0.4","0.0","0.0","0.0",0,1,0,0,0,"0.00","0.00","0.00","0.07",40,0,218902,0,0,556
7,0,"2026-08-29T14:00:00Z",2,FALSE,0,0,0,0,0,0,0,0,0,0,0,0,0,"0.0","0.0","0.0","0.0",0,0,0,0,0,"0.00","0.00","0.00","0.00",40,-10048,224749,5393,15441,556
2,0,"2026-09-05T16:30:00Z",3,FALSE,0,0,0,0,0,0,0,0,0,0,0,0,0,"0.0","0.0","0.0","0.0",0,0,0,0,0,"0.00","0.00","0.00","0.00",40,-12694,218007,10419,23113,556
6,0,"2026-09-12T14:00:00Z",4,FALSE,0,0,0,0,0,0,0,0,0,0,0,0,0,"0.0","0.0","0.0","0.0",0,0,0,0,0,"0.00","0.00","0.00","0.00",40,-14007,203969,5238,19245,556
7,6,"2026-08-21T19:00:00Z",1,FALSE,75,0,1,1,0,0,0,0,0,0,0,0,30,"17.0","39.8","30.0","8.7",2,3,1,6,1,"0.19","0.14","0.33","0.06",65,0,2247384,0,0,557
2,0,"2026-08-31T19:00:00Z",2,FALSE,45,0,0,0,0,0,0,0,1,0,0,0,1,"0.0","11.8","4.0","1.6",1,2,0,3,1,"0.00","0.01","0.01","0.10",65,180987,2597617,236687,55700,557
6,5,"2026-09-06T15:30:00Z",3,FALSE,90,0,1,0,1,0,0,0,1,0,0,1,31,"30.6","50.0","4.0","8.5",2,5,1,8,1,"0.00","0.20","0.20","0.39",65,-601940,1889271,91384,693324,557
20,3,"2026-09-12T19:00:00Z",4,FALSE,80,0,0,1,0,0,0,0,0,0,0,0,10,"0.0","0.0","0.0","0.0",1,1,1,3,1,"0.00","0.11","0.11","1.20",64,-328555,1659753,82691,411246,557
13,1,"2026-08-22T14:00:00Z",1,FALSE,16,0,0,0,1,0,0,0,0,0,0,0,3,"0.6","1.0","2.0","0.4",0,1,0,1,0,"0.00","0.00","0.00","0.13",50,0,10065,0,0,558
14,4,"2026-08-29T11:30:00Z",2,FALSE,90,0,0,0,2,0,0,0,0,0,0,0,15,"21.2","0.7","7.0","2.9",3,7,5,15,1,"0.05","0.00","0.05","1.75",50,-986,9781,158,1144,558
19,3,"2026-09-05T14:00:00Z",3,FALSE,90,0,0,1,0,0,0,0,0,0,0,0,18,"11.2","2.3","1.0","1.5",3,3,4,10,1,"0.03","0.06","0.09","1.06",50,99,10377,1419,1320,558
2,3,"2026-09-12T14:00:00Z",4,FALSE,90,0,0,0,1,0,0,0,1,0,0,0,18,"0.0","0.0","0.0","0.0",3,7,6,16,1,"0.06","0.02","0.08","0.82",50,-224,10277,1040,1264,558
14,1,"2026-08-23T15:30:00Z",1,FALSE,14,0,0,0,1,0,0,0,0,0,0,0,5,"4.0","0.0","0.0","0.4",1,0,1,2,0,"0.00","0.00","0.00","1.04",50,0,12608,0,0,559
19,0,"2026-08-29T16:30:00Z",2,FALSE,0,0,0,0,0,0,0,0,0,0,0,0,0,"0.0","0.0","0.0","0.0",0,0,0,0,0,"0.00","0.00","0.00","0.00",50,-977,13188,690,1667,559
3,0,"2026-09-05T11:30:00Z",3,FALSE,0,0,0,0,0,0,0,0,0,0,0,0,0,"0.0","0.0","0.0","0.0",0,0,0,0,0,"0.00","0.00","0.00","0.00",50,-1788,11930,834,2622,559
13,0,"2026-09-14T19:00:00Z",4,FALSE,0,0,0,0,0,0,0,0,0,0,0,0,0,"0.0","0.0","0.0","0.0",0,0,0,0,0,"0.00","0.00","0.00","0.00",49,-1098,11166,539,1637,559
10,0,"2026-08-24T19:00:00Z",1,FALSE,0,0,0,0,0,0,0,0,0,0,0,0,0,"0.0","0.0","0.0","0.0",0,0,0,0,0,"0.00","0.00","0.00","0.00",45,0,6087,0,0,560
5,0,"2026-08-30T13:00:00Z",2,FALSE,0,0,0,0,0,0,0,0,0,0,0,0,0,"0.0","0.0","0.0","0.0",0,0,0,0,0,"0.00","0.00","0.00","0.00",45,-370,7073,395,765,560
1,0,"2026-09-06T15:30:00Z",3,FALSE,0,0,0,0,0,0,0,0,0,0,0,0,0,"0.0","0.0","0.0","0.0",0,0,0,0,0,"0.00","0.00","0.00","0.00",45,-769,6809,363,1132,560
11,0,"2026-09-12T14:00:00Z",4,FALSE,0,0,0,0,0,0,0,0,0,0,0,0,0,"0.0","0.0","0.0","0.0",0,0,0,0,0,"0.00","0.00","0.00","0.00",44,-482,6637,321,803,560
10,0,"2026-08-24T19:00:00Z",1,FALSE,0,0,0,0,0,0,0,0,0,0,0,0,0,"0.0","0.0","0.0","0.0",0,0,0,0,0,"0.00","0.00","0.00","0.00",45,0,1770,0,0,561
5,0,"2026-08-30T13:00:00Z",2,FALSE,0,0,0,0,0,0,0,0,0,0,0,0,0,"0.0","0.0","0.0","0.0",0,0,0,0,0,"0.00","0.00","0.00","0.00",45,-324,1737,122,446,561
1,0,"2026-09-06T15:30:00Z",3,FALSE,0,0,0,0,0,0,0,0,0,0,0,0,0,"0.0","0.0","0.0","0.0",0,0,0,0,0,"0.00","0.00","0.00","0.00",45,-49,1971,225,274,561
11,0,"2026-09-12T14:00:00Z",4,FALSE,0,0,0,0,0,0,0,0,0,0,0,0,0,"0.0","0.0","0.0","0.0",0,0,0,0,0,"0.00","0.00","0.00","0.00",45,10,2091,222,212,561
20,2,"2026-08-22T14:00:00Z",1,FALSE,79,0,0,0,1,0,0,0,0,0,0,0,7,"12.6","1.4","7.0","2.1",3,2,4,9,1,"0.61","0.00","0.61","0.63",55,0,37656,0,0,562
16,2,"2026-08-30T15:30:00Z",2,FALSE,72,0,0,0,4,0,0,0,0,0,0,0,10,"8.0","1.4","19.0","2.8",3,1,1,5,1,"0.06","0.01","0.07","3.91",55,-3302,37115,740,4042,562
14,2,"2026-09-04T19:00:00Z",3,FALSE,65,0,0,0,2,0,0,0,0,0,0,0,9,"8.2","0.1","17.0","2.5",2,1,2,5,1,"0.04","0.00","0.04","0.62",55,-4936,32352,903,5839,562
8,1,"2026-09-12T14:00:00Z",4,FALSE,27,0,0,0,1,0,0,0,0,0,0,0,1,"0.0","0.0","0.0","0.0",0,0,0,0,0,"0.00","0.00","0.00","0.41",54,-3657,29173,861,4518,562
16,0,"2026-08-22T11:30:00Z",1,FALSE,0,0,0,0,0,0,0,0,0,0,0,0,0,"0.0","0.0","0.0","0.0",0,0,0,0,0,"0.00","0.00","0.00","0.00",50,0,2175,0,0,563
7,1,"2026-08-29T14:00:00Z",2,FALSE,45,0,0,0,0,0,0,0,0,0,0,0,6,"11.0","13.4","0.0","2.4",2,1,0,3,1,"0.00","0.00","0.00","1.09",50,-210,2129,118,328,563
2,0,"2026-09-05T16:30:00Z",3,FALSE,0,0,0,0,0,0,0,0,0,0,0,0,0,"0.0","0.0","0.0","0.0",0,0,0,0,0,"0.00","0.00","0.00","0.00",50,104,2482,421,317,563
6,0,"2026-09-12T14:00:00Z",4,FALSE,0,0,0,0,0,0,0,0,0,0,0,0,0,"0.0","0.0","0.0","0.0",0,0,0,0,0,"0.00","0.00","0.00","0.00",50,-369,2165,141,510,563
20,2,"2026-08-22T14:00:00Z",1,FALSE,90,0,0,0,1,0,0,0,0,0,2,0,12,"14.4","0.0","0.0","1.4",1,10,0,0,1,"0.00","0.00","0.00","0.66",45,0,57252,0,0,564
16,2,"2026-08-30T15:30:00Z",2,FALSE,90,0,0,0,5,0,0,0,0,0,6,0,9,"46.4","0.0","0.0","4.6",4,13,0,0,1,"0.00","0.01","0.01","4.77",45,-2247,62701,1329,3576,564
14,2,"2026-09-04T19:00:00Z",3,FALSE,90,0,0,0,2,0,0,0,0,0,5,0,13,"27.8","0.0","0.0","2.8",0,7,0,0,1,"0.00","0.00","0.00","0.69",45,-2758,58738,4399,7157,564
8,1,"2026-09-12T14:00:00Z",4,FALSE,90,0,0,0,2,0,0,0,0,0,2,0,6,"0.0","0.0","0.0","0.0",3,9,0,0,1,"0.00","0.00","0.00","0.62",45,330,63943,5936,5606,564
19,14,"2026-08-22T16:30:00Z",1,FALSE,75,0,2,1,0,0,0,0,0,0,0,3,41,"31.6","21.8","21.0","7.4",4,7,2,13,1,"0.05","0.33","0.38","0.47",55,0,294770,0,0,565
13,4,"2026-08-30T13:00:00Z",2,FALSE,90,0,0,0,1,0,0,0,0,0,0,0,16,"24.4","25.3","11.0","6.1",5,5,4,14,1,"0.21","0.03","0.24","1.46",56,420422,902725,443762,23340,565
20,0,"2026-09-05T14:00:00Z",3,FALSE,45,0,0,0,0,0,0,0,1,0,0,0,0,"0.0","1.3","8.0","0.6",1,3,1,5,1,"0.15","0.01","0.16","0.35",57,509396,1631469,639468,130072,565
3,4,"2026-09-12T14:00:00Z",4,FALSE,90,0,0,0,2,0,0,0,0,0,0,0,19,"0.0","0.0","0.0","0.0",1,6,6,13,1,"0.00","0.28","0.28","1.75",57,-207682,1351673,106889,314571,565
15,2,"2026-08-23T13:00:00Z",1,FALSE,90,0,0,0,2,0,0,0,1,0,0,0,5,"31.4","0.3","0.0","3.2",13,1,0,13,1,"0.00","0.00","0.00","2.25",50,0,23702,0,0,566
9,4,"2026-08-29T14:00:00Z",2,FALSE,90,0,0,0,1,0,0,0,0,0,0,0,11,"18.6","1.8","13.0","3.3",8,4,2,10,1,"0.25","0.03","0.28","1.84",50,5175,36812,7365,2190,566
17,1,"2026-09-05T11:30:00Z",3,FALSE,90,0,0,0,2,0,0,0,0,0,0,0,8,"23.8","1.2","17.0","4.2",7,2,1,8,1,"0.02","0.01","0.03","0.71",50,3048,43269,9722,6674,566
4,3,"2026-09-12T14:00:00Z",4,FALSE,90,0,0,0,2,0,0,0,0,0,0,0,-2,"0.0","0.0","0.0","0.0",10,5,0,10,1,"0.58","0.23","0.81","0.50",50,-299,44292,5703,6002,566
14,1,"2026-08-23T15:30:00Z",1,FALSE,90,0,0,0,2,0,0,0,1,0,5,0,12,"41.2","0.0","0.0","4.1",3,5,0,0,1,"0.00","0.00","0.00","2.98",50,0,55382,0,0,567
19,7,"2026-08-29T16:30:00Z",2,FALSE,90,0,0,1,0,0,0,0,0,0,4,0,32,"34.6","0.0","0.0","3.5",2,4,0,0,1,"0.00","0.00","0.00","1.12",50,1279,70807,5537,4258,567
3,2,"2026-09-05T11:30:00Z",3,FALSE,90,0,0,0,2,0,0,0,0,0,4,0,12,"33.4","0.0","0.0","3.3",0,6,0,0,1,"0.00","0.00","0.00","1.37",50,39154,125893,58261,19107,567
13,0,"2026-09-14T19:00:00Z",4,FALSE,0,0,0,0,0,0,0,0,0,0,0,0,0,"0.0","0.0","0.0","0.0",0,0,0,0,0,"0.00","0.00","0.00","0.00",50,29466,150531,58083,28617,567
10,0,"2026-08-24T19:00:00Z",1,FALSE,0,0,0,0,0,0,0,0,0,0,0,0,0,"0.0","0.0","0.0","0.0",0,0,0,0,0,"0.00","0.00","0.00","0.00",55,0,12041,0,0,568
5,1,"2026-08-30T13:00:00Z",2,FALSE,8,0,0,0,1,0,0,0,0,0,0,0,1,"0.0","0.0","4.0","0.2",1,0,0,1,0,"0.04","0.00","0.04","0.07",55,-1133,13561,528,1661,568
1,0,"2026-09-06T15:30:00Z",3,FALSE,0,0,0,0,0,0,0,0,0,0,0,0,0,"0.0","0.0","0.0","0.0",0,0,0,0,0,"0.00","0.00","0.00","0.00",55,-1018,13655,1055,2073,568
11,0,"2026-09-12T14:00:00Z",4,FALSE,21,0,0,0,0,0,0,0,1,0,0,0,7,"0.0","0.0","0.0","0.0",1,1,0,2,0,"0.00","0.09","0.09","0.54",55,-591,13757,863,1454,568
6,6,"2026-08-24T19:00:00Z",1,FALSE,90,1,0,0,3,0,0,0,0,0,0,0,33,"37.2","4.3","40.0","8.2",0,1,1,2,1,"0.73","0.01","0.74","2.24",60,0,180799,0,0,569
20,2,"2026-08-30T13:00:00Z",2,FALSE,90,0,0,0,1,0,0,0,0,0,0,0,2,"5.6","2.8","24.0","3.2",2,2,0,4,1,"0.27","0.01","0.28","2.02",60,135011,399587,152218,17207,569
8,2,"2026-09-05T14:00:00Z",3,FALSE,90,0,0,0,3,0,0,0,0,0,0,0,10,"5.8","14.0","39.0","5.9",3,3,1,7,1,"0.44","0.20","0.64","1.97",60,49426,490355,128611,79185,569
14,2,"2026-09-12T14:00:00Z",4,FALSE,76,0,0,1,0,0,0,0,0,0,0,0,5,"0.0","0.0","0.0","0.0",1,2,0,3,1,"0.20","0.03","0.23","0.81",60,-70216,405535,38609,108825,569
6,2,"2026-08-24T19:00:00Z",1,FALSE,72,0,0,0,3,0,0,0,0,0,0,0,10,"2.8","7.3","8.0","1.8",0,2,2,4,1,"0.16","0.01","0.17","2.21",55,0,18267,0,0,570
20,1,"2026-08-30T13:00:00Z",2,FALSE,75,0,0,0,1,0,0,0,1,0,0,0,6,"3.0","1.3","3.0","0.7",3,6,0,9,1,"0.02","0.00","0.02","1.62",55,-874,20418,910,1784,570
8,8,"2026-09-05T14:00:00Z",3,FALSE,60,1,0,0,2,0,0,0,0,0,0,1,27,"33.8","13.7","51.0","9.9",0,0,0,0,1,"0.80","0.02","0.82","1.14",55,-2344,18435,1012,3356,570
14,0,"2026-09-12T14:00:00Z",4,FALSE,0,0,0,0,0,0,0,0,0,0,0,0,0,"0.0","0.0","0.0","0.0",0,0,0,0,0,"0.00","0.00","0.00","0.00",55,-683,18348,1449,2132,570
20,0,"2026-08-22T14:00:00Z",1,FALSE,0,0,0,0,0,0,0,0,0,0,0,0,0,"0.0","0.0","0.0","0.0",0,0,0,0,0,"0.00","0.00","0.00","0.00",50,0,12850,0,0,571
16,0,"2026-08-30T15:30:00Z",2,FALSE,0,0,0,0,0,0,0,0,0,0,0,0,0,"0.0","0.0","0.0","0.0",0,0,0,0,0,"0.00","0.00","0.00","0.00",50,-1993,11870,214,2207,571
14,0,"2026-09-04T19:00:00Z",3,FALSE,0,0,0,0,0,0,0,0,0,0,0,0,0,"0.0","0.0","0.0","0.0",0,0,0,0,0,"0.00","0.00","0.00","0.00",49,-2128,9821,223,2351,571
8,1,"2026-09-12T14:00:00Z",4,FALSE,13,0,0,0,0,0,0,0,0,0,0,0,8,"0.0","0.0","0.0","0.0",1,0,1,2,0,"0.00","0.01","0.01","0.27",49,-906,9156,327,1233,571
16,10,"2026-08-22T11:30:00Z",1,FALSE,90,0,0,1,0,0,0,0,0,0,5,3,41,"34.6","0.0","0.0","3.5",0,22,0,0,1,"0.00","0.00","0.00","1.83",45,0,48305,0,0,572
7,10,"2026-08-29T14:00:00Z",2,FALSE,90,0,0,1,0,0,0,0,0,0,3,3,32,"26.2","0.0","0.0","2.6",0,11,0,0,1,"0.00","0.00","0.00","1.29",45,89555,301344,101970,12415,572
2,6,"2026-09-05T16:30:00Z",3,FALSE,90,0,0,1,0,0,0,0,0,0,1,0,25,"11.6","0.0","0.0","1.2",0,10,0,0,1,"0.00","0.00","0.00","1.93",46,306909,857252,367782,60873,572
6,2,"2026-09-12T14:00:00Z",4,FALSE,90,0,0,0,2,0,0,0,0,0,5,0,15,"0.0","0.0","0.0","0.0",2,15,0,0,1,"0.00","0.00","0.00","0.91",46,171110,1074132,238858,67748,572
15,0,"2026-08-23T13:00:00Z",1,FALSE,0,0,0,0,0,0,0,0,0,0,0,0,0,"0.0","0.0","0.0","0.0",0,0,0,0,0,"0.00","0.00","0.00","0.00",45,0,18342,0,0,573
9,0,"2026-08-29T14:00:00Z",2,FALSE,0,0,0,0,0,0,0,0,0,0,0,0,0,"0.0","0.0","0.0","0.0",0,0,0,0,0,"0.00","0.00","0.00","0.00",45,-1013,21445,452,1465,573
17,0,"2026-09-05T11:30:00Z",3,FALSE,0,0,0,0,0,0,0,0,0,0,0,0,0,"0.0","0.0","0.0","0.0",0,0,0,0,0,"0.00","0.00","0.00","0.00",45,-1920,19900,369,2289,573
4,0,"2026-09-12T14:00:00Z",4,FALSE,0,0,0,0,0,0,0,0,0,0,0,0,0,"0.0","0.0","0.0","0.0",0,0,0,0,0,"0.00","0.00","0.00","0.00",45,-1322,18893,285,1607,573
16,0,"2026-08-22T11:30:00Z",1,FALSE,0,0,0,0,0,0,0,0,0,0,0,0,0,"0.0","0.0","0.0","0.0",0,0,0,0,0,"0.00","0.00","0.00","0.00",50,0,7500,0,0,574
7,0,"2026-08-29T14:00:00Z",2,FALSE,0,0,0,0,0,0,0,0,0,0,0,0,0,"0.0","0.0","0.0","0.0",0,0,0,0,0,"0.00","0.00","0.00","0.00",50,-662,7716,307,969,574
2,1,"2026-09-05T16:30:00Z",3,FALSE,8,0,0,0,0,0,0,0,0,0,0,0,4,"0.0","0.0","0.0","0.0",0,1,0,1,0,"0.00","0.00","0.00","0.00",50,-1139,6691,321,1460,574
6,0,"2026-09-12T14:00:00Z",4,FALSE,0,0,0,0,0,0,0,0,0,0,0,0,0,"0.0","0.0","0.0","0.0",0,0,0,0,0,"0.00","0.00","0.00","0.00",49,-421,6454,444,865,574
1,1,"2026-08-21T19:00:00Z",1,FALSE,61,0,0,0,3,0,0,0,1,0,0,0,2,"0.0","3.1","0.0","0.0",0,3,0,3,1,"0.00","0.00","0.00","1.56",50,0,23536,0,0,575
11,3,"2026-08-29T14:00:00Z",2,FALSE,70,0,0,1,0,0,0,0,0,0,0,0,17,"9.4","16.0","7.0","3.2",3,4,0,7,1,"0.03","0.13","0.16","0.02",50,-1578,23711,997,2575,575
15,1,"2026-09-05T14:00:00Z",3,FALSE,27,0,0,0,0,0,0,0,0,0,0,0,4,"1.0","0.3","0.0","0.1",2,4,0,6,0,"0.00","0.00","0.00","0.95",50,-3438,20321,778,4216,575
5,0,"2026-09-13T13:00:00Z",4,FALSE,0,0,0,0,0,0,0,0,0,0,0,0,0,"0.0","0.0","0.0","0.0",0,0,0,0,0,"0.00","0.00","0.00","0.00",49,-2489,18325,641,3130,575
16,3,"2026-08-22T11:30:00Z",1,FALSE,70,0,0,1,0,0,0,0,0,0,0,0,11,"8.4","4.8","0.0","1.3",1,2,3,6,1,"0.00","0.03","0.03","1.16",50,0,6733,0,0,576
7,0,"2026-08-29T14:00:00Z",2,FALSE,58,0,0,0,0,0,0,0,1,0,0,0,-2,"0.0","4.3","7.0","0.9",2,5,0,7,1,"0.01","0.01","0.02","1.09",50,833,9465,1430,597,576
2,3,"2026-09-05T16:30:00Z",3,FALSE,62,0,0,1,0,0,0,0,0,0,0,0,5,"0.0","11.8","4.0","1.4",0,2,0,2,1,"0.04","0.01","0.05","1.81",50,-916,8900,770,1686,576
6,1,"2026-09-12T14:00:00Z",4,FALSE,59,0,0,0,1,0,0,0,0,0,0,0,3,"0.0","0.0","0.0","0.0",0,3,2,5,1,"0.01","0.00","0.01","0.26",50,-410,8779,621,1031,576
9,1,"2026-08-22T14:00:00Z",1,FALSE,18,0,0,0,0,0,0,0,0,0,0,0,3,"2.4","2.4","0.0","0.5",1,1,0,1,0,"0.00","0.01","0.01","0.14",45,0,31543,0,0,577
15,1,"2026-08-28T19:00:00Z",2,FALSE,73,0,0,0,3,0,0,0,0,0,0,0,-3,"12.6","1.3","2.0","1.6",7,3,1,8,1,"0.00","0.00","0.00","2.01",45,-1838,34647,829,2667,577
10,0,"2026-09-05T14:00:00Z",3,FALSE,0,0,0,0,0,0,0,0,0,0,0,0,0,"0.0","0.0","0.0","0.0",0,0,0,0,0,"0.00","0.00","0.00","0.00",45,-2052,33461,1378,3430,577
12,0,"2026-09-12T14:00:00Z",4,FALSE,53,0,0,0,2,0,0,0,0,0,0,0,6,"0.0","0.0","0.0","0.0",4,3,1,5,0,"0.00","0.01","0.01","1.29",45,-2574,31339,625,3199,577
10,0,"2026-08-24T19:00:00Z",1,FALSE,0,0,0,0,0,0,0,0,0,0,0,0,0,"0.0","0.0","0.0","0.0",0,0,0,0,0,"0.00","0.00","0.00","0.00",55,0,3847,0,0,578
5,0,"2026-08-30T13:00:00Z",2,FALSE,0,0,0,0,0,0,0,0,0,0,0,0,0,"0.0","0.0","0.0","0.0",0,0,0,0,0,"0.00","0.00","0.00","0.00",55,-742,4222,234,976,578
18,1,"2026-09-05T14:00:00Z",3,FALSE,16,0,0,0,0,0,0,0,0,0,0,0,3,"0.0","0.1","2.0","0.1",0,0,0,0,0,"0.00","0.00","0.00","0.16",54,1892,7171,3534,1642,578
9,0,"2026-09-12T16:30:00Z",4,FALSE,0,0,0,0,0,0,0,0,0,0,0,0,0,"0.0","0.0","0.0","0.0",0,0,0,0,0,"0.00","0.00","0.00","0.00",54,-670,6691,1620,2290,578
17,1,"2026-08-23T15:30:00Z",1,FALSE,20,0,0,0,0,0,0,0,0,0,0,0,3,"13.2","1.2","0.0","1.4",3,1,1,4,0,"0.00","0.03","0.03","0.54",55,0,211388,0,0,579
18,0,"2026-08-29T11:30:00Z",2,FALSE,13,0,0,0,0,0,0,0,1,0,0,0,-1,"5.8","2.3","0.0","0.8",1,2,0,1,0,"0.00","0.01","0.01","0.07",55,-9867,267054,23907,33774,579
12,8,"2026-09-04T19:00:00Z",3,FALSE,90,0,0,1,0,0,0,0,0,0,0,0,27,"20.0","2.4","2.0","2.4",9,1,1,10,1,"0.00","0.01","0.01","0.75",54,-69165,212525,11375,80540,579
10,6,"2026-09-12T14:00:00Z",4,FALSE,71,0,0,1,0,0,0,0,0,0,0,0,24,"0.0","0.0","0.0","0.0",3,5,1,4,1,"0.00","0.00","0.00","0.60",54,41974,292366,59861,17887,579
6,1,"2026-08-24T19:00:00Z",1,FALSE,23,0,0,0,0,0,0,0,0,0,0,0,5,"3.4","1.3","0.0","0.5",0,2,1,3,0,"0.00","0.00","0.00","0.03",50,0,8110,0,0,580
20,1,"2026-08-30T13:00:00Z",2,FALSE,22,0,0,0,1,0,0,0,0,0,0,0,2,"0.6","2.8","6.0","0.9",1,1,0,2,0,"0.09","0.03","0.12","1.77",50,-449,8645,359,808,580
8,2,"2026-09-05T14:00:00Z",3,FALSE,78,0,0,0,3,0,0,0,0,0,0,0,18,"12.4","35.2","8.0","5.6",3,8,0,11,1,"0.00","0.09","0.09","1.97",50,-910,7900,334,1244,580
14,5,"2026-09-12T14:00:00Z",4,FALSE,90,0,0,1,0,0,0,0,0,0,0,0,19,"0.0","0.0","0.0","0.0",8,8,1,17,1,"0.00","0.02","0.02","1.28",50,-636,7397,295,931,580
13,0,"2026-08-22T14:00:00Z",1,FALSE,0,0,0,0,0,0,0,0,0,0,0,0,0,"0.0","0.0","0.0","0.0",0,0,0,0,0,"0.00","0.00","0.00","0.00",55,0,67092,0,0,581
14,0,"2026-08-29T11:30:00Z",2,FALSE,0,0,0,0,0,0,0,0,0,0,0,0,0,"0.0","0.0","0.0","0.0",0,0,0,0,0,"0.00","0.00","0.00","0.00",55,-8617,71062,3484,12101,581
19,1,"2026-09-05T14:00:00Z",3,FALSE,1,0,0,0,0,0,0,0,0,0,0,0,3,"0.0","0.0","0.0","0.0",0,0,0,0,0,"0.00","0.00","0.00","0.00",54,-12790,61213,3142,15932,581
2,4,"2026-09-12T14:00:00Z",4,FALSE,90,0,0,0,1,0,0,0,0,0,0,0,10,"0.0","0.0","0.0","0.0",13,3,1,14,1,"0.11","0.00","0.11","0.82",54,-6555,56566,1486,8041,581
5,0,"2026-08-23T13:00:00Z",1,FALSE,0,0,0,0,0,0,0,0,0,0,0,0,0,"0.0","0.0","0.0","0.0",0,0,0,0,0,"0.00","0.00","0.00","0.00",55,0,46241,0,0,582
1,0,"2026-08-31T19:00:00Z",2,FALSE,0,0,0,0,0,0,0,0,0,0,0,0,0,"0.0","0.0","0.0","0.0",0,0,0,0,0,"0.00","0.00","0.00","0.00",55,-7757,40291,1166,8923,582
11,0,"2026-09-05T16:30:00Z",3,FALSE,0,0,0,0,0,0,0,0,0,0,0,0,0,"0.0","0.0","0.0","0.0",0,0,0,0,0,"0.00","0.00","0.00","0.00",55,-8463,31743,894,9357,582
18,0,"2026-09-12T14:00:00Z",4,FALSE,0,0,0,0,0,0,0,0,0,0,0,0,0,"0.0","0.0","0.0","0.0",0,0,0,0,0,"0.00","0.00","0.00","0.00",55,-5489,26815,357,5846,582
10,1,"2026-08-24T19:00:00Z",1,FALSE,25,0,0,0,0,0,0,0,0,0,0,0,3,"2.4","0.2","2.0","0.5",1,1,0,1,0,"0.00","0.00","0.00","0.28",50,0,17073,0,0,583
5,1,"2026-08-30T13:00:00Z",2,FALSE,18,0,0,0,1,0,0,0,0,0,0,0,1,"6.4","0.3","0.0","0.7",2,1,1,3,0,"0.00","0.02","0.02","0.09",50,-1477,19574,1081,2558,583
1,1,"2026-09-06T15:30:00Z",3,FALSE,30,0,0,0,0,0,0,0,0,0,0,0,2,"2.4","2.0","4.0","0.8",1,1,1,2,0,"0.00","0.00","0.00","0.14",50,-3413,17402,664,4077,583
11,1,"2026-09-12T14:00:00Z",4,FALSE,45,0,0,0,0,0,0,0,0,0,0,0,4,"0.0","0.0","0.0","0.0",1,1,0,1,0,"0.00","0.01","0.01","0.94",49,-1611,16748,686,2297,583
1,1,"2026-08-21T19:00:00Z",1,FALSE,8,0,0,0,0,0,0,0,0,0,0,0,3,"0.4","0.3","0.0","0.1",0,1,0,1,0,"0.00","0.00","0.00","0.13",55,0,12932,0,0,584
11,1,"2026-08-29T14:00:00Z",2,FALSE,19,0,0,0,1,0,0,0,0,0,0,0,2,"0.2","1.5","0.0","0.2",0,0,0,0,0,"0.00","0.02","0.02","0.69",55,-1042,13996,386,1428,584
15,1,"2026-09-05T14:00:00Z",3,FALSE,5,0,0,0,0,0,0,0,0,0,0,0,1,"0.0","0.0","0.0","0.0",0,1,1,2,0,"0.00","0.00","0.00","0.00",55,-2126,11896,153,2279,584
5,0,"2026-09-13T13:00:00Z",4,FALSE,0,0,0,0,0,0,0,0,0,0,0,0,0,"0.0","0.0","0.0","0.0",0,0,0,0,0,"0.00","0.00","0.00","0.00",54,-1142,10937,147,1289,584
16,1,"2026-08-22T11:30:00Z",1,FALSE,26,0,0,0,0,0,0,0,0,0,0,0,4,"8.0","0.0","0.0","0.8",4,0,0,4,0,"0.00","0.00","0.00","0.96",40,0,53978,0,0,585
7,1,"2026-08-29T14:00:00Z",2,FALSE,31,0,0,0,0,0,0,0,0,0,0,0,3,"3.0","0.2","0.0","0.3",1,0,0,1,0,"0.00","0.00","0.00","0.20",40,-831,63919,2771,3602,585
2,1,"2026-09-05T16:30:00Z",3,FALSE,19,0,0,0,0,0,0,0,0,0,0,0,2,"6.6","0.1","0.0","0.7",1,1,1,2,0,"0.00","0.00","0.00","0.12",40,-1665,64658,3434,5099,585
6,1,"2026-09-12T14:00:00Z",4,FALSE,31,0,0,0,1,0,0,0,0,0,0,0,-1,"0.0","0.0","0.0","0.0",1,0,0,1,0,"0.00","0.01","0.01","0.64",40,-2456,62794,2136,4592,585
16,15,"2026-08-22T11:30:00Z",1,FALSE,63,1,0,1,0,0,0,0,0,0,0,1,35,"51.8","0.6","33.0","8.5",13,2,0,13,1,"0.28","0.00","0.28","0.86",40,0,92688,0,0,586
7,1,"2026-08-29T14:00:00Z",2,FALSE,58,0,0,0,0,0,0,0,0,0,0,0,9,"27.6","0.0","7.0","3.5",7,2,2,9,1,"0.01","0.00","0.01","1.09",40,160120,418634,179580,19460,586
2,8,"2026-09-05T16:30:00Z",3,FALSE,70,0,0,1,0,0,0,0,0,0,0,0,22,"16.2","0.6","14.0","3.1",7,2,3,10,1,"0.03","0.00","0.03","1.81",40,98035,619201,166798,68763,586
6,1,"2026-09-12T14:00:00Z",4,FALSE,58,0,0,0,1,0,0,0,0,0,0,0,3,"0.0","0.0","0.0","0.0",5,0,2,7,1,"0.00","0.00","0.00","0.26",41,246029,895270,316492,70463,586
3,0,"2026-08-23T13:00:00Z",1,FALSE,0,0,0,0,0,0,0,0,0,0,0,0,0,"0.0","0.0","0.0","0.0",0,0,0,0,0,"0.00","0.00","0.00","0.00",50,0,1589,0,0,587
8,0,"2026-08-28T19:00:00Z",2,FALSE,0,0,0,0,0,0,0,0,0,0,0,0,0,"0.0","0.0","0.0","0.0",0,0,0,0,0,"0.00","0.00","0.00","0.00",50,-130,2020,94,224,587
7,0,"2026-09-05T14:00:00Z",3,FALSE,0,0,0,0,0,0,0,0,0,0,0,0,0,"0.0","0.0","0.0","0.0",0,0,0,0,0,"0.00","0.00","0.00","0.00",50,-193,2050,147,340,587
16,0,"2026-09-13T15:30:00Z",4,FALSE,0,0,0,0,0,0,0,0,0,0,0,0,0,"0.0","0.0","0.0","0.0",0,0,0,0,0,"0.00","0.00","0.00","0.00",50,-127,2136,129,256,587
9,1,"2026-08-22T14:00:00Z",1,FALSE,35,0,0,0,0,0,0,0,0,0,0,0,12,"24.0","26.5","4.0","5.5",5,3,4,9,0,"0.00","0.16","0.16","0.27",50,0,8418,0,0,588
15,2,"2026-08-28T19:00:00Z",2,FALSE,74,0,0,0,3,0,0,0,1,0,0,0,9,"26.4","1.5","3.0","3.1",4,5,10,14,1,"0.02","0.00","0.02","2.01",50,-365,10199,462,827,588
10,3,"2026-09-05T14:00:00Z",3,FALSE,90,0,0,0,2,0,0,0,0,0,0,0,6,"21.6","2.3","8.0","3.2",7,3,3,10,1,"0.72","0.01","0.73","3.14",50,2499,13924,4048,1549,588
12,7,"2026-09-12T14:00:00Z",4,FALSE,90,1,0,0,3,0,0,0,0,0,0,0,4,"0.0","0.0","0.0","0.0",3,4,2,5,1,"0.22","0.14","0.36","1.67",50,17022,41054,22369,5347,588
16,0,"2026-08-22T11:30:00Z",1,FALSE,0,0,0,0,0,0,0,0,0,0,0,0,0,"0.0","0.0","0.0","0.0",0,0,0,0,0,"0.00","0.00","0.00","0.00",50,0,2352,0,0,589
7,1,"2026-08-29T14:00:00Z",2,FALSE,45,0,0,0,0,0,0,0,0,0,0,0,6,"12.8","0.9","0.0","1.4",1,2,3,6,0,"0.00","0.01","0.01","0.20",50,-178,2781,135,313,589
2,2,"2026-09-05T16:30:00Z",3,FALSE,81,0,0,1,0,0,0,0,1,0,0,0,7,"13.4","21.6","0.0","3.5",4,5,1,10,1,"0.00","0.01","0.01","1.93",50,-134,2738,213,347,589
6,0,"2026-09-12T14:00:00Z",4,FALSE,0,0,0,0,0,0,0,0,0,0,0,0,0,"0.0","0.0","0.0","0.0",0,0,0,0,0,"0.00","0.00","0.00","0.00",50,-111,2686,172,283,589
13,0,"2026-08-22T14:00:00Z",1,FALSE,0,0,0,0,0,0,0,0,0,0,0,0,0,"0.0","0.0","0.0","0.0",0,0,0,0,0,"0.00","0.00","0.00","0.00",45,0,5245,0,0,590
14,0,"2026-08-29T11:30:00Z",2,FALSE,0,0,0,0,0,0,0,0,0,0,0,0,0,"0.0","0.0","0.0","0.0",0,0,0,0,0,"0.00","0.00","0.00","0.00",45,81,6630,625,544,590
19,0,"2026-09-05T14:00:00Z",3,FALSE,0,0,0,0,0,0,0,0,0,0,0,0,0,"0.0","0.0","0.0","0.0",0,0,0,0,0,"0.00","0.00","0.00","0.00",45,79,7389,950,871,590
2,0,"2026-09-12T14:00:00Z",4,FALSE,0,0,0,0,0,0,0,0,0,0,0,0,0,"0.0","0.0","0.0","0.0",0,0,0,0,0,"0.00","0.00","0.00","0.00",45,-80,7551,543,623,590
20,5,"2026-08-22T14:00:00Z",1,FALSE,70,0,1,0,1,0,0,0,0,0,0,0,24,"21.6","14.0","18.0","5.4",2,5,1,8,1,"0.23","0.31","0.54","0.63",55,0,24595,0,0,591
16,5,"2026-08-30T15:30:00Z",2,FALSE,90,0,1,0,5,0,0,0,0,0,0,0,25,"21.8","12.4","21.0","5.5",0,7,1,8,1,"0.40","0.31","0.71","4.77",55,13215,48266,17669,4454,591
14,1,"2026-09-04T19:00:00Z",3,FALSE,90,0,0,0,2,0,0,0,1,0,0,0,16,"10.2","22.5","23.0","5.6",2,3,0,5,1,"0.24","0.02","0.26","0.69",55,25086,82553,35897,10811,591
8,2,"2026-09-12T14:00:00Z",4,FALSE,90,0,0,0,2,0,0,0,0,0,0,0,7,"0.0","0.0","0.0","0.0",1,4,0,5,1,"0.05","0.17","0.22","0.62",55,12977,96833,28533,15556,591
20,1,"2026-08-22T14:00:00Z",1,FALSE,10,0,0,0,0,0,0,0,0,0,0,0,4,"5.2","10.0","0.0","1.5",2,0,0,2,0,"0.00","0.00","0.00","0.03",40,0,86218,0,0,592
16,1,"2026-08-30T15:30:00Z",2,FALSE,17,0,0,0,1,0,0,0,0,0,0,0,-1,"0.6","0.6","0.0","0.1",0,1,0,0,0,"0.00","0.00","0.00","0.86",40,-3097,99458,2769,5866,592
14,1,"2026-09-04T19:00:00Z",3,FALSE,12,0,0,0,0,0,0,0,0,0,0,0,4,"3.6","14.0","0.0","1.8",0,2,0,0,0,"0.00","0.02","0.02","0.00",40,-2760,100578,4401,7161,592
8,1,"2026-09-12T14:00:00Z",4,FALSE,2,0,0,0,0,0,0,0,0,0,0,0,5,"0.0","0.0","0.0","0.0",0,1,1,1,0,"0.00","0.00","0.00","0.00",40,-2585,97893,3046,5631,592
14,1,"2026-08-23T15:30:00Z",1,FALSE,90,0,0,0,2,0,0,0,0,0,0,0,-1,"16.4","1.2","5.0","2.3",7,2,2,9,1,"0.03","0.00","0.03","2.98",45,0,20712,0,0,593
19,11,"2026-08-29T16:30:00Z",2,FALSE,90,0,1,1,0,0,0,0,0,0,0,2,37,"42.6","30.4","0.0","7.3",5,5,3,8,1,"0.00","0.06","0.06","1.12",45,8203,36928,10359,2156,593
3,1,"2026-09-05T11:30:00Z",3,FALSE,90,0,0,0,2,0,0,0,0,0,0,0,3,"0.6","6.4","10.0","1.7",1,4,0,1,1,"0.11","0.02","0.13","1.37",45,269442,365061,318645,49203,593
13,0,"2026-09-14T19:00:00Z",4,FALSE,0,0,0,0,0,0,0,0,0,0,0,0,0,"0.0","0.0","0.0","0.0",0,0,0,0,0,"0.00","0.00","0.00","0.00",45,-7549,313784,107522,115071,593
2,0,"2026-08-23T13:00:00Z",1,FALSE,0,0,0,0,0,0,0,0,0,0,0,0,0,"0.0","0.0","0.0","0.0",0,0,0,0,0,"0.00","0.00","0.00","0.00",60,0,20944,0,0,594
6,1,"2026-08-30T13:00:00Z",2,FALSE,10,0,0,0,0,0,0,0,0,0,0,0,3,"0.0","3.7","0.0","0.4",0,0,0,0,0,"0.00","0.00","0.00","0.04",60,-1622,25435,2519,4141,594
13,0,"2026-09-05T14:00:00Z",3,FALSE,13,0,0,0,0,0,0,0,1,0,0,0,-7,"0.0","0.0","4.0","0.0",0,0,0,0,0,"0.42","0.00","0.42","0.10",60,-1278,25799,4444,5722,594
7,0,"2026-09-13T13:00:00Z",4,FALSE,0,0,0,0,0,0,0,0,0,0,0,0,0,"0.0","0.0","0.0","0.0",0,0,0,0,0,"0.00","0.00","0.00","0.00",60,-2415,24399,2799,5214,594
9,0,"2026-08-22T14:00:00Z",1,FALSE,0,0,0,0,0,0,0,0,0,0,0,0,0,"0.0","0.0","0.0","0.0",0,0,0,0,0,"0.00","0.00","0.00","0.00",50,0,1214,0,0,595
15,1,"2026-08-28T19:00:00Z",2,FALSE,22,0,0,0,1,0,0,0,0,0,0,0,3,"1.4","1.3","0.0","0.3",0,0,1,1,0,"0.00","0.00","0.00","0.20",50,-72,1414,101,173,595
10,0,"2026-09-05T14:00:00Z",3,FALSE,0,0,0,0,0,0,0,0,0,0,0,0,0,"0.0","0.0","0.0","0.0",0,0,0,0,0,"0.00","0.00","0.00","0.00",50,-66,1444,158,224,595
12,1,"2026-09-12T14:00:00Z",4,FALSE,6,0,0,0,1,0,0,0,0,0,0,0,3,"0.0","0.0","0.0","0.0",0,0,0,0,0,"0.00","0.00","0.00","0.47",50,-88,1406,110,198,595
5,1,"2026-08-23T13:00:00Z",1,FALSE,8,0,0,0,0,0,0,0,0,0,0,0,3,"4.0","0.0","0.0","0.4",0,0,2,2,0,"0.00","0.00","0.00","0.14",45,0,7884,0,0,596
1,0,"2026-08-31T19:00:00Z",2,FALSE,0,0,0,0,0,0,0,0,0,0,0,0,0,"0.0","0.0","0.0","0.0",0,0,0,0,0,"0.00","0.00","0.00","0.00",45,-243,10673,856,1099,596
11,1,"2026-09-05T16:30:00Z",3,FALSE,15,0,0,0,0,0,0,0,0,0,0,0,3,"2.6","2.6","0.0","0.5",1,2,0,1,0,"0.00","0.01","0.01","0.35",45,-990,10240,736,1726,596
18,0,"2026-09-12T14:00:00Z",4,FALSE,0,0,0,0,0,0,0,0,0,0,0,0,0,"0.0","0.0","0.0","0.0",0,0,0,0,0,"0.00","0.00","0.00","0.00",45,-993,9485,272,1265,596
5,0,"2026-08-23T13:00:00Z",1,FALSE,0,0,0,0,0,0,0,0,0,0,0,0,0,"0.0","0.0","0.0","0.0",0,0,0,0,0,"0.00","0.00","0.00","0.00",50,0,61739,0,0,597
1,2,"2026-08-31T19:00:00Z",2,FALSE,90,0,0,0,1,0,0,0,0,0,1,0,8,"13.6","0.0","0.0","1.4",2,9,0,0,1,"0.00","0.00","0.00","1.04",50,-2542,82325,4229,6771,597
11,10,"2026-09-05T16:30:00Z",3,FALSE,90,0,0,1,0,0,0,0,0,0,4,3,38,"27.2","0.0","0.0","2.7",1,13,0,0,1,"0.00","0.00","0.00","0.57",50,21820,144003,33094,11274,597
18,2,"2026-09-12T14:00:00Z",4,FALSE,90,0,0,0,2,0,0,0,0,0,5,0,17,"0.0","0.0","0.0","0.0",2,9,0,0,1,"0.00","0.01","0.01","2.28",50,64651,206678,83655,19004,597
18,0,"2026-08-22T14:00:00Z",1,FALSE,0,0,0,0,0,0,0,0,0,0,0,0,0,"0.0","0.0","0.0","0.0",0,0,0,0,0,"0.00","0.00","0.00","0.00",45,0,1842,0,0,598
4,1,"2026-08-30T13:00:00Z",2,FALSE,56,0,0,0,1,0,0,0,0,0,0,0,9,"16.0","1.1","6.0","2.3",5,4,1,6,0,"0.00","0.00","0.00","1.32",45,75,2511,354,279,598
5,4,"2026-09-05T14:00:00Z",3,FALSE,90,0,0,0,1,0,0,0,0,0,0,0,12,"27.6","21.1","6.0","5.5",10,0,0,10,1,"0.00","0.57","0.57","2.19",45,201,2951,729,528,598
17,0,"2026-09-14T19:00:00Z",4,FALSE,0,0,0,0,0,0,0,0,0,0,0,0,0,"0.0","0.0","0.0","0.0",0,0,0,0,0,"0.00","0.00","0.00","0.00",45,1498,4919,2774,1276,598
1,0,"2026-08-21T19:00:00Z",1,FALSE,0,0,0,0,0,0,0,0,0,0,0,0,0,"0.0","0.0","0.0","0.0",0,0,0,0,0,"0.00","0.00","0.00","0.00",50,0,7348,0,0,599
11,0,"2026-08-29T14:00:00Z",2,FALSE,0,0,0,0,0,0,0,0,0,0,0,0,0,"0.0","0.0","0.0","0.0",0,0,0,0,0,"0.00","0.00","0.00","0.00",50,330,9736,1724,1394,599
15,0,"2026-09-05T14:00:00Z",3,FALSE,0,0,0,0,0,0,0,0,0,0,0,0,0,"0.0","0.0","0.0","0.0",0,0,0,0,0,"0.00","0.00","0.00","0.00",50,-134,10406,2227,2361,599
5,0,"2026-09-13T13:00:00Z",4,FALSE,0,0,0,0,0,0,0,0,0,0,0,0,0,"0.0","0.0","0.0","0.0",0,0,0,0,0,"0.00","0.00","0.00","0.00",50,-281,10369,1323,1604,599
2,1,"2026-08-23T13:00:00Z",1,FALSE,12,0,0,0,0,0,0,0,0,0,0,0,7,"4.2","15.4","4.0","2.4",0,2,0,2,0,"0.00","0.05","0.05","0.00",50,0,633,0,0,600
6,1,"2026-08-30T13:00:00Z",2,FALSE,16,0,0,0,1,0,0,0,0,0,0,0,6,"3.0","1.3","2.0","0.6",0,0,1,1,0,"0.00","0.01","0.01","0.10",50,75,1521,218,143,600
13,0,"2026-09-05T14:00:00Z",3,FALSE,0,0,0,0,0,0,0,0,0,0,0,0,0,"0.0","0.0","0.0","0.0",0,0,0,0,0,"0.00","0.00","0.00","0.00",50,30,1841,312,282,600
7,0,"2026-09-13T13:00:00Z",4,FALSE,0,0,0,0,0,0,0,0,0,0,0,0,0,"0.0","0.0","0.0","0.0",0,0,0,0,0,"0.00","0.00","0.00","0.00",50,-148,1793,153,301,600
4,0,"2026-08-22T16:30:00Z",1,FALSE,0,0,0,0,0,0,0,0,0,0,0,0,0,"0.0","0.0","0.0","0.0",0,0,0,0,0,"0.00","0.00","0.00","0.00",45,0,0,0,0,601
17,0,"2026-08-29T16:30:00Z",2,FALSE,0,0,0,0,0,0,0,0,0,0,0,0,0,"0.0","0.0","0.0","0.0",0,0,0,0,0,"0.00","0.00","0.00","0.00",45,2052,7704,2636,584,601
18,0,"2026-09-05T14:00:00Z",3,FALSE,0,0,0,0,0,0,0,0,0,0,0,0,0,"0.0","0.0","0.0","0.0",0,0,0,0,0,"0.00","0.00","0.00","0.00",45,2301,13933,4467,2166,601
9,0,"2026-09-12T16:30:00Z",4,FALSE,0,0,0,0,0,0,0,0,0,0,0,0,0,"0.0","0.0","0.0","0.0",0,0,0,0,0,"0.00","0.00","0.00","0.00",45,403,14941,2324,1921,601
20,0,"2026-08-22T14:00:00Z",1,FALSE,0,0,0,0,0,0,0,0,0,0,0,0,0,"0.0","0.0","0.0","0.0",0,0,0,0,0,"0.00","0.00","0.00","0.00",45,0,0,0,0,602
16,0,"2026-08-30T15:30:00Z",2,FALSE,0,0,0,0,0,0,0,0,0,0,0,0,0,"0.0","0.0","0.0","0.0",0,0,0,0,0,"0.00","0.00","0.00","0.00",45,942,3086,1275,333,602
14,0,"2026-09-04T19:00:00Z",3,FALSE,0,0,0,0,0,0,0,0,0,0,0,0,0,"0.0","0.0","0.0","0.0",0,0,0,0,0,"0.00","0.00","0.00","0.00",45,382,4148,1586,1204,602
8,0,"2026-09-12T14:00:00Z",4,FALSE,0,0,0,0,0,0,0,0,0,0,0,0,0,"0.0","0.0","0.0","0.0",0,0,0,0,0,"0.00","0.00","0.00","0.00",45,-968,2961,0,968,602
18,0,"2026-08-22T14:00:00Z",1,FALSE,0,0,0,0,0,0,0,0,0,0,0,0,0,"0.0","0.0","0.0","0.0",0,0,0,0,0,"0.00","0.00","0.00","0.00",40,0,0,0,0,603
4,0,"2026-08-30T13:00:00Z",2,FALSE,0,0,0,0,0,0,0,0,0,0,0,0,0,"0.0","0.0","0.0","0.0",0,0,0,0,0,"0.00","0.00","0.00","0.00",40,1169,7187,1488,319,603
5,0,"2026-09-05T14:00:00Z",3,FALSE,0,0,0,0,0,0,0,0,0,0,0,0,0,"0.0","0.0","0.0","0.0",0,0,0,0,0,"0.00","0.00","0.00","0.00",40,1400,11399,2536,1136,603
17,0,"2026-09-14T19:00:00Z",4,FALSE,0,0,0,0,0,0,0,0,0,0,0,0,0,"0.0","0.0","0.0","0.0",0,0,0,0,0,"0.00","0.00","0.00","0.00",40,388,11191,1426,1038,603
18,0,"2026-08-22T14:00:00Z",1,FALSE,0,0,0,0,0,0,0,0,0,0,0,0,0,"0.0","0.0","0.0","0.0",0,0,0,0,0,"0.00","0.00","0.00","0.00",45,0,0,0,0,604
4,0,"2026-08-30T13:00:00Z",2,FALSE,0,0,0,0,0,0,0,0,0,0,0,0,0,"0.0","0.0","0.0","0.0",0,0,0,0,0,"0.00","0.00","0.00","0.00",45,2319,7215,3029,710,604
5,0,"2026-09-05T14:00:00Z",3,FALSE,0,0,0,0,0,0,0,0,0,0,0,0,0,"0.0","0.0","0.0","0.0",0,0,0,0,0,"0.00","0.00","0.00","0.00",45,3728,14318,5922,2194,604
17,0,"2026-09-14T19:00:00Z",4,FALSE,0,0,0,0,0,0,0,0,0,0,0,0,0,"0.0","0.0","0.0","0.0",0,0,0,0,0,"0.00","0.00","0.00","0.00",45,1252,15793,3443,2191,604
2,1,"2026-08-23T13:00:00Z",1,FALSE,4,0,0,0,0,0,0,0,0,0,0,0,3,"0.6","2.7","0.0","0.3",0,0,0,0,0,"0.00","0.01","0.01","0.00",45,0,0,0,0,605
6,8,"2026-08-30T13:00:00Z",2,FALSE,73,1,0,0,3,0,0,0,0,0,0,1,39,"50.8","20.1","42.0","11.3",2,2,3,7,1,"0.70","0.16","0.86","2.83",45,3387,9806,4339,952,605
13,2,"2026-09-05T14:00:00Z",3,FALSE,90,0,0,0,1,0,0,0,0,0,0,0,16,"8.2","24.4","20.0","5.3",2,3,0,5,1,"0.05","0.09","0.14","2.49",45,174780,252653,208413,33633,605
7,0,"2026-09-13T13:00:00Z",4,FALSE,0,0,0,0,0,0,0,0,0,0,0,0,0,"0.0","0.0","0.0","0.0",0,0,0,0,0,"0.00","0.00","0.00","0.00",45,125140,374976,185444,60304,605
5,0,"2026-08-23T13:00:00Z",1,FALSE,0,0,0,0,0,0,0,0,0,0,0,0,0,"0.0","0.0","0.0","0.0",0,0,0,0,0,"0.00","0.00","0.00","0.00",40,0,0,0,0,606
1,0,"2026-08-31T19:00:00Z",2,FALSE,0,0,0,0,0,0,0,0,0,0,0,0,0,"0.0","0.0","0.0","0.0",0,0,0,0,0,"0.00","0.00","0.00","0.00",40,1314,5947,1560,246,606
11,0,"2026-09-05T16:30:00Z",3,FALSE,0,0,0,0,0,0,0,0,0,0,0,0,0,"0.0","0.0","0.0","0.0",0,0,0,0,0,"0.00","0.00","0.00","0.00",40,4717,18767,6400,1683,606
18,0,"2026-09-12T14:00:00Z",4,FALSE,0,0,0,0,0,0,0,0,0,0,0,0,0,"0.0","0.0","0.0","0.0",0,0,0,0,0,"0.00","0.00","0.00","0.00",40,1187,18103,2914,1727,606
5,0,"2026-08-23T13:00:00Z",1,FALSE,0,0,0,0,0,0,0,0,0,0,0,0,0,"0.0","0.0","0.0","0.0",0,0,0,0,0,"0.00","0.00","0.00","0.00",45,0,0,0,0,607
1,0,"2026-08-31T19:00:00Z",2,FALSE,0,0,0,0,0,0,0,0,0,0,0,0,0,"0.0","0.0","0.0","0.0",0,0,0,0,0,"0.00","0.00","0.00","0.00",45,2771,8874,3603,832,607
11,0,"2026-09-05T16:30:00Z",3,FALSE,0,0,0,0,0,0,0,0,0,0,0,0,0,"0.0","0.0","0.0","0.0",0,0,0,0,0,"0.00","0.00","0.00","0.00",45,1177,12683,3500,2323,607
18,0,"2026-09-12T14:00:00Z",4,FALSE,0,0,0,0,0,0,0,0,0,0,0,0,0,"0.0","0.0","0.0","0.0",0,0,0,0,0,"0.00","0.00","0.00","0.00",45,-2922,8828,0,2922,607
15,1,"2026-08-23T13:00:00Z",1,FALSE,15,0,0,0,2,0,0,0,0,0,0,0,6,"3.4","0.8","17.0","2.1",0,1,0,1,0,"0.10","0.00","0.10","0.31",50,0,0,0,0,608
9,0,"2026-08-29T14:00:00Z",2,FALSE,0,0,0,0,0,0,0,0,0,0,0,0,0,"0.0","0.0","0.0","0.0",0,0,0,0,0,"0.00","0.00","0.00","0.00",50,2056,4738,2477,421,608
17,1,"2026-09-05T11:30:00Z",3,FALSE,1,0,0,0,0,0,0,0,0,0,0,0,4,"0.0","0.0","0.0","0.0",0,0,0,0,0,"0.00","0.00","0.00","0.05",50,2512,9237,4510,1998,608
4,0,"2026-09-12T14:00:00Z",4,FALSE,0,0,0,0,0,0,0,0,0,0,0,0,0,"0.0","0.0","0.0","0.0",0,0,0,0,0,"0.00","0.00","0.00","0.00",50,1502,11375,3390,1888,608
14,0,"2026-08-23T15:30:00Z",1,FALSE,0,0,0,0,0,0,0,0,0,0,0,0,0,"0.0","0.0","0.0","0.0",0,0,0,0,0,"0.00","0.00","0.00","0.00",40,0,0,0,0,609
19,0,"2026-08-29T16:30:00Z",2,FALSE,0,0,0,0,0,0,0,0,0,0,0,0,0,"0.0","0.0","0.0","0.0",0,0,0,0,0,"0.00","0.00","0.00","0.00",40,3348,11777,3993,645,609
3,0,"2026-09-05T11:30:00Z",3,FALSE,0,0,0,0,0,0,0,0,0,0,0,0,0,"0.0","0.0","0.0","0.0",0,0,0,0,0,"0.00","0.00","0.00","0.00",40,7555,31239,10871,3316,609
13,0,"2026-09-14T19:00:00Z",4,FALSE,0,0,0,0,0,0,0,0,0,0,0,0,0,"0.0","0.0","0.0","0.0",0,0,0,0,0,"0.00","0.00","0.00","0.00",40,-1044,26576,3372,4416,609
6,0,"2026-08-24T19:00:00Z",1,FALSE,0,0,0,0,0,0,0,0,0,0,0,0,0,"0.0","0.0","0.0","0.0",0,0,0,0,0,"0.00","0.00","0.00","0.00",40,0,0,0,0,610
20,0,"2026-08-30T13:00:00Z",2,FALSE,0,0,0,0,0,0,0,0,0,0,0,0,0,"0.0","0.0","0.0","0.0",0,0,0,0,0,"0.00","0.00","0.00","0.00",40,2577,7950,3051,474,610
8,0,"2026-09-05T14:00:00Z",3,FALSE,0,0,0,0,0,0,0,0,0,0,0,0,0,"0.0","0.0","0.0","0.0",0,0,0,0,0,"0.00","0.00","0.00","0.00",40,382,11771,2221,1839,610
14,0,"2026-09-12T14:00:00Z",4,FALSE,0,0,0,0,0,0,0,0,0,0,0,0,0,"0.0","0.0","0.0","0.0",0,0,0,0,0,"0.00","0.00","0.00","0.00",40,-750,9207,515,1265,610
1,1,"2026-08-31T19:00:00Z",2,FALSE,12,0,0,0,0,0,0,0,0,0,0,0,4,"3.6","0.8","0.0","0.4",0,0,2,2,0,"0.00","0.00","0.00","0.00",45,1383,4588,1549,166,611
11,1,"2026-09-05T16:30:00Z",3,FALSE,5,0,0,0,0,0,0,0,0,0,0,0,3,"2.8","0.9","0.0","0.4",1,0,0,1,0,"0.00","0.00","0.00","0.35",45,5012,15829,6633,1621,611
18,3,"2026-09-12T14:00:00Z",4,FALSE,90,0,0,0,2,0,0,0,0,0,0,0,11,"0.0","0.0","0.0","0.0",7,1,5,12,1,"0.00","0.06","0.06","2.28",45,1842,19667,4076,2234,611
10,0,"2026-08-30T13:00:00Z",2,FALSE,0,0,0,0,0,0,0,0,0,0,0,0,0,"0.0","0.0","0.0","0.0",0,0,0,0,0,"0.00","0.00","0.00","0.00",45,68,156,95,27,612
4,0,"2026-09-05T14:00:00Z",3,FALSE,0,0,0,0,0,0,0,0,0,0,0,0,0,"0.0","0.0","0.0","0.0",0,0,0,0,0,"0.00","0.00","0.00","0.00",45,262,632,362,100,612
1,0,"2026-09-12T19:00:00Z",4,FALSE,0,0,0,0,0,0,0,0,0,0,0,0,0,"0.0","0.0","0.0","0.0",0,0,0,0,0,"0.00","0.00","0.00","0.00",45,-16,710,187,203,612
10,0,"2026-08-30T13:00:00Z",2,FALSE,0,0,0,0,0,0,0,0,0,0,0,0,0,"0.0","0.0","0.0","0.0",0,0,0,0,0,"0.00","0.00","0.00","0.00",45,2077,6052,2475,398,613
4,0,"2026-09-05T14:00:00Z",3,FALSE,0,0,0,0,0,0,0,0,0,0,0,0,0,"0.0","0.0","0.0","0.0",0,0,0,0,0,"0.00","0.00","0.00","0.00",45,8884,27345,13182,4298,613
1,0,"2026-09-12T19:00:00Z",4,FALSE,0,0,0,0,0,0,0,0,0,0,0,0,0,"0.0","0.0","0.0","0.0",0,0,0,0,0,"0.00","0.00","0.00","0.00",45,2550,29307,6933,4383,613
6,0,"2026-08-30T13:00:00Z",2,FALSE,0,0,0,0,0,0,0,0,0,0,0,0,0,"0.0","0.0","0.0","0.0",0,0,0,0,0,"0.00","0.00","0.00","0.00",45,952,1839,1006,54,614
13,0,"2026-09-05T14:00:00Z",3,FALSE,0,0,0,0,0,0,0,0,0,0,0,0,0,"0.0","0.0","0.0","0.0",0,0,0,0,0,"0.00","0.00","0.00","0.00",45,1310,4150,1795,485,614
7,0,"2026-09-13T13:00:00Z",4,FALSE,0,0,0,0,0,0,0,0,0,0,0,0,0,"0.0","0.0","0.0","0.0",0,0,0,0,0,"0.00","0.00","0.00","0.00",45,-135,4155,425,560,614
9,0,"2026-08-29T14:00:00Z",2,FALSE,0,0,0,0,0,0,0,0,0,0,0,0,0,"0.0","0.0","0.0","0.0",0,0,0,0,0,"0.00","0.00","0.00","0.00",45,214,593,241,27,615
17,0,"2026-09-05T11:30:00Z",3,FALSE,0,0,0,0,0,0,0,0,0,0,0,0,0,"0.0","0.0","0.0","0.0",0,0,0,0,0,"0.00","0.00","0.00","0.00",45,949,2932,1404,455,615
4,0,"2026-09-12T14:00:00Z",4,FALSE,0,0,0,0,0,0,0,0,0,0,0,0,0,"0.0","0.0","0.0","0.0",0,0,0,0,0,"0.00","0.00","0.00","0.00",45,229,3698,755,526,615
8,1,"2026-08-28T19:00:00Z",2,FALSE,8,0,0,0,0,0,0,0,0,0,0,0,3,"1.8","4.3","0.0","0.6",1,0,0,1,0,"0.00","0.12","0.12","0.00",55,2706,4327,3055,349,616
7,1,"2026-09-05T14:00:00Z",3,FALSE,14,0,0,0,0,0,0,0,0,0,0,0,5,"11.2","0.5","0.0","1.2",2,3,0,5,0,"0.00","0.00","0.00","0.37",55,6041,15546,9299,3258,616
16,0,"2026-09-13T15:30:00Z",4,FALSE,0,0,0,0,0,0,0,0,0,0,0,0,0,"0.0","0.0","0.0","0.0",0,0,0,0,0,"0.00","0.00","0.00","0.00",55,937,18618,4899,3962,616
7,1,"2026-08-29T14:00:00Z",2,FALSE,7,0,0,0,0,0,0,0,0,0,0,0,3,"0.4","0.3","0.0","0.1",0,0,0,0,0,"0.00","0.00","0.00","0.18",50,23,49,25,2,617
2,1,"2026-09-05T16:30:00Z",3,FALSE,8,0,0,0,0,0,0,0,0,0,0,0,5,"3.0","0.0","17.0","2.0",0,0,0,0,0,"0.05","0.00","0.05","0.00",50,482,871,671,189,617
6,1,"2026-09-12T14:00:00Z",4,FALSE,30,0,0,0,1,0,0,0,0,0,0,0,3,"0.0","0.0","0.0","0.0",1,1,0,2,0,"0.47","0.16","0.63","0.64",50,147,1116,339,192,617
1,0,"2026-08-31T19:00:00Z",2,FALSE,0,0,0,0,0,0,0,0,0,0,0,0,0,"0.0","0.0","0.0","0.0",0,0,0,0,0,"0.00","0.00","0.00","0.00",60,205,386,212,7,618
11,0,"2026-09-05T16:30:00Z",3,FALSE,0,0,0,0,0,0,0,0,0,0,0,0,0,"0.0","0.0","0.0","0.0",0,0,0,0,0,"0.00","0.00","0.00","0.00",60,2608,5084,3449,841,618
18,0,"2026-09-12T14:00:00Z",4,FALSE,0,0,0,0,0,0,0,0,0,0,0,0,0,"0.0","0.0","0.0","0.0",0,0,0,0,0,"0.00","0.00","0.00","0.00",60,-1201,4178,901,2102,618
16,1,"2026-08-30T15:30:00Z",2,FALSE,28,0,0,0,2,0,0,0,0,0,0,0,11,"7.2","12.0","2.0","2.1",2,3,1,6,0,"0.00","0.01","0.01","1.92",50,84,127,89,5,619
14,4,"2026-09-04T19:00:00Z",3,FALSE,77,0,0,0,2,0,0,0,0,0,0,0,24,"20.2","22.5","0.0","4.3",3,12,4,19,1,"0.00","0.02","0.02","0.69",50,979,1551,1326,347,619
8,4,"2026-09-12T14:00:00Z",4,FALSE,90,0,0,0,2,0,0,0,0,0,0,0,14,"0.0","0.0","0.0","0.0",5,5,3,13,1,"0.00","0.04","0.04","0.62",50,1408,3376,2317,909,619
13,0,"2026-08-30T13:00:00Z",2,FALSE,0,0,0,0,0,0,0,0,0,0,0,0,0,"0.0","0.0","0.0","0.0",0,0,0,0,0,"0.00","0.00","0.00","0.00",45,563,817,600,37,620
20,0,"2026-09-05T14:00:00Z",3,FALSE,0,0,0,0,0,0,0,0,0,0,0,0,0,"0.0","0.0","0.0","0.0",0,0,0,0,0,"0.00","0.00","0.00","0.00",45,6560,10083,9542,2982,620
3,1,"2026-09-12T14:00:00Z",4,FALSE,30,0,0,0,0,0,0,0,0,0,0,0,4,"0.0","0.0","0.0","0.0",1,1,0,1,0,"0.00","0.01","0.01","0.50",45,-31,10030,1940,1971,620
8,1,"2026-08-28T19:00:00Z",2,FALSE,8,0,0,0,0,0,0,0,0,0,0,0,3,"0.0","0.5","1.0","0.1",0,0,0,0,0,"0.10","0.00","0.10","0.00",45,0,0,0,0,621
7,1,"2026-09-05T14:00:00Z",3,FALSE,3,0,0,0,0,0,0,0,0,0,0,0,5,"5.2","0.0","2.0","0.7",0,2,2,4,0,"0.00","0.00","0.00","0.02",45,4752,9526,6678,1926,621
16,0,"2026-09-13T15:30:00Z",4,FALSE,0,0,0,0,0,0,0,0,0,0,0,0,0,"0.0","0.0","0.0","0.0",0,0,0,0,0,"0.00","0.00","0.00","0.00",45,1361,13105,3586,2225,621
8,1,"2026-08-28T19:00:00Z",2,FALSE,1,0,0,0,0,0,0,0,0,0,0,0,3,"0.6","0.8","0.0","0.1",0,1,0,0,0,"0.00","0.00","0.00","0.00",40,0,0,0,0,622
7,0,"2026-09-05T14:00:00Z",3,FALSE,0,0,0,0,0,0,0,0,0,0,0,0,0,"0.0","0.0","0.0","0.0",0,0,0,0,0,"0.00","0.00","0.00","0.00",40,7079,14144,9284,2205,622
16,0,"2026-09-13T15:30:00Z",4,FALSE,0,0,0,0,0,0,0,0,0,0,0,0,0,"0.0","0.0","0.0","0.0",0,0,0,0,0,"0.00","0.00","0.00","0.00",40,1899,20693,4620,2721,622
11,0,"2026-08-29T14:00:00Z",2,FALSE,0,0,0,0,0,0,0,0,0,0,0,0,0,"0.0","0.0","0.0","0.0",0,0,0,0,0,"0.00","0.00","0.00","0.00",40,0,0,0,0,623
15,0,"2026-09-05T14:00:00Z",3,FALSE,0,0,0,0,0,0,0,0,0,0,0,0,0,"0.0","0.0","0.0","0.0",0,0,0,0,0,"0.00","0.00","0.00","0.00",40,17253,29804,20080,2827,623
5,0,"2026-09-13T13:00:00Z",4,FALSE,0,0,0,0,0,0,0,0,0,0,0,0,0,"0.0","0.0","0.0","0.0",0,0,0,0,0,"0.00","0.00","0.00","0.00",40,25889,56982,36983,11094,623
6,0,"2026-08-30T13:00:00Z",2,FALSE,0,0,0,0,0,0,0,0,0,0,0,0,0,"0.0","0.0","0.0","0.0",0,0,0,0,0,"0.00","0.00","0.00","0.00",50,0,0,0,0,624
13,0,"2026-09-05T14:00:00Z",3,FALSE,0,0,0,0,0,0,0,0,0,0,0,0,0,"0.0","0.0","0.0","0.0",0,0,0,0,0,"0.00","0.00","0.00","0.00",50,61,111,117,56,624
7,0,"2026-09-13T13:00:00Z",4,FALSE,0,0,0,0,0,0,0,0,0,0,0,0,0,"0.0","0.0","0.0","0.0",0,0,0,0,0,"0.00","0.00","0.00","0.00",50,-40,61,0,40,624
4,0,"2026-08-30T13:00:00Z",2,FALSE,0,0,0,0,0,0,0,0,0,0,0,0,0,"0.0","0.0","0.0","0.0",0,0,0,0,0,"0.00","0.00","0.00","0.00",40,0,0,0,0,625
5,0,"2026-09-05T14:00:00Z",3,FALSE,0,0,0,0,0,0,0,0,0,0,0,0,0,"0.0","0.0","0.0","0.0",0,0,0,0,0,"0.00","0.00","0.00","0.00",40,8041,19774,9425,1384,625
17,0,"2026-09-14T19:00:00Z",4,FALSE,0,0,0,0,0,0,0,0,0,0,0,0,0,"0.0","0.0","0.0","0.0",0,0,0,0,0,"0.00","0.00","0.00","0.00",40,3754,20648,6067,2313,625
20,0,"2026-08-30T13:00:00Z",2,FALSE,0,0,0,0,0,0,0,0,0,0,0,0,0,"0.0","0.0","0.0","0.0",0,0,0,0,0,"0.00","0.00","0.00","0.00",45,0,0,0,0,626
8,0,"2026-09-05T14:00:00Z",3,FALSE,0,0,0,0,0,0,0,0,0,0,0,0,0,"0.0","0.0","0.0","0.0",0,0,0,0,0,"0.00","0.00","0.00","0.00",45,17179,40392,22010,4831,626
14,0,"2026-09-12T14:00:00Z",4,FALSE,0,0,0,0,0,0,0,0,0,0,0,0,0,"0.0","0.0","0.0","0.0",0,0,0,0,0,"0.00","0.00","0.00","0.00",45,4635,39436,11161,6526,626
12,1,"2026-09-04T19:00:00Z",3,FALSE,26,0,0,0,0,0,0,0,0,0,0,0,5,"3.0","10.5","2.0","1.6",0,0,0,0,0,"0.00","0.07","0.07","0.17",80,116172,145340,135788,19616,627
10,3,"2026-09-12T14:00:00Z",4,FALSE,71,0,0,1,0,0,0,0,0,0,0,0,9,"0.0","0.0","0.0","0.0",0,2,3,5,1,"0.21","0.03","0.24","0.60",80,70941,238639,116804,45863,627
7,0,"2026-09-05T14:00:00Z",3,FALSE,0,0,0,0,0,0,0,0,0,0,0,0,0,"0.0","0.0","0.0","0.0",0,0,0,0,0,"0.00","0.00","0.00","0.00",60,213,365,300,87,628
16,0,"2026-09-13T15:30:00Z",4,FALSE,0,0,0,0,0,0,0,0,0,0,0,0,0,"0.0","0.0","0.0","0.0",0,0,0,0,0,"0.00","0.00","0.00","0.00",60,117,671,309,192,628
5,0,"2026-09-05T14:00:00Z",3,FALSE,0,0,0,0,0,0,0,0,0,0,0,0,0,"0.0","0.0","0.0","0.0",0,0,0,0,0,"0.00","0.00","0.00","0.00",40,11967,37143,13274,1307,629
17,0,"2026-09-14T19:00:00Z",4,FALSE,0,0,0,0,0,0,0,0,0,0,0,0,0,"0.0","0.0","0.0","0.0",0,0,0,0,0,"0.00","0.00","0.00","0.00",40,18112,65838,23210,5098,629
11,0,"2026-09-05T16:30:00Z",3,FALSE,0,0,0,0,0,0,0,0,0,0,0,0,0,"0.0","0.0","0.0","0.0",0,0,0,0,0,"0.00","0.00","0.00","0.00",45,755,1010,945,190,630
18,0,"2026-09-12T14:00:00Z",4,FALSE,0,0,0,0,0,0,0,0,0,0,0,0,0,"0.0","0.0","0.0","0.0",0,0,0,0,0,"0.00","0.00","0.00","0.00",45,388,1586,653,265,630
11,0,"2026-09-05T16:30:00Z",3,FALSE,0,0,0,0,0,0,0,0,0,0,0,0,0,"0.0","0.0","0.0","0.0",0,0,0,0,0,"0.00","0.00","0.00","0.00",60,3426,4421,4056,630,631
18,1,"2026-09-12T14:00:00Z",4,FALSE,27,0,0,0,1,0,0,0,0,0,0,0,6,"0.0","0.0","0.0","0.0",0,1,1,2,0,"0.02","0.13","0.15","0.86",60,1207,5917,2787,1580,631
2,0,"2026-09-05T16:30:00Z",3,FALSE,0,0,0,0,0,0,0,0,0,0,0,0,0,"0.0","0.0","0.0","0.0",0,0,0,0,0,"0.00","0.00","0.00","0.00",50,2012,2839,2222,210,632
6,0,"2026-09-12T14:00:00Z",4,FALSE,0,0,0,0,0,0,0,0,0,0,0,0,0,"0.0","0.0","0.0","0.0",0,0,0,0,0,"0.00","0.00","0.00","0.00",50,1122,4222,2674,1552,632
10,0,"2026-09-05T14:00:00Z",3,FALSE,0,0,0,0,0,0,0,0,0,0,0,0,0,"0.0","0.0","0.0","0.0",0,0,0,0,0,"0.00","0.00","0.00","0.00",45,185,296,217,32,633
12,3,"2026-09-12T14:00:00Z",4,FALSE,90,0,0,0,3,0,0,0,0,0,0,0,10,"0.0","0.0","0.0","0.0",9,4,2,11,1,"0.00","0.01","0.01","1.67",45,668,1153,848,180,633
3,1,"2026-09-05T11:30:00Z",3,FALSE,27,0,0,0,0,0,0,0,0,0,0,0,4,"0.0","0.8","6.0","0.7",0,1,0,1,0,"0.00","0.00","0.00","0.04",60,4798,5694,5384,586,634
13,0,"2026-09-14T19:00:00Z",4,FALSE,0,0,0,0,0,0,0,0,0,0,0,0,0,"0.0","0.0","0.0","0.0",0,0,0,0,0,"0.00","0.00","0.00","0.00",60,4168,10646,6117,1949,634
8,1,"2026-09-05T14:00:00Z",3,FALSE,11,0,0,0,0,0,0,0,0,0,0,0,3,"3.6","1.3","9.0","1.4",0,0,1,1,0,"0.13","0.22","0.35","0.00",50,261,322,288,27,635
14,1,"2026-09-12T14:00:00Z",4,FALSE,13,0,0,0,0,0,0,0,0,0,0,0,3,"0.0","0.0","0.0","0.0",0,1,0,1,0,"0.00","0.01","0.01","0.46",50,185,614,266,81,635
8,0,"2026-09-05T14:00:00Z",3,FALSE,0,0,0,0,0,0,0,0,0,0,0,0,0,"0.0","0.0","0.0","0.0",0,0,0,0,0,"0.00","0.00","0.00","0.00",50,106,151,120,14,636
14,0,"2026-09-12T14:00:00Z",4,FALSE,0,0,0,0,0,0,0,0,0,0,0,0,0,"0.0","0.0","0.0","0.0",0,0,0,0,0,"0.00","0.00","0.00","0.00",50,79,306,133,54,636
2,0,"2026-09-05T16:30:00Z",3,FALSE,0,0,0,0,0,0,0,0,0,0,0,0,0,"0.0","0.0","0.0","0.0",0,0,0,0,0,"0.00","0.00","0.00","0.00",50,1405,2077,1607,202,637
6,1,"2026-09-12T14:00:00Z",4,FALSE,8,0,0,0,0,0,0,0,0,0,0,0,3,"0.0","0.0","0.0","0.0",0,1,0,1,0,"0.00","0.00","0.00","0.18",50,2411,5168,3312,901,637
2,1,"2026-09-05T16:30:00Z",3,FALSE,26,0,0,0,0,0,0,0,0,0,0,0,3,"2.2","0.3","2.0","0.5",1,2,0,1,0,"0.00","0.00","0.00","0.12",40,5681,17629,6454,773,638
6,0,"2026-09-12T14:00:00Z",4,FALSE,8,0,0,0,0,0,0,0,1,0,0,0,0,"0.0","0.0","0.0","0.0",0,2,0,0,0,"0.05","0.00","0.05","0.18",40,10672,34986,14148,3476,638
13,0,"2026-09-05T14:00:00Z",3,FALSE,0,0,0,0,0,0,0,0,0,0,0,0,0,"0.0","0.0","0.0","0.0",0,0,0,0,0,"0.00","0.00","0.00","0.00",55,219,345,261,42,639
7,0,"2026-09-13T13:00:00Z",4,FALSE,0,0,0,0,0,0,0,0,0,0,0,0,0,"0.0","0.0","0.0","0.0",0,0,0,0,0,"0.00","0.00","0.00","0.00",55,318,812,513,195,639
14,1,"2026-09-04T19:00:00Z",3,FALSE,24,0,0,0,0,0,0,0,0,0,0,0,4,"3.2","0.5","7.0","1.1",0,0,0,0,0,"0.02","0.01","0.03","0.06",55,1528,1904,1761,233,640
8,5,"2026-09-12T14:00:00Z",4,FALSE,27,1,0,0,1,0,0,0,0,0,0,0,32,"0.0","0.0","0.0","0.0",1,1,0,2,0,"0.52","0.00","0.52","0.41",55,1835,4207,2524,689,640
5,0,"2026-09-05T14:00:00Z",3,FALSE,0,0,0,0,0,0,0,0,0,0,0,0,0,"0.0","0.0","0.0","0.0",0,0,0,0,0,"0.00","0.00","0.00","0.00",45,149,242,177,28,641
17,0,"2026-09-14T19:00:00Z",4,FALSE,0,0,0,0,0,0,0,0,0,0,0,0,0,"0.0","0.0","0.0","0.0",0,0,0,0,0,"0.00","0.00","0.00","0.00",45,217,576,322,105,641
2,1,"2026-09-05T16:30:00Z",3,FALSE,27,0,0,0,0,0,0,0,0,0,0,0,5,"3.2","10.8","0.0","1.4",0,1,0,1,0,"0.00","0.04","0.04","0.12",55,388,569,446,58,642
6,1,"2026-09-12T14:00:00Z",4,FALSE,30,0,0,0,1,0,0,0,0,0,0,0,6,"0.0","0.0","0.0","0.0",0,4,0,4,0,"0.02","0.03","0.05","0.64",55,606,1526,883,277,642
10,7,"2026-09-05T14:00:00Z",3,FALSE,16,1,0,0,0,0,0,0,0,0,0,0,20,"33.2","0.7","17.0","5.1",0,0,0,0,0,"0.15","0.00","0.15","0.57",45,679,984,763,84,643
12,1,"2026-09-12T14:00:00Z",4,FALSE,13,0,0,0,1,0,0,0,0,0,0,0,1,"0.0","0.0","0.0","0.0",1,0,0,1,0,"0.12","0.01","0.13","0.55",45,32853,62478,38522,5669,643
10,2,"2026-09-05T14:00:00Z",3,FALSE,73,0,0,0,2,0,0,0,0,0,0,0,8,"4.2","0.2","1.0","0.5",2,3,1,6,1,"0.02","0.00","0.02","2.57",50,556,782,656,100,644
12,4,"2026-09-12T14:00:00Z",4,FALSE,90,0,0,0,3,0,0,0,0,0,0,0,24,"0.0","0.0","0.0","0.0",2,6,8,16,1,"0.10","0.03","0.13","1.67",50,1293,2570,1757,464,644
2,0,"2026-09-05T16:30:00Z",3,FALSE,0,0,0,0,0,0,0,0,0,0,0,0,0,"0.0","0.0","0.0","0.0",0,0,0,0,0,"0.00","0.00","0.00","0.00",50,186,288,210,24,645
6,0,"2026-09-12T14:00:00Z",4,FALSE,0,0,0,0,0,0,0,0,0,0,0,0,0,"0.0","0.0","0.0","0.0",0,0,0,0,0,"0.00","0.00","0.00","0.00",50,180,598,270,90,645
4,1,"2026-09-05T14:00:00Z",3,FALSE,16,0,0,0,0,0,0,0,0,0,0,0,3,"0.0","0.5","0.0","0.1",0,0,0,0,0,"0.00","0.00","0.00","0.39",55,1832,2246,2071,239,646
1,1,"2026-09-12T19:00:00Z",4,FALSE,14,0,0,0,1,0,0,0,0,0,0,0,2,"0.0","0.0","0.0","0.0",0,0,0,0,0,"0.00","0.00","0.00","0.79",55,636,3125,1193,557,646
10,1,"2026-09-05T14:00:00Z",3,FALSE,1,0,0,0,0,0,0,0,0,0,0,0,2,"2.0","0.3","0.0","0.2",0,0,1,1,0,"0.00","0.00","0.00","0.13",55,411,535,461,50,647
12,0,"2026-09-12T14:00:00Z",4,FALSE,0,0,0,0,0,0,0,0,0,0,0,0,0,"0.0","0.0","0.0","0.0",0,0,0,0,0,"0.00","0.00","0.00","0.00",55,263,903,378,115,647
5,0,"2026-09-05T14:00:00Z",3,FALSE,0,0,0,0,0,0,0,0,0,0,0,0,0,"0.0","0.0","0.0","0.0",0,0,0,0,0,"0.00","0.00","0.00","0.00",50,819,1030,1015,196,648
17,0,"2026-09-14T19:00:00Z",4,FALSE,0,0,0,0,0,0,0,0,0,0,0,0,0,"0.0","0.0","0.0","0.0",0,0,0,0,0,"0.00","0.00","0.00","0.00",50,392,1465,754,362,648
16,7,"2026-09-06T13:00:00Z",3,FALSE,13,1,0,0,1,0,0,0,0,0,0,0,13,"33.4","0.8","7.0","4.1",0,0,0,0,0,"0.03","0.00","0.03","0.29",45,431,569,559,128,649
19,6,"2026-09-12T16:30:00Z",4,FALSE,74,0,0,1,0,0,0,0,0,0,0,0,23,"0.0","0.0","0.0","0.0",3,4,2,5,1,"0.03","0.14","0.17","0.43",45,14703,30581,18405,3702,649
8,0,"2026-09-05T14:00:00Z",3,FALSE,0,0,0,0,0,0,0,0,0,0,0,0,0,"0.0","0.0","0.0","0.0",0,0,0,0,0,"0.00","0.00","0.00","0.00",45,177,317,204,27,650
14,8,"2026-09-12T14:00:00Z",4,FALSE,90,0,0,1,0,0,0,0,0,0,0,0,23,"0.0","0.0","0.0","0.0",11,3,1,12,1,"0.00","0.00","0.00","1.28",45,172,573,274,102,650
4,0,"2026-09-05T14:00:00Z",3,FALSE,0,0,0,0,0,0,0,0,0,0,0,0,0,"0.0","0.0","0.0","0.0",0,0,0,0,0,"0.00","0.00","0.00","0.00",45,14103,27023,15939,1836,651
1,0,"2026-09-12T19:00:00Z",4,FALSE,0,0,0,0,0,0,0,0,0,0,0,0,0,"0.0","0.0","0.0","0.0",0,0,0,0,0,"0.00","0.00","0.00","0.00",45,22849,53783,32385,9536,651
13,0,"2026-09-05T14:00:00Z",3,FALSE,0,0,0,0,0,0,0,0,0,0,0,0,0,"0.0","0.0","0.0","0.0",0,0,0,0,0,"0.00","0.00","0.00","0.00",55,214,256,248,34,652
7,0,"2026-09-13T13:00:00Z",4,FALSE,0,0,0,0,0,0,0,0,0,0,0,0,0,"0.0","0.0","0.0","0.0",0,0,0,0,0,"0.00","0.00","0.00","0.00",55,62,315,121,59,652
7,0,"2026-09-05T14:00:00Z",3,FALSE,0,0,0,0,0,0,0,0,0,0,0,0,0,"0.0","0.0","0.0","0.0",0,0,0,0,0,"0.00","0.00","0.00","0.00",45,0,0,0,0,653
16,0,"2026-09-13T15:30:00Z",4,FALSE,0,0,0,0,0,0,0,0,0,0,0,0,0,"0.0","0.0","0.0","0.0",0,0,0,0,0,"0.00","0.00","0.00","0.00",45,2090,5002,2898,808,653
16,0,"2026-09-06T13:00:00Z",3,FALSE,0,0,0,0,0,0,0,0,0,0,0,0,0,"0.0","0.0","0.0","0.0",0,0,0,0,0,"0.00","0.00","0.00","0.00",45,0,0,0,0,654
19,0,"2026-09-12T16:30:00Z",4,FALSE,0,0,0,0,0,0,0,0,0,0,0,0,0,"0.0","0.0","0.0","0.0",0,0,0,0,0,"0.00","0.00","0.00","0.00",45,7400,17369,9461,2061,654
5,0,"2026-09-13T13:00:00Z",4,FALSE,0,0,0,0,0,0,0,0,0,0,0,0,0,"0.0","0.0","0.0","0.0",0,0,0,0,0,"0.00","0.00","0.00","0.00",55,58,72,65,7,655
5,0,"2026-09-13T13:00:00Z",4,FALSE,0,0,0,0,0,0,0,0,0,0,0,0,0,"0.0","0.0","0.0","0.0",0,0,0,0,0,"0.00","0.00","0.00","0.00",40,2544,7468,2811,267,656
3,0,"2026-09-12T14:00:00Z",4,FALSE,0,0,0,0,0,0,0,0,0,0,0,0,0,"0.0","0.0","0.0","0.0",0,0,0,0,0,"0.00","0.00","0.00","0.00",45,0,0,0,0,657
